GEOID,town_name,population,valid_population,area_sq_km,pct_river_corridor,pct_below_poverty,percent_elderly,pct_no_vehicle,pct_renter_occupied,median_income,IFLD_EALT_weighted,EAL_per_capita,risk_eal,risk_eal_per_capita,risk_nri,need_eal,need_eal_per_capita,need_nri,gap_eal,gap_eal_per_capita,gap_nri,funding_total,funding_per_capita,claims_paid_per_capita,vulnerability,risk_eal_rel,risk_eal_per_capita_rel,risk_nri_rel,need_eal_rel,need_eal_per_capita_rel,need_nri_rel,gap_eal_rel,gap_eal_per_capita_rel,gap_nri_rel,funding_rel,claims_rel,vulnerability_rel,funding_rank,claims_rank,vulnerability_rank,risk_rank_eal,risk_rank_eal_per_capita,risk_rank_nri,need_rank_eal,need_rank_eal_per_capita,need_rank_nri,gap_rank_eal,gap_rank_eal_per_capita,gap_rank_nri,quadrant_eal,quadrant_eal_per_capita,quadrant_nri
5000100325.0,Addison town,1175,True,126.878736,3.2029443098973385,4.51063829787234,27.148936170212767,0.6122448979591837,10.816326530612246,106667.0,442982.27171678585,254.3329518025838,0.528,0.36,0.872,0.44066666666666665,0.3566666666666667,0.436,0.17866666666666664,0.09466666666666668,0.174,0.0,0.0,0.0,0.35333333333333333,0.05179282868525892,-0.2828685258964144,0.7370517928286853,-0.12217795484727756,-0.2895086321381142,0.7370517928286853,0.8208470651654557,0.39047032425535666,0.5743939153858343,-1.0,-1.0,-0.2961487383798139,0.0,0.0,0.236,0.528,0.36,0.872,0.402,0.252,0.872,0.732,0.616,0.932,zero_funding,zero_funding,zero_funding
5001900475.0,Albany town,934,True,100.965867,3.6863522451888127,8.029978586723768,16.38115631691649,1.7766497461928936,6.852791878172589,59167.0,347029.5074240688,353.3379006145504,0.36,0.644,0.888,0.3393333333333333,0.48133333333333334,0.444,0.07733333333333331,0.21933333333333332,0.182,0.0,0.0,0.0,0.31866666666666665,-0.2828685258964144,0.2828685258964143,0.7689243027888446,-0.32403718459495356,-0.04116865869853914,0.7689243027888446,0.3552920132805703,0.9046812442254389,0.6008028310357577,-1.0,-1.0,-0.3652058432934926,0.0,0.0,0.204,0.36,0.644,0.888,0.224,0.468,0.888,0.568,0.76,0.948,zero_funding,zero_funding,zero_funding
5001300860.0,Alburgh town,1832,True,122.935601,0.2669187528937311,11.431742508324083,27.074235807860266,0.6361323155216284,7.124681933842239,76429.0,715621.0876369431,478.0120301898555,0.744,0.904,0.94,0.6383333333333333,0.7183333333333333,0.47,0.3763333333333333,0.45633333333333326,0.20799999999999996,0.0,0.0,0.0,0.5326666666666666,0.4820717131474104,0.8007968127490039,0.8725099601593624,0.27158034528552455,0.4309428950863212,0.8725099601593624,1.7289857025593274,1.8822319503717717,0.6866318068980087,-1.0,-1.0,0.061088977423638946,0.0,0.0,0.536,0.744,0.904,0.94,0.752,0.88,0.94,0.948,0.952,0.982,zero_funding,zero_funding,zero_funding
5002701300.0,Andover town,616,True,74.870626,1.920217937351524,4.567699836867863,22.727272727272727,0.0,17.22689075630252,102500.0,196660.1244566445,368.2866368194795,0.18,0.676,0.046,0.216,0.464,0.023,-0.604,-0.3559999999999999,-0.7969999999999999,145285.18396558578,235.85257137270412,87.66617051863946,0.252,-0.6414342629482073,0.3466135458167332,-0.9083665338645418,-0.5697211155378485,-0.07569721115537842,-0.9083665338645418,-2.774953138208593,-1.4683884024814113,-2.6309882216236202,1.3466895393293017,0.8652817659974854,-0.49800796812748993,0.625,0.5586206896551724,0.112,0.18,0.676,0.046,0.048,0.436,0.046,0.024,0.116,0.032,overfunded,overfunded,overfunded
5000301450.0,Arlington town,2598,True,109.33977,4.52166845115246,7.459207459207459,20.70823710546574,3.4722222222222223,15.97222222222222,102308.0,630795.0101730203,498.3990098564102,0.684,0.926,0.984,0.5656666666666668,0.6866666666666668,0.492,0.02966666666666673,0.15066666666666673,-0.04400000000000004,13419.672055446856,5.165385702635433,24.722665470486824,0.44733333333333336,0.36254980079681287,0.8446215139442232,0.9601593625498008,0.12682602921646757,0.36786188579017276,0.9601593625498008,0.1362973671636674,0.6214527695895116,-0.14524903607457892,-0.21928466961502668,0.35059731634115265,-0.10889774236387761,0.03333333333333333,0.3724137931034483,0.356,0.684,0.926,0.984,0.624,0.832,0.984,0.464,0.668,0.728,underfunded,underfunded,underfunded
5002501900.0,Athens town,431,True,36.335204,1.9216920837925744,12.064965197215775,21.57772621809745,13.966480446927374,26.256983240223462,68438.0,156798.06985859032,454.9865460515933,0.128,0.864,0.964,0.4186666666666667,0.7866666666666666,0.482,0.15666666666666668,0.5246666666666666,0.21999999999999997,0.0,0.0,0.0,0.7093333333333334,-0.7450199203187251,0.7211155378486056,0.9203187250996014,-0.16600265604249664,0.5670650730411686,0.9203187250996014,0.7197726131115004,2.164085529499758,0.7262451803728939,-1.0,-1.0,0.41301460823373204,0.0,0.0,0.88,0.128,0.864,0.964,0.36,0.944,0.964,0.696,0.976,0.992,zero_funding,zero_funding,zero_funding
5000902125.0,Averill town,9,True,98.588267,1.0192742024863453,0.0,22.22222222222222,0.0,0.0,,96984.3463690566,551.9428093876337,0.052,0.956,0.446,0.11366666666666667,0.5656666666666667,0.223,-0.14833333333333334,0.30366666666666664,-0.03900000000000001,0.0,0.0,0.0,0.17533333333333334,-0.896414342629482,0.9043824701195218,-0.11155378486055778,-0.7735723771580345,0.12682602921646735,-0.11155378486055778,-0.6814868358183356,1.2525298077346123,-0.12874346379337667,-1.0,-1.0,-0.6507304116865869,0.0,0.0,0.04,0.052,0.956,0.446,0.016,0.628,0.446,0.284,0.828,0.746,zero_funding,zero_funding,zero_funding
5001102500.0,Bakersfield town,1109,True,109.247504,2.598216933304659,7.303877366997296,21.19026149684401,2.9017857142857144,6.026785714285714,83462.0,202274.5184093401,160.14780886982786,0.192,0.066,0.102,0.31,0.247,0.051,0.04799999999999999,-0.015000000000000013,-0.21100000000000002,0.0,0.0,0.0,0.428,-0.6175298804780877,-0.8685258964143426,-0.796812749003984,-0.38247011952191234,-0.5079681274900398,-0.796812749003984,0.22052607720862985,-0.0618702978573629,-0.6965351502667302,-1.0,-1.0,-0.14741035856573692,0.0,0.0,0.316,0.192,0.066,0.102,0.16,0.08,0.102,0.512,0.472,0.496,zero_funding,zero_funding,zero_funding
5002702575.0,Baltimore town,361,True,12.337991,0.0,1.10803324099723,14.681440443213296,0.0,14.17910447761194,107500.0,78949.76690109198,454.12525524922887,0.028,0.85,0.198,0.043333333333333335,0.4543333333333333,0.099,-0.21866666666666668,0.1923333333333333,-0.163,0.0,0.0,0.0,0.058666666666666666,-0.9442231075697212,0.6932270916334662,-0.6055776892430278,-0.9136786188579017,-0.09495351925630813,-0.6055776892430278,-1.0046187961726474,0.7933147080821857,-0.5380816563671896,-1.0,-1.0,-0.8831341301460823,0.0,0.0,0.012,0.028,0.85,0.198,0.008,0.412,0.198,0.24,0.724,0.574,zero_funding,zero_funding,zero_funding
5002702725.0,Barnard town,1211,True,125.020865,1.8100526199051288,2.6424442609413705,21.965317919075144,0.0,14.644351464435148,97581.0,438999.9812801732,378.88313203779,0.524,0.73,0.83,0.35533333333333333,0.4583333333333333,0.415,-0.4166666666666667,-0.3136666666666667,-0.35700000000000004,213676.5464208149,176.44636368357962,0.0,0.18666666666666668,0.043824701195219085,0.45418326693227096,0.6533864541832668,-0.2921646746347941,-0.0869853917662683,0.6533864541832668,-1.9142888646582459,-1.2937766729728544,-1.1784978608778325,1.2227462267921827,-1.0,-0.6281540504648073,0.525,0.0,0.06,0.524,0.73,0.83,0.248,0.416,0.83,0.108,0.156,0.348,overfunded,overfunded,aligned
5000502875.0,Barnet town,1855,True,113.020059,4.526264023769591,8.194070080862534,28.787061994609164,2.6631158455392807,20.10652463382157,67386.0,436102.7687185616,284.811126494528,0.516,0.482,0.422,0.5526666666666666,0.5356666666666667,0.211,0.29066666666666663,0.2736666666666667,-0.05100000000000002,0.0,0.0,68.83362743665698,0.5893333333333334,0.027888446215139417,-0.03984063745019928,-0.1593625498007969,0.10092961487383789,0.06706507304116882,-0.1593625498007969,1.335407911985592,1.1287892120198868,-0.16835683726826184,-1.0,0.7659792242817864,0.1739707835325368,0.0,0.5172413793103449,0.66,0.516,0.482,0.422,0.604,0.568,0.422,0.876,0.808,0.722,zero_funding,zero_funding,zero_funding
5002303175.0,Barre city,8412,True,10.411139,9.791220775211832,17.293777134587554,19.43651925820257,13.605276013678557,49.63361016121153,65625.0,3259147.5745900003,383.8355405240844,0.988,0.756,0.9,0.8500000000000001,0.734,0.45,0.05800000000000005,-0.05800000000000005,-0.342,1690689.982578569,200.9854948381561,1243.1512248851914,0.7120000000000001,0.9681274900398407,0.5059760956175299,0.7928286852589641,0.6932270916334664,0.4621513944223108,0.7928286852589641,0.26646900996042805,-0.2392318183818032,-1.1289811440342261,1.2783409745124552,1.9638233486065264,0.41832669322709215,0.5666666666666667,0.9241379310344827,0.888,0.988,0.756,0.9,0.972,0.892,0.9,0.536,0.432,0.368,aligned,aligned,aligned
5002303250.0,Barre town,8005,True,79.577002,1.7063308365711665,2.498438475952529,21.711430356027485,3.48936170212766,11.574468085106384,93210.0,1230303.803801,155.28257021342927,0.88,0.052,0.092,0.614,0.2,0.046,-0.07000000000000006,-0.48400000000000004,-0.638,549752.3376052097,68.67611962588504,9.57401863463994,0.34800000000000003,0.7529880478087649,-0.896414342629482,-0.8167330677290836,0.22310756972111556,-0.6015936254980079,-0.8167330677290836,-0.3216005292625856,-1.996348277530908,-2.1061110230813926,0.821514307793983,-0.01913052002647786,-0.3067729083665337,0.3416666666666667,0.1724137931034483,0.232,0.88,0.052,0.092,0.72,0.032,0.092,0.32,0.048,0.12,underfunded,low_priority,low_priority
5001903550.0,Barton town,2815,True,114.89028,3.910505441191707,10.223525100769512,23.51687388987567,8.58843537414966,26.105442176870746,66250.0,1363612.30091,474.7953693976323,0.896,0.892,0.84,0.7966666666666666,0.7946666666666666,0.42,0.18066666666666664,0.17866666666666664,-0.196,73970.98050549364,26.27743534831035,463.74888249937953,0.6973333333333334,0.7848605577689243,0.7768924302788844,0.6733067729083664,0.5869853917662682,0.5830013280212483,0.6733067729083664,0.8300356517158153,0.7369439922565885,-0.6470184334231237,0.41900029767261815,1.5542772178242967,0.38911022576361254,0.2,0.8413793103448276,0.86,0.896,0.892,0.84,0.932,0.952,0.84,0.736,0.708,0.518,underfunded,underfunded,underfunded
5001504375.0,Belvidere town,422,True,92.344843,2.514798215761445,5.450236966824645,8.767772511848342,5.670103092783505,13.917525773195877,81563.0,171171.47274888784,233.3206096770658,0.16,0.29,0.132,0.25333333333333335,0.31833333333333336,0.066,-0.5226666666666666,-0.45766666666666667,-0.71,75122.72809694207,178.01594335768263,0.0,0.3466666666666667,-0.6812749003984064,-0.4223107569721116,-0.7370517928286853,-0.4953519256308101,-0.3658698539176627,-0.7370517928286853,-2.401283951827303,-1.8877315324035375,-2.343791263930703,1.2265260747806979,-1.0,-0.30942895086321365,0.5333333333333333,0.0,0.228,0.16,0.29,0.132,0.08,0.164,0.132,0.052,0.068,0.08,overfunded,overfunded,overfunded
5000304825.0,Bennington town,15249,True,109.301751,5.3394620609014405,13.19430105306628,25.18197914617352,13.699276502044668,41.55394778232148,59446.0,4275964.820615,278.8733333734429,0.996,0.444,0.82,0.8993333333333333,0.6233333333333333,0.41,0.6373333333333333,0.3613333333333333,0.14799999999999996,0.0,0.0,9.196984097260884,0.8026666666666666,0.9840637450199203,-0.1155378486055777,0.6334661354581672,0.7915006640106241,0.24169986719787517,0.6334661354581672,2.9280962473812524,1.4903867306084737,0.4885649395235831,-1.0,-0.03423115270082244,0.5989375830013284,0.0,0.16551724137931034,0.956,0.996,0.444,0.82,0.988,0.72,0.82,1.0,0.868,0.896,zero_funding,zero_funding,zero_funding
5002105200.0,Benson town,784,True,117.622385,2.9873739869207543,5.405405405405405,26.913265306122447,1.2738853503184715,19.10828025477707,78625.0,207497.9118602079,229.0914346908872,0.204,0.266,0.266,0.31066666666666665,0.3416666666666667,0.133,0.048666666666666636,0.07966666666666666,-0.129,0.0,0.0,0.0,0.41733333333333333,-0.5936254980079682,-0.4701195219123506,-0.4701195219123506,-0.38114209827357237,-0.31938911022576355,-0.4701195219123506,0.22358893939208296,0.3286000263979938,-0.4258437648550151,-1.0,-1.0,-0.16865869853917648,0.0,0.0,0.292,0.204,0.266,0.266,0.166,0.22,0.266,0.518,0.588,0.622,zero_funding,zero_funding,zero_funding
5001105425.0,Berkshire town,1745,True,108.546393,4.735753699776037,14.639769452449569,14.84240687679083,5.683563748079877,22.734254992319507,71406.0,577460.4960929252,284.6150938489787,0.648,0.474,0.662,0.6106666666666667,0.5236666666666667,0.331,-0.18933333333333335,-0.2763333333333333,-0.46900000000000003,367999.39834710857,210.88790736223987,0.0,0.5733333333333334,0.29083665338645415,-0.055776892430278946,0.3187250996015938,0.2164674634794157,0.04316069057104932,0.3187250996015938,-0.869852860100707,-1.1397883760834178,-1.5482226799767604,1.298883704873206,-1.0,0.14209827357237748,0.5833333333333334,0.0,0.62,0.648,0.474,0.662,0.716,0.54,0.662,0.258,0.188,0.256,aligned,aligned,aligned
5002305650.0,Berlin town,2880,True,95.10994,4.257283675436794,10.894064613072878,26.77083333333333,8.368200836820083,12.05020920502092,86691.0,1202564.70484,422.10063349947353,0.872,0.824,0.732,0.818,0.7939999999999999,0.366,0.10999999999999999,0.08599999999999997,-0.34199999999999997,249621.6137382365,86.67417143688769,1920.779960351928,0.7639999999999999,0.7370517928286853,0.641434262948207,0.4581673306772909,0.6294820717131473,0.5816733067729083,0.4581673306772909,0.5053722602697768,0.3547230410488802,-1.128981144034226,0.920134204343007,2.14465796800042,0.5219123505976098,0.39166666666666666,0.993103448275862,0.924,0.872,0.824,0.732,0.956,0.948,0.732,0.634,0.6,0.372,underfunded,underfunded,underfunded
5002705800.0,Bethel town,1736,True,118.52122,5.372114209509812,8.237327188940093,25.518433179723505,3.4722222222222223,16.435185185185187,75822.0,546258.4434646665,404.8963005833882,0.636,0.808,0.766,0.6043333333333334,0.6903333333333334,0.383,-0.2636666666666666,-0.17766666666666664,-0.485,595067.961919391,342.7810840549487,512.6348967398689,0.5726666666666667,0.26693227091633465,0.6095617529880479,0.5258964143426295,0.20385126162018596,0.3751660026560426,0.5258964143426295,-1.2113619935557376,-0.7328193057327643,-1.601040511276607,1.5065998181248679,1.5958741176976914,0.1407702523240375,0.725,0.8551724137931035,0.616,0.636,0.808,0.766,0.7,0.848,0.766,0.18,0.3,0.236,aligned,aligned,aligned
5000906325.0,Bloomfield town,234,True,104.64685,3.994555877081519,2.1367521367521367,25.213675213675213,6.1946902654867255,16.8141592920354,54375.0,102930.39004982398,551.9428093876338,0.064,0.972,0.446,0.274,0.728,0.223,0.01200000000000001,0.46599999999999997,-0.03900000000000001,0.0,0.0,0.0,0.484,-0.8725099601593626,0.9362549800796811,-0.11155378486055778,-0.45418326693227085,0.45019920318725104,-0.11155378486055778,0.055131519302157525,1.9221039201020724,-0.12874346379337667,-1.0,-1.0,-0.03585657370517914,0.0,0.0,0.422,0.064,0.972,0.446,0.096,0.884,0.446,0.438,0.956,0.746,zero_funding,zero_funding,zero_funding
5000706550.0,Bolton town,1163,True,108.886029,3.2857523914526587,2.9234737747205504,6.706792777300086,0.7299270072992701,18.43065693430657,111125.0,492817.8395597608,239.3796105919532,0.592,0.312,0.652,0.3413333333333333,0.20133333333333334,0.326,-0.5426666666666666,-0.6826666666666666,-0.558,483006.0784195419,415.310471555926,522.0314002278858,0.09066666666666667,0.17928286852589626,-0.3784860557768924,0.298804780876494,-0.32005312084993365,-0.5989375830013279,0.298804780876494,-2.493169817330899,-2.81578600026398,-1.8420218665821584,1.5887622415804135,1.6034139721038407,-0.8193891102257636,0.7583333333333333,0.8620689655172413,0.016,0.592,0.312,0.652,0.236,0.036,0.652,0.04,0.012,0.176,overfunded,overfunded,aligned
5001707375.0,Bradford town,2827,True,77.397563,4.238715157666246,2.7588677893228235,22.85107888220729,4.470359572400389,12.925170068027212,108162.0,651199.979581,233.40501060250892,0.7,0.296,0.212,0.5593333333333333,0.35733333333333334,0.106,0.29733333333333334,0.09533333333333333,-0.15600000000000003,0.0,0.0,18.305494212171208,0.4186666666666667,0.394422310756972,-0.4103585657370519,-0.5776892430278884,0.11420982735723784,-0.2881806108897742,-0.5776892430278884,1.3660365338201241,0.3932201152712394,-0.5149738551735067,-1.0,0.2312398375799587,-0.16600265604249642,0.0,0.296551724137931,0.296,0.7,0.296,0.212,0.616,0.256,0.212,0.884,0.62,0.588,zero_funding,zero_funding,zero_funding
5001707600.0,Braintree town,1026,True,99.846596,3.279609634970841,11.11111111111111,33.23586744639376,1.36986301369863,18.98238747553816,79803.0,350298.54956893175,295.8075832758058,0.368,0.5,0.348,0.5073333333333334,0.5733333333333334,0.174,0.2453333333333334,0.31133333333333335,-0.08800000000000002,0.0,0.0,0.0,0.6466666666666667,-0.26693227091633465,-0.003984063745019917,-0.3067729083665339,0.01062416998672,0.14209827357237725,-0.3067729083665339,1.1271332835107755,1.2841524044172645,-0.2904980721491576,-1.0,-1.0,0.28818061088977465,0.0,0.0,0.784,0.368,0.5,0.348,0.532,0.636,0.348,0.828,0.832,0.676,zero_funding,zero_funding,zero_funding
5002107750.0,Brandon town,4120,True,103.493889,9.304929801157176,14.156700024408105,22.25728155339806,2.701115678214915,15.736934820904288,64180.0,899935.325728,218.16613957042424,0.836,0.2,0.668,0.7146666666666667,0.3966666666666667,0.334,-0.2493333333333333,-0.5673333333333332,-0.6299999999999999,3894651.634690005,945.3037948276713,22.34295036056661,0.5933333333333334,0.6653386454183265,-0.6015936254980079,0.33067729083665354,0.4236387782204516,-0.20982735723771573,0.33067729083665354,-1.145510456611494,-2.340072154516257,-2.0797021074314688,1.9412020363834444,0.3102223326576541,0.18193891102257664,0.925,0.33793103448275863,0.668,0.836,0.2,0.668,0.856,0.324,0.668,0.204,0.032,0.128,aligned,overfunded,aligned
5002507900.0,Brattleboro town,12122,True,84.538868,4.02485155074193,17.75103105799175,25.540339877907936,9.903688896965292,41.468290023623474,58241.0,3264232.16127,268.1094177634497,0.992,0.428,0.72,0.9119999999999999,0.63,0.36,0.06799999999999995,-0.21399999999999997,-0.484,3423523.036915214,282.42229309645387,133.79050614879762,0.832,0.9760956175298805,-0.14741035856573703,0.43426294820717115,0.8167330677290836,0.2549800796812749,0.43426294820717115,0.31241194271222544,-0.8826829160983765,-1.5977393968203666,1.4237331233366857,1.0394806573462003,0.6573705179282872,0.675,0.6551724137931034,0.97,0.992,0.428,0.72,0.996,0.732,0.72,0.552,0.272,0.24,aligned,aligned,aligned
5002708275.0,Bridgewater town,980,True,128.512914,2.908058457478398,14.754098360655735,30.20408163265306,6.971677559912854,14.596949891067537,70272.0,465287.331636119,598.0812560959793,0.552,0.988,0.386,0.7066666666666668,0.9246666666666667,0.193,-0.2613333333333332,-0.043333333333333224,-0.7749999999999999,939270.7314499668,958.4395218877212,1405.5816608346847,0.8613333333333334,0.09960159362549814,0.9681274900398407,-0.2310756972111554,0.40770252324037215,0.8419654714475433,-0.2310756972111554,-1.200641975913651,-0.1787364160323811,-2.5583637035863305,1.9471189927078445,2.014858531936665,0.7158034528552462,0.9333333333333333,0.9379310344827586,0.988,0.552,0.988,0.386,0.844,1.0,0.386,0.188,0.452,0.06,aligned,aligned,overfunded
5000108575.0,Bridport town,1235,True,119.845671,3.367871229790508,4.4189852700491,24.291497975708506,1.509433962264151,17.92452830188679,83214.0,248277.64694873043,185.6518866374883,0.26,0.134,0.852,0.31066666666666665,0.24766666666666667,0.426,0.048666666666666636,-0.014333333333333337,0.16399999999999998,0.0,0.0,0.0,0.36133333333333334,-0.4820717131474104,-0.7330677290836654,0.6972111553784861,-0.38114209827357237,-0.5066401062416999,0.6972111553784861,0.22358893939208296,-0.05912050684148007,0.54138277082343,-1.0,-1.0,-0.28021248339973426,0.0,0.0,0.244,0.26,0.134,0.852,0.166,0.084,0.852,0.518,0.476,0.912,zero_funding,zero_funding,zero_funding
5000908725.0,Brighton town,1167,True,140.7561,2.8782513992541148,22.022279348757497,27.16366752356469,11.732851985559568,48.91696750902527,47375.0,485219.327823,419.3771199853069,0.58,0.82,0.04,0.732,0.852,0.02,0.47,0.59,-0.24200000000000002,0.0,0.0,0.0,0.884,0.15537848605577675,0.6334661354581672,-0.9203187250996016,0.4581673306772909,0.6972111553784861,-0.9203187250996016,2.159317839334501,2.4335650490562717,-0.7988696984101834,-1.0,-1.0,0.7609561752988052,0.0,0.0,0.996,0.58,0.82,0.04,0.868,0.988,0.04,0.976,0.996,0.452,zero_funding,zero_funding,zero_funding
5000109025.0,Bristol town,3778,True,106.72912,2.9245375060532544,10.08515167642363,21.94282689253573,6.125738850080602,28.694250403009136,74620.0,801320.926477,211.8775585608144,0.78,0.192,0.408,0.7026666666666668,0.40866666666666673,0.204,-0.09333333333333327,-0.3873333333333333,-0.5920000000000001,796625.3759934192,210.85901958534123,4.662937662964892,0.6253333333333334,0.5537848605577689,-0.6175298804780877,-0.1872509960159363,0.3997343957503323,-0.18592297476759612,-0.1872509960159363,-0.42880070568344675,-1.5976285802279027,-1.954259758094333,1.2988251841970202,-0.2788451450824839,0.24568393094289553,0.575,0.1103448275862069,0.728,0.78,0.192,0.408,0.84,0.328,0.408,0.304,0.096,0.148,aligned,overfunded,overfunded
5001709325.0,Brookfield town,1486,True,106.797936,2.375126446502851,6.3257065948856,29.67698519515477,2.358490566037736,12.10691823899371,98500.0,374725.8370400684,295.80758327580577,0.432,0.496,0.352,0.4846666666666667,0.5166666666666666,0.176,0.22266666666666668,0.2546666666666666,-0.08600000000000002,0.0,0.0,0.0,0.5373333333333333,-0.1394422310756972,-0.01195219123505975,-0.2988047808764941,-0.03452855245683928,0.02921646746347939,-0.2988047808764941,1.0229959692733666,1.0504201680672267,-0.28389584323667677,-1.0,-1.0,0.07038512616201875,0.0,0.0,0.55,0.432,0.496,0.352,0.484,0.532,0.352,0.792,0.792,0.68,zero_funding,zero_funding,zero_funding
5002509475.0,Brookline town,531,True,33.577425,5.591928735067947,6.214689265536723,19.58568738229755,5.660377358490567,15.09433962264151,80833.0,144843.10044350507,454.9865460515933,0.104,0.864,0.964,0.2753333333333334,0.6553333333333333,0.482,-0.48466666666666663,-0.10466666666666669,-0.278,74956.06065897322,141.16018956492132,1492.5094277160724,0.4466666666666667,-0.7928286852589641,0.7211155378486056,0.9203187250996014,-0.4515272244355909,0.30544488711819384,0.9203187250996014,-2.2267008073704715,-0.4317171894935986,-0.9177098188348388,1.1275839900785658,2.0397987797560275,-0.11022576361221748,0.5,0.9517241379310345,0.352,0.104,0.864,0.964,0.1,0.78,0.964,0.072,0.368,0.404,low_priority,underfunded,underfunded
5001909850.0,Brownington town,1144,True,73.453512,3.658442417130851,21.503496503496503,11.713286713286712,5.365853658536586,19.02439024390244,75556.0,255166.5531404057,338.33498239229846,0.276,0.612,0.396,0.42933333333333334,0.5973333333333333,0.198,0.16733333333333333,0.33533333333333326,-0.064,0.0,0.0,0.0,0.5826666666666667,-0.45019920318725093,0.21912350597609564,-0.2111553784860557,-0.1447543160690571,0.18990703851261603,-0.2111553784860557,0.7687784080467515,1.3831448809890448,-0.21127132519938732,-1.0,-1.0,0.1606905710491371,0.0,0.0,0.64,0.276,0.612,0.396,0.376,0.66,0.396,0.712,0.848,0.708,zero_funding,zero_funding,zero_funding
5000910075.0,Brunswick town,109,True,65.574468,3.895645343061864,4.587155963302752,39.44954128440367,0.0,4.878048780487805,128125.0,64503.29606478624,551.9428093876337,0.008,0.956,0.446,0.21066666666666667,0.6846666666666666,0.223,-0.05133333333333334,0.42266666666666663,-0.03900000000000001,0.0,0.0,0.0,0.41333333333333333,-0.9840637450199203,0.9043824701195218,-0.11155378486055778,-0.5803452855245683,0.3638778220451526,-0.11155378486055778,-0.23584038812589592,1.7433675040696908,-0.12874346379337667,-1.0,-1.0,-0.1766268260292163,0.0,0.0,0.288,0.008,0.956,0.446,0.044,0.828,0.446,0.356,0.928,0.746,zero_funding,zero_funding,zero_funding
5000710300.0,Buels gore,19,True,12.955198,0.0030213344789984,0.0,73.68421052631578,7.6923076923076925,0.0,71250.0,110986.80986517186,489.88900333010696,0.072,0.916,0.314,0.3506666666666666,0.7726666666666666,0.157,0.08866666666666662,0.5106666666666666,-0.10500000000000001,0.0,0.0,0.0,0.6293333333333333,-0.8565737051792829,0.8247011952191237,-0.3745019920318725,-0.30146082337317404,0.5391766268260292,-0.3745019920318725,0.4073606703992745,2.1063399181662192,-0.34661701790524485,-1.0,-1.0,0.25365205843293515,0.0,0.0,0.732,0.072,0.916,0.314,0.24,0.928,0.314,0.58,0.968,0.656,zero_funding,zero_funding,zero_funding
5000510450.0,Burke town,1317,True,87.282659,4.0586076252744725,10.02277904328018,21.716021260440392,3.0249110320284696,11.387900355871883,87143.0,327745.5227798977,255.3415484501348,0.332,0.378,0.326,0.42933333333333334,0.45233333333333337,0.163,0.16733333333333333,0.19033333333333335,-0.099,0.0,0.0,11.670454770697653,0.5266666666666667,-0.33864541832669315,-0.24701195219123506,-0.350597609561753,-0.1447543160690571,-0.09893758300132793,-0.350597609561753,0.7687784080467515,0.7850653350345376,-0.3268103311678023,-1.0,0.05609538701390915,0.04913678618857942,0.0,0.2206896551724138,0.518,0.332,0.378,0.326,0.376,0.408,0.326,0.712,0.72,0.666,zero_funding,zero_funding,zero_funding
5000710675.0,Burlington city,44675,True,39.763794,8.667156576596845,20.45349249175592,12.13430330162283,13.168418647166364,58.48377513711152,71109.0,6560159.681051,146.6842492912148,1.0,0.032,0.216,0.8286666666666667,0.3446666666666667,0.108,0.22866666666666668,-0.2553333333333333,-0.492,893071.3835506329,19.99040589928669,1.8713903457299863,0.6573333333333333,0.9920318725099602,-0.9362549800796813,-0.5697211155378485,0.6507304116865871,-0.3134130146082337,-0.5697211155378485,1.0505617289244453,-1.0531699590831096,-1.62414831247029,0.3065492005364798,-0.5613052977579065,0.309428950863214,0.16666666666666666,0.034482758620689655,0.798,1.0,0.032,0.216,0.96,0.232,0.216,0.808,0.216,0.228,underfunded,low_priority,low_priority
5002311125.0,Cabot town,1579,True,99.495007,2.139552389261973,9.01481004507405,21.02596580113996,2.1015761821366024,16.28721541155867,77031.0,421765.7389064097,265.9202930455185,0.496,0.408,0.774,0.4686666666666667,0.42466666666666664,0.387,-0.42333333333333334,-0.4673333333333334,-0.505,713727.2920636332,452.0122178997044,103.8456396801149,0.4413333333333333,-0.01195219123505975,-0.1872509960159363,0.5418326693227091,-0.06640106241699861,-0.154050464807437,0.5418326693227091,-1.9449174864927776,-1.9276035021338382,-1.6670628004014156,1.6250254078910067,0.9349918536053996,-0.12084993359893748,0.775,0.6068965517241379,0.328,0.496,0.408,0.774,0.46,0.352,0.774,0.1,0.056,0.208,overfunded,overfunded,aligned
5002311350.0,Calais town,1713,True,99.855026,3.082316108660112,8.756567425569177,21.599532983070635,0.8902077151335311,7.566765578635016,100625.0,233944.21215609857,182.4967717033604,0.224,0.11,0.178,0.306,0.24899999999999997,0.089,0.043999999999999984,-0.01300000000000004,-0.17300000000000001,0.0,0.0,18.539206792523853,0.38799999999999996,-0.5537848605577689,-0.7808764940239044,-0.6454183266932272,-0.3904382470119522,-0.5039840637450199,-0.6454183266932272,0.20214890410791067,-0.05362092480971463,-0.5710928009295939,-1.0,0.2362445521486718,-0.22709163346613537,0.0,0.30344827586206896,0.26,0.224,0.11,0.178,0.15,0.088,0.178,0.502,0.48,0.564,zero_funding,zero_funding,zero_funding
5001511500.0,Cambridge town,3767,True,164.362072,5.732905696693148,6.663127156888771,14.414653570480487,6.7807351077313065,29.721166032953107,72344.0,1992599.24422,519.8537031620141,0.948,0.936,0.948,0.6873333333333334,0.6813333333333333,0.474,-0.2406666666666667,-0.2466666666666667,-0.45400000000000007,2449633.726231945,650.28768946959,488.01264462425456,0.4266666666666667,0.8884462151394421,0.8645418326693228,0.8884462151394421,0.36918990703851273,0.357237715803453,0.8884462151394421,-1.1056932482266029,-1.0174226758766336,-1.498705963133154,1.7808432292366412,1.5754430731458036,-0.15006640106241675,0.85,0.8482758620689655,0.31,0.948,0.936,0.948,0.818,0.824,0.948,0.214,0.232,0.272,aligned,aligned,aligned
5000911800.0,Canaan town,810,True,86.528096,3.0665979065529645,10.37037037037037,28.51851851851852,2.604166666666667,8.59375,55606.0,85053.67103043299,551.9428093876337,0.04,0.956,0.446,0.3406666666666667,0.7986666666666666,0.223,0.07866666666666666,0.5366666666666666,-0.03900000000000001,0.0,0.0,579.1103586432296,0.6413333333333333,-0.9203187250996016,0.9043824701195218,-0.11155378486055778,-0.3213811420982735,0.5909694555112881,-0.11155378486055778,0.36141773764747676,2.2135817677856484,-0.12874346379337667,-1.0,1.646492068401603,0.27755644090305465,0.0,0.8758620689655172,0.768,0.04,0.956,0.446,0.232,0.956,0.446,0.576,0.98,0.746,zero_funding,zero_funding,zero_funding
5002111950.0,Castleton town,4453,True,109.798608,3.2591532406705843,12.469033856317091,20.70514260049405,5.2916416115454,21.04630186410102,73854.0,820379.300773,184.1066653440305,0.784,0.116,0.568,0.698,0.364,0.284,0.006000000000000005,-0.32799999999999996,-0.408,338658.7178948049,76.05181178863799,10.086699842475907,0.612,0.5617529880478087,-0.7689243027888446,0.13147410358565725,0.39043824701195207,-0.2749003984063745,0.13147410358565725,0.027565759651078763,-1.352897179814334,-1.346854698146094,0.8647017977169316,0.0005610083092915108,0.21912350597609587,0.35833333333333334,0.18620689655172415,0.712,0.784,0.116,0.568,0.836,0.284,0.568,0.432,0.144,0.316,underfunded,low_priority,underfunded
5002712250.0,Cavendish town,1242,True,102.618201,3.5327859320045154,6.290849673202614,23.59098228663446,2.178649237472767,18.7363834422658,89063.0,657187.2718579081,454.12525524922887,0.708,0.85,0.198,0.5673333333333334,0.6383333333333333,0.099,0.30533333333333335,0.3763333333333333,-0.163,0.0,0.0,1714.0284223288943,0.4266666666666667,0.41035856573705165,0.6932270916334662,-0.6055776892430278,0.1301460823373175,0.27158034528552455,-0.6055776892430278,1.4027908800215625,1.5522570284658366,-0.5380816563671896,-1.0,2.097318800533464,-0.15006640106241675,0.0,0.9724137931034482,0.31,0.708,0.85,0.198,0.632,0.748,0.198,0.896,0.884,0.574,zero_funding,zero_funding,zero_funding
5001913150.0,Charleston town,936,True,99.805906,3.883551989555861,12.286324786324784,37.71367521367522,3.2327586206896552,12.93103448275862,49286.0,370200.3093711656,467.2925046526868,0.42,0.884,0.556,0.5940000000000001,0.8260000000000001,0.278,-0.2619999999999999,-0.029999999999999916,-0.578,306030.70425662445,326.9558806160518,0.0,0.7680000000000001,-0.1633466135458168,0.7609561752988048,0.10756972111553798,0.1832669322709164,0.6454183266932272,0.10756972111553798,-1.2037048380971045,-0.12374059571472534,-1.9080441557069667,1.4863727845852495,-1.0,0.52988047808765,0.7,0.0,0.936,0.42,0.884,0.556,0.684,0.976,0.556,0.184,0.46,0.164,aligned,aligned,aligned
5000713300.0,Charlotte town,3916,True,130.437998,2.4610479858434373,3.702757916241063,22.318692543411643,6.585500830105147,4.537908135030437,144375.0,763859.940069,195.26072087653367,0.764,0.172,0.108,0.6206666666666667,0.32466666666666666,0.054,0.3586666666666667,0.06266666666666665,-0.20800000000000002,0.0,0.0,48.9487024657728,0.47733333333333333,0.5219123505976095,-0.6573705179282869,-0.7848605577689243,0.23638778220451528,-0.35325365205843295,-0.7848605577689243,1.647819854697818,0.2584803554929825,-0.6866318068980088,-1.0,0.6266016200075881,-0.04913678618857886,0.0,0.4482758620689655,0.402,0.764,0.172,0.108,0.73,0.172,0.108,0.938,0.548,0.5,zero_funding,zero_funding,zero_funding
5001713525.0,Chelsea town,1223,True,103.855789,3.082226321388867,14.333333333333334,29.435813573180702,4.174573055028463,18.785578747628083,65913.0,406792.1893708271,386.89330243193353,0.48,0.776,0.91,0.6259999999999999,0.774,0.455,-0.27400000000000013,-0.126,-0.445,609869.2567721722,498.6666040655537,301.2593722353941,0.7719999999999999,-0.043824701195219196,0.545816733067729,0.8127490039840639,0.24701195219123484,0.5418326693227091,0.8127490039840639,-1.258836357399263,-0.5197105020018479,-1.4689959330269902,1.6670976140221105,1.3753501634159027,0.5378486055776894,0.7916666666666666,0.8,0.94,0.48,0.776,0.91,0.74,0.936,0.91,0.176,0.348,0.288,aligned,aligned,aligned
5002713675.0,Chester town,2992,True,144.960621,4.869170006818224,6.951871657754011,29.77941176470588,4.294478527607362,13.34355828220859,62125.0,1453716.92206,483.7660306356073,0.908,0.908,0.804,0.772,0.772,0.402,-0.16400000000000003,-0.16400000000000003,-0.534,1993018.210827244,666.115712174881,166.12393470493348,0.636,0.8087649402390438,0.8087649402390438,0.6015936254980081,0.5378486055776892,0.5378486055776892,0.6015936254980081,-0.7534640971294857,-0.6764485899071673,-1.762795119632388,1.7911494867909443,1.1289059345925576,0.26693227091633487,0.8666666666666667,0.6827586206896552,0.75,0.908,0.908,0.804,0.904,0.924,0.804,0.28,0.316,0.188,aligned,aligned,aligned
5002114350.0,Chittenden town,1318,True,191.557635,1.4195021503539214,6.600910470409711,21.775417298937786,3.732809430255403,6.4833005893909625,106250.0,480424.7950569228,352.5880773136128,0.576,0.62,0.142,0.5193333333333333,0.5413333333333333,0.071,-0.22866666666666668,-0.20666666666666667,-0.677,180538.44671545303,136.9790946247747,0.0,0.4626666666666666,0.14741035856573692,0.2350597609561753,-0.7171314741035857,0.03452855245683928,0.07835325365205836,-0.7171314741035857,-1.0505617289244453,-0.8524352149236659,-2.2348544868747693,1.1147710132613131,-1.0,-0.07835325365205836,0.475,0.0,0.38,0.576,0.62,0.142,0.548,0.58,0.142,0.232,0.276,0.092,underfunded,underfunded,low_priority
5002114500.0,Clarendon town,2460,True,81.589038,8.394424455875013,6.016260162601626,27.39837398373984,7.295719844357977,15.66147859922179,59609.0,557834.277006,231.27457587313435,0.644,0.276,0.256,0.6426666666666667,0.45866666666666667,0.128,0.07466666666666677,-0.10933333333333328,-0.43999999999999995,36688.30982582727,14.91394708366962,0.0,0.6413333333333333,0.2828685258964143,-0.45019920318725093,-0.4900398406374502,0.2802124833997346,-0.08632138114209831,-0.4900398406374502,0.34304056454675813,-0.45096572660477785,-1.4524903607457877,0.18771347876672095,-1.0,0.27755644090305465,0.1,0.0,0.768,0.644,0.276,0.256,0.76,0.42,0.256,0.56,0.36,0.292,underfunded,low_priority,low_priority
5000714875.0,Colchester town,17648,True,156.134493,5.204381071180843,6.9671627106137,17.94537624660018,6.316976875352511,25.87422447828539,97891.0,2186657.1666820417,124.55802003155743,0.956,0.012,0.076,0.7086666666666667,0.23666666666666666,0.038,0.08866666666666667,-0.3833333333333333,-0.582,488858.821279071,27.700522511280088,12.504711595904356,0.4613333333333333,0.9043824701195218,-0.9760956175298805,-0.848605577689243,0.41168658698539184,-0.5285524568393094,-0.848605577689243,0.4073606703992747,-1.5811298341326059,-1.9212486135319284,0.4408280899438153,0.08261585628693524,-0.0810092961487382,0.20833333333333334,0.23448275862068965,0.376,0.956,0.012,0.076,0.852,0.068,0.076,0.584,0.1,0.16,underfunded,low_priority,low_priority
5000915250.0,Concord town,1145,True,138.484539,3.435459471939532,13.187772925764191,27.074235807860266,0.7722007722007722,6.370656370656371,73304.0,193166.1562655902,297.48425362475444,0.176,0.528,0.748,0.3736666666666666,0.5496666666666666,0.374,0.11166666666666658,0.2876666666666666,0.11199999999999999,0.0,0.0,0.0,0.5713333333333332,-0.6494023904382471,0.05179282868525892,0.4900398406374502,-0.255644090305445,0.09495351925630802,0.4900398406374502,0.5130294157284094,1.1865348233534252,0.3697248190989278,-1.0,-1.0,0.13811420982735734,0.0,0.0,0.608,0.176,0.528,0.748,0.288,0.598,0.748,0.644,0.82,0.882,zero_funding,zero_funding,zero_funding
5001715700.0,Corinth town,1539,True,125.230211,3.2305027606564582,12.385919165580182,27.29044834307992,0.7836990595611284,11.285266457680253,89167.0,428625.2930358339,325.2467789886963,0.508,0.598,0.378,0.54,0.585,0.189,0.278,0.32299999999999995,-0.07300000000000001,0.0,0.0,3.4893345031427687,0.572,0.01195219123505975,0.19123505976095623,-0.24701195219123506,0.07569721115537864,0.16533864541832655,-0.24701195219123506,1.2772135304999817,1.332273747195213,-0.2409813553055512,-1.0,-0.3754341351771243,0.1394422310756973,0.0,0.0896551724137931,0.612,0.508,0.598,0.378,0.592,0.652,0.378,0.868,0.844,0.698,zero_funding,zero_funding,zero_funding
5000116000.0,Cornwall town,1208,True,74.430607,3.937010571839501,0.8340283569641368,25.66225165562913,1.016260162601626,5.691056910569105,114583.0,154186.10152177274,185.6518866374883,0.12,0.134,0.852,0.20933333333333334,0.21633333333333335,0.426,-0.05266666666666667,-0.04566666666666666,0.16399999999999998,0.0,0.0,0.0,0.2986666666666667,-0.7609561752988048,-0.7330677290836654,0.6972111553784861,-0.5830013280212483,-0.5690571049136786,0.6972111553784861,-0.24196611249280225,-0.1883606845879713,0.54138277082343,-1.0,-1.0,-0.40504648074369176,0.0,0.0,0.176,0.12,0.134,0.852,0.04,0.052,0.852,0.352,0.448,0.912,zero_funding,zero_funding,zero_funding
5001916150.0,Coventry town,917,True,72.030244,7.936158653036056,19.629225736095965,22.464558342420936,4.761904761904762,17.195767195767196,59342.0,250228.27531304932,338.33498239229846,0.272,0.612,0.396,0.4913333333333333,0.6613333333333333,0.198,0.22933333333333328,0.3993333333333333,-0.064,0.0,0.0,227.8778896111004,0.7106666666666666,-0.45816733067729076,0.21912350597609564,-0.2111553784860557,-0.021248339973439667,0.3173970783532536,-0.2111553784860557,1.0536245911078983,1.647124818513793,-0.21127132519938732,-1.0,1.2596883840069002,0.41567065073041176,0.0,0.7586206896551724,0.884,0.272,0.612,0.396,0.504,0.796,0.396,0.812,0.912,0.708,zero_funding,zero_funding,zero_funding
5001916300.0,Craftsbury town,1352,True,102.453262,4.855916021013278,6.610878661087866,25.7396449704142,5.692599620493358,17.4573055028463,83672.0,352082.1652011317,353.33790061455034,0.376,0.636,0.888,0.486,0.616,0.444,0.22399999999999998,0.354,0.182,0.0,0.0,0.0,0.596,-0.250996015936255,0.26693227091633465,0.7689243027888446,-0.031872509960159445,0.22709163346613548,0.7689243027888446,1.0291216936402727,1.460139029433763,0.6008028310357577,-1.0,-1.0,0.18725099601593653,0.0,0.0,0.672,0.376,0.636,0.888,0.494,0.708,0.888,0.802,0.864,0.948,zero_funding,zero_funding,zero_funding
5002116825.0,Danby town,1133,True,107.927569,2.2461430847753103,9.355692850838482,24.271844660194176,3.4907597535934287,10.677618069815194,77321.0,227365.29159480185,314.2093142627345,0.212,0.586,0.16,0.4006666666666666,0.5876666666666666,0.08,-0.28733333333333333,-0.10033333333333339,-0.608,82513.44810284571,72.82740344470054,11.3802988248692,0.5893333333333333,-0.5776892430278884,0.1673306772908365,-0.6812749003984064,-0.20185922974767612,0.17065073041168644,-0.6812749003984064,-1.3200936010683262,-0.4138435478903606,-2.0070775893941795,0.8463538064897878,0.04646033934249094,0.1739707835325366,0.35,0.20689655172413793,0.656,0.212,0.586,0.16,0.336,0.656,0.16,0.168,0.376,0.132,low_priority,underfunded,low_priority
5000517125.0,Danville town,2360,True,158.059572,2.731115095014868,5.2542372881355925,24.70338983050848,8.740601503759398,15.88345864661654,70946.0,415072.993342,178.37257986334336,0.484,0.104,0.08,0.534,0.344,0.04,0.272,0.08199999999999996,-0.222,0.0,0.0,0.0,0.584,-0.03585657370517936,-0.7928286852589641,-0.8406374501992032,0.06374501992031889,-0.31474103585657376,-0.8406374501992032,1.2496477708489029,0.3382242949535834,-0.7328474092853748,-1.0,-1.0,0.1633466135458168,0.0,0.0,0.644,0.484,0.104,0.08,0.576,0.224,0.08,0.86,0.592,0.484,zero_funding,zero_funding,zero_funding
5001917350.0,Derby town,4537,True,148.528212,1.6437714846234397,7.370517928286853,27.176548379986777,5.530575539568345,15.33273381294964,80250.0,1279197.658586,279.36179484297884,0.888,0.448,0.248,0.7633333333333333,0.5433333333333333,0.124,0.10333333333333328,-0.1166666666666667,-0.536,271011.04286165675,59.733533802437016,65.56884213773175,0.6386666666666666,0.7689243027888446,-0.10756972111553786,-0.5059760956175299,0.5205843293492696,0.08233731739707828,-0.5059760956175299,0.4747436384352447,-0.48121342777948894,-1.769397348544869,0.7625570515021938,0.746066113387925,0.27224435590969476,0.2916666666666667,0.496551724137931,0.758,0.888,0.448,0.248,0.9,0.584,0.248,0.616,0.352,0.184,underfunded,underfunded,low_priority
5000317725.0,Dorset town,2092,True,123.027039,2.150206311212328,11.233269598470365,21.89292543021033,2.505966587112172,9.307875894988069,111250.0,541610.4386797684,371.68893749205233,0.628,0.682,0.798,0.5793333333333333,0.6063333333333334,0.399,-0.30866666666666676,-0.2816666666666666,-0.489,911269.28556679,435.5971728330736,65.78296303908328,0.5306666666666666,0.250996015936255,0.35856573705179295,0.5896414342629483,0.15405046480743678,0.20783532536520588,0.5896414342629483,-1.418105190938829,-1.16178670421048,-1.6142449691015688,1.6091839994322945,0.7474017376599262,0.05710491367861903,0.7666666666666667,0.503448275862069,0.528,0.628,0.682,0.798,0.652,0.692,0.798,0.144,0.184,0.232,aligned,aligned,aligned
5002517875.0,Dover town,1466,True,92.863594,2.0948424704338944,7.348901098901099,29.46793997271487,3.443328550932568,18.938307030129124,52313.0,438757.428872,244.0252663359288,0.52,0.336,0.284,0.5666666666666667,0.4746666666666667,0.142,0.30466666666666664,0.21266666666666667,-0.12000000000000002,0.0,0.0,132.11758067697767,0.6133333333333333,0.03585657370517925,-0.3306772908366533,-0.4342629482071714,0.1288180610889773,-0.05444887118193886,-0.4342629482071714,1.399728017838109,0.8771833340666111,-0.39613373474885133,-1.0,1.0342864392456081,0.2217795484727758,0.0,0.6482758620689655,0.716,0.52,0.336,0.284,0.628,0.464,0.284,0.892,0.756,0.636,zero_funding,zero_funding,zero_funding
5002518325.0,Dummerston town,2090,True,80.124784,3.260615123558762,4.497607655502392,24.30622009569378,0.0,7.111111111111111,101696.0,489633.338667,262.5379831994638,0.584,0.4,0.172,0.42933333333333334,0.3373333333333334,0.086,0.16733333333333333,0.07533333333333336,-0.17600000000000002,0.0,0.0,0.0,0.27466666666666667,0.1633466135458166,-0.20318725099601587,-0.6573705179282869,-0.1447543160690571,-0.32802124833997337,-0.6573705179282869,0.7687784080467515,0.3107263847947558,-0.5809961442983153,-1.0,-1.0,-0.45285524568393076,0.0,0.0,0.146,0.584,0.4,0.172,0.376,0.212,0.172,0.712,0.58,0.556,zero_funding,zero_funding,zero_funding
5002318550.0,Duxbury town,1548,True,111.81433,2.853961480637399,2.658884565499352,13.049095607235142,2.564102564102564,17.628205128205128,105208.0,644175.0886961068,392.924967763366,0.696,0.794,0.574,0.44666666666666666,0.4956666666666667,0.287,-0.28933333333333333,-0.2403333333333333,-0.449,187068.0813054003,120.84501376317849,413.0565009695806,0.19733333333333336,0.38645418326693215,0.5816733067729085,0.143426294820717,-0.11022576361221781,-0.012616201859229736,0.143426294820717,-1.3292821876186858,-0.9912996612257468,-1.4822003908519519,1.0613975114814926,1.5062424016800913,-0.6069057104913678,0.45,0.8275862068965517,0.068,0.696,0.794,0.574,0.416,0.5,0.574,0.16,0.24,0.276,low_priority,low_priority,underfunded
5000921250.0,East Haven town,225,True,96.600463,1.806549101296092,16.0,18.666666666666668,6.086956521739131,6.086956521739131,38438.0,134760.6783393347,297.48425362475444,0.092,0.528,0.738,0.361,0.579,0.369,0.09899999999999998,0.31699999999999995,0.10699999999999998,0.0,0.0,0.0,0.63,-0.8167330677290836,0.05179282868525892,0.4701195219123506,-0.28087649402390436,0.1533864541832668,0.4701195219123506,0.4548350342427991,1.307525628052268,0.35321924681772565,-1.0,-1.0,0.2549800796812751,0.0,0.0,0.736,0.092,0.528,0.738,0.26,0.648,0.738,0.6,0.84,0.874,zero_funding,zero_funding,zero_funding
5002321925.0,East Montpelier town,2612,True,82.887226,4.578437528601112,2.14395099540582,22.090352220520675,1.0434782608695654,17.82608695652174,92778.0,343664.703333,132.58669110069445,0.356,0.02,0.012,0.3,0.132,0.006,0.03799999999999998,-0.13,-0.256,0.0,0.0,174.0633521686763,0.244,-0.29083665338645426,-0.9601593625498008,-0.9760956175298805,-0.40239043824701193,-0.7370517928286853,-0.9760956175298805,0.1745831444568319,-0.5362092480971447,-0.8450853007975493,-1.0,1.1482090089328114,-0.5139442231075697,0.0,0.7034482758620689,0.108,0.356,0.02,0.012,0.134,0.004,0.012,0.486,0.344,0.432,zero_funding,zero_funding,zero_funding
5001523500.0,Eden town,1351,True,165.523226,1.760723889947365,6.096654275092937,11.621021465581052,0.3502626970227671,22.59194395796848,83578.0,306767.7421394684,233.32060967706576,0.32,0.284,0.132,0.24,0.22199999999999998,0.066,-0.30800000000000005,-0.32600000000000007,-0.48200000000000004,9229.256504481436,6.83142598407212,0.0,0.16,-0.36254980079681276,-0.4342629482071714,-0.7370517928286853,-0.5219123505976095,-0.5577689243027889,-0.7370517928286853,-1.4150423287553755,-1.3446478067666863,-1.591137167907886,-0.11661978957577324,-1.0,-0.6812749003984063,0.058333333333333334,0.0,0.032,0.32,0.284,0.132,0.06,0.056,0.132,0.148,0.148,0.244,low_priority,low_priority,low_priority
5001523725.0,Elmore town,964,True,102.242602,1.1062503259160892,3.319502074688797,14.626556016597512,1.7500000000000002,7.249999999999999,98750.0,398098.0443211962,310.8498762249609,0.472,0.58,0.342,0.3253333333333333,0.3793333333333333,0.171,0.0633333333333333,0.11733333333333329,-0.091,0.0,0.0,0.0,0.17866666666666667,-0.05976095617529886,0.15537848605577675,-0.31872509960159356,-0.351925630810093,-0.24435590969455523,-0.31872509960159356,0.2909719074280532,0.4839632187953714,-0.30040141551787886,-1.0,-1.0,-0.644090305444887,0.0,0.0,0.044,0.472,0.58,0.342,0.2,0.308,0.342,0.54,0.656,0.672,zero_funding,zero_funding,zero_funding
5001124050.0,Enosburgh town,2804,True,124.545968,5.760930518300083,13.943355119825709,17.902995720399428,7.540702656383891,24.25021422450728,63828.0,662607.4678070749,284.6150938489787,0.712,0.474,0.662,0.6686666666666666,0.5496666666666666,0.331,-0.06333333333333335,-0.18233333333333335,-0.40099999999999997,333052.4216613259,118.77761114883236,4.654918526775378,0.6253333333333333,0.4183266932270915,-0.055776892430278946,0.3187250996015938,0.3320053120849933,0.09495351925630802,0.3187250996015938,-0.29097190742805346,-0.752067842843944,-1.323746896952411,1.0540523755567017,-0.2794345140384007,0.2456839309428953,0.44166666666666665,0.10344827586206896,0.724,0.712,0.474,0.662,0.8,0.598,0.662,0.328,0.292,0.324,underfunded,underfunded,underfunded
5000724400.0,Essex Junction city,10803,True,12.332953,14.218976801605956,9.530438010393468,14.875497546977693,5.965133375341314,40.705734089477005,89257.0,1177694.550451,110.97762442998491,0.864,0.004,0.052,0.6806666666666666,0.25066666666666665,0.026,0.41866666666666663,-0.011333333333333362,-0.23600000000000002,0.0,0.0,0.0,0.49733333333333335,0.7211155378486056,-0.9920318725099602,-0.896414342629482,0.3559096945551128,-0.50066401062417,-0.896414342629482,1.9234774512086052,-0.0467464472700076,-0.7790630116727408,-1.0,-1.0,-0.009296148738379584,0.0,0.0,0.454,0.864,0.004,0.052,0.81,0.096,0.052,0.968,0.484,0.46,zero_funding,zero_funding,zero_funding
5000724175.0,Essex town,11516,True,89.759588,5.637134804157251,4.987770789657582,19.94616186175756,5.883550488599348,24.08387622149837,110199.0,1323935.080703,115.30526743624804,0.892,0.008,0.088,0.6573333333333333,0.21533333333333335,0.044,0.10133333333333328,-0.3406666666666667,-0.512,136021.27517896035,11.81150357580413,0.0,0.4226666666666667,0.7768924302788844,-0.9840637450199203,-0.8247011952191236,0.30942895086321376,-0.5710491367861885,-0.8247011952191236,0.4655550518848851,-1.4051432091161074,-1.6901706015950986,0.09463783603413467,-1.0,-0.1580345285524566,0.075,0.0,0.3,0.892,0.008,0.088,0.772,0.048,0.088,0.608,0.128,0.2,underfunded,low_priority,low_priority
5002125375.0,Fair Haven town,2724,True,47.190242,6.330155062110222,18.906020558002936,18.3553597650514,1.1964107676969091,19.44167497507477,62404.0,415549.087177,152.5510599034508,0.488,0.04,0.208,0.478,0.254,0.104,0.21599999999999997,-0.008000000000000007,-0.15800000000000003,0.0,0.0,16.76489021775833,0.46799999999999997,-0.027888446215139417,-0.9203187250996016,-0.5856573705179283,-0.04780876494023911,-0.4940239043824701,-0.5856573705179283,0.9923673474388345,-0.03299749219059355,-0.5215760840859875,-1.0,0.19665084508391284,-0.06772908366533847,0.0,0.27586206896551724,0.388,0.488,0.04,0.208,0.472,0.1,0.208,0.776,0.488,0.584,zero_funding,zero_funding,zero_funding
5001124925.0,Fairfax town,5226,True,104.422321,7.937472476960712,5.08993494068121,12.456946039035593,3.414634146341464,14.254742547425476,128963.0,788263.8775244728,242.6168888726415,0.768,0.328,0.546,0.5253333333333333,0.30533333333333335,0.273,-0.1146666666666667,-0.33466666666666667,-0.367,199069.19162017817,38.09207646769578,18.11679214907267,0.2826666666666667,0.5298804780876494,-0.3466135458167331,0.08764940239043839,0.04648074369189903,-0.39176626826029215,0.08764940239043839,-0.5268122955539494,-1.3803950899731623,-1.2115090054402367,0.573456493320307,0.2271545681756877,-0.4369189907038511,0.25,0.2896551724137931,0.16,0.768,0.328,0.546,0.56,0.136,0.546,0.292,0.136,0.34,underfunded,low_priority,underfunded
5001125225.0,Fairfield town,1938,True,177.128192,3.988427167261276,5.056759545923633,14.34468524251806,1.364256480218281,11.45975443383356,87019.0,327974.87675866,160.14780886982786,0.34,0.066,0.102,0.26933333333333337,0.13233333333333336,0.051,-0.4306666666666666,-0.5676666666666665,-0.6489999999999999,158720.1702311199,81.89895264763669,0.0,0.19866666666666669,-0.3227091633466135,-0.8685258964143426,-0.796812749003984,-0.46347941567065065,-0.7363877822045153,-0.796812749003984,-1.9786089705107623,-2.3414470500241977,-2.142423282100037,0.8960962259184293,-1.0,-0.6042496679946878,0.375,0.0,0.074,0.34,0.066,0.102,0.092,0.008,0.102,0.096,0.028,0.112,low_priority,low_priority,low_priority
5001725675.0,Fairlee town,1066,True,54.524131,0.8798947067249919,14.678030303030305,33.39587242026266,4.930966469428008,19.13214990138067,74760.0,298753.36155850283,387.15292750279673,0.316,0.786,0.118,0.574,0.8089999999999999,0.059,0.31199999999999994,0.5469999999999999,-0.203,0.0,0.0,0.0,0.832,-0.3705179282868526,0.5657370517928288,-0.7649402390438247,0.143426294820717,0.6115537848605577,-0.7649402390438247,1.4334195018560942,2.2562035285318314,-0.6701262346168068,-1.0,-1.0,0.6573705179282872,0.0,0.0,0.97,0.316,0.786,0.118,0.64,0.968,0.118,0.904,0.988,0.504,zero_funding,zero_funding,zero_funding
5002325825.0,Fayston town,1342,True,94.573413,1.6237848220020217,4.172876304023846,19.597615499254843,0.7312614259597806,12.979890310786104,110250.0,491615.985703,360.4222769083578,0.588,0.66,0.004,0.3933333333333333,0.42933333333333334,0.002,0.1313333333333333,0.16733333333333333,-0.26,0.0,0.0,0.0,0.19866666666666669,0.17131474103585642,0.31474103585657387,-0.9920318725099602,-0.2164674634794157,-0.1447543160690571,-0.9920318725099602,0.603383850140279,0.6901975449865811,-0.8582897586225111,-1.0,-1.0,-0.6042496679946878,0.0,0.0,0.074,0.588,0.66,0.004,0.32,0.376,0.004,0.66,0.696,0.424,zero_funding,zero_funding,zero_funding
5000925975.0,Ferdinand town,68,True,137.495378,3.5024861107742824,25.12790868360922,23.52941176470588,0.0,0.0,13849.0,135229.03645941184,551.9428093876338,0.096,0.972,0.446,0.312,0.75,0.223,0.04999999999999999,0.488,-0.03900000000000001,0.0,0.0,0.0,0.528,-0.8087649402390438,0.9362549800796811,-0.11155378486055778,-0.3784860557768924,0.4940239043824701,-0.11155378486055778,0.22971466375898944,2.0128470236262044,-0.12874346379337667,-1.0,-1.0,0.05179282868525914,0.0,0.0,0.524,0.096,0.972,0.446,0.172,0.904,0.446,0.524,0.96,0.746,zero_funding,zero_funding,zero_funding
5000126300.0,Ferrisburgh town,2661,True,158.521671,6.244593384090937,2.2172115745960164,23.299511461856444,2.9493087557603688,14.654377880184333,106989.0,655683.709121,247.8018552989418,0.704,0.34,0.096,0.5333333333333333,0.3513333333333334,0.048,0.2713333333333333,0.08933333333333338,-0.21400000000000002,0.0,0.0,61.85290549173538,0.3626666666666667,0.4023904382470118,-0.3227091633466135,-0.8087649402390438,0.062416998671978696,-0.30013280212483384,-0.8087649402390438,1.2465849086654495,0.36847199612829445,-0.7064384936354514,-1.0,0.7221767713155092,-0.2775564409030542,0.0,0.4827586206896552,0.248,0.704,0.34,0.096,0.572,0.244,0.096,0.856,0.608,0.49,zero_funding,zero_funding,zero_funding
5001126500.0,Fletcher town,1196,True,99.987652,1.761716554379996,3.8461538461538463,21.65551839464883,0.6198347107438017,3.925619834710744,105833.0,754779.5357055274,242.6168888726416,0.756,0.332,0.546,0.492,0.28,0.273,0.22999999999999998,0.018000000000000016,0.01100000000000001,0.0,0.0,0.0,0.228,0.5059760956175299,-0.33864541832669315,0.08764940239043839,-0.019920318725099584,-0.4422310756972111,0.08764940239043839,1.0566874532913515,0.07424435742883548,0.03631225901864473,-1.0,-1.0,-0.545816733067729,0.0,0.0,0.104,0.756,0.332,0.546,0.512,0.116,0.546,0.816,0.508,0.816,zero_funding,zero_funding,zero_funding
5001127100.0,Franklin town,1590,True,105.837962,1.7497505494335173,8.553459119496855,15.345911949685537,4.700162074554295,25.28363047001621,79917.0,391937.8444234844,220.28466436816493,0.452,0.216,0.37,0.44733333333333336,0.32933333333333337,0.185,0.18533333333333335,0.06733333333333336,-0.07700000000000001,0.0,0.0,0.0,0.4426666666666667,-0.09960159362549803,-0.5697211155378485,-0.26294820717131473,-0.10889774236387773,-0.34395750332005304,-0.26294820717131473,0.8514756869999878,0.2777288926041622,-0.2541858131305129,-1.0,-1.0,-0.11819389110225731,0.0,0.0,0.338,0.452,0.216,0.37,0.42,0.188,0.37,0.74,0.56,0.69,zero_funding,zero_funding,zero_funding
5001127700.0,Georgia town,4890,True,117.215737,2.913395336165684,5.153374233128835,16.05316973415133,1.3179571663920924,3.459637561779242,105011.0,1073772.16801,221.6248024788441,0.852,0.228,0.276,0.5346666666666666,0.22266666666666665,0.138,-0.06133333333333335,-0.3733333333333333,-0.45799999999999996,96287.3660948734,19.690667913062043,11.587217025476246,0.2173333333333333,0.6972111553784861,-0.545816733067729,-0.45019920318725093,0.06507304116865864,-0.5564409030544488,-0.45019920318725093,-0.28178332087769387,-1.539882968894364,-1.5119104209581156,0.3003759749444084,0.05335411375410515,-0.5670650730411686,0.15833333333333333,0.21379310344827587,0.088,0.852,0.228,0.276,0.582,0.06,0.276,0.332,0.108,0.266,underfunded,low_priority,low_priority
5001928075.0,Glover town,1051,True,99.797379,1.524289205645256,9.31615460852329,24.1674595623216,3.0023094688221708,6.928406466512701,73839.0,508121.5855325275,536.8142173774766,0.604,0.946,0.638,0.5846666666666667,0.7556666666666667,0.319,0.03266666666666662,0.20366666666666666,-0.23300000000000004,10830.676275289889,10.305115390380484,106.13630262408805,0.5653333333333334,0.20318725099601598,0.8844621513944222,0.27091633466135456,0.16467463479415678,0.5053120849933599,0.27091633466135456,0.15008024698920625,0.8400611553521933,-0.7691596683040196,0.040948501168733165,0.9439806800198929,0.1261620185922978,0.06666666666666667,0.6137931034482759,0.6,0.604,0.946,0.638,0.658,0.916,0.638,0.468,0.736,0.468,underfunded,underfunded,underfunded
5000128600.0,Goshen town,142,True,53.723104,1.3466751156644106,16.19718309859155,37.32394366197183,2.857142857142857,0.0,56250.0,109578.73549782536,377.62968744089017,0.068,0.712,0.614,0.42733333333333334,0.7493333333333333,0.307,-0.31266666666666665,0.009333333333333305,-0.433,17221.173317318622,121.27586843182128,0.0,0.7866666666666666,-0.8645418326693227,0.4183266932270915,0.22310756972111556,-0.148738379814077,0.49269588313413015,0.22310756972111556,-1.4364823640395474,0.038497074222358985,-1.4293825595521048,1.0629125654337601,-1.0,0.5670650730411688,0.4583333333333333,0.0,0.948,0.068,0.712,0.614,0.368,0.9,0.614,0.136,0.496,0.296,low_priority,underfunded,underfunded
5002528900.0,Grafton town,666,True,99.032864,3.4720680990732244,4.504504504504505,34.23423423423424,2.848101265822785,10.126582278481012,76111.0,427405.5696999018,454.9865460515933,0.504,0.864,0.964,0.5206666666666666,0.7006666666666667,0.482,-0.4633333333333334,-0.2833333333333333,-0.502,925539.6863139528,1389.699228699629,396.5363774246983,0.5373333333333333,0.003984063745019917,0.7211155378486056,0.9203187250996014,0.03718459495351922,0.39575033200531196,0.9203187250996014,-2.1286892174999696,-1.168661181750187,-1.6571594570326944,2.1064478927461154,1.4893084303256643,0.07038512616201875,0.9666666666666667,0.8206896551724138,0.55,0.504,0.864,0.964,0.552,0.86,0.964,0.08,0.18,0.214,aligned,aligned,aligned
5000929125.0,Granby town,67,True,100.52278,2.074077012276468,7.462686567164178,55.223880597014926,0.0,9.75609756097561,57083.0,140247.24678411984,297.4842536247544,0.1,0.516,0.756,0.30066666666666664,0.5086666666666666,0.378,0.03866666666666663,0.2466666666666666,0.11599999999999999,0.0,0.0,0.0,0.5013333333333333,-0.8007968127490039,0.027888446215139417,0.5059760956175299,-0.40106241699867207,0.0132802124833995,0.5059760956175299,0.17764600664028501,1.0174226758766332,0.3829292769238895,-1.0,-1.0,-0.0013280212483398612,0.0,0.0,0.468,0.1,0.516,0.756,0.14,0.516,0.756,0.492,0.784,0.888,zero_funding,zero_funding,zero_funding
5001329275.0,Grand Isle town,2192,True,90.671135,0.0,6.843065693430657,15.556569343065693,0.7567567567567568,13.62162162162162,100846.0,624737.9684400377,386.5565931090426,0.676,0.764,0.706,0.45133333333333336,0.49533333333333335,0.353,0.18933333333333335,0.23333333333333334,0.09099999999999997,0.0,0.0,0.0,0.22666666666666666,0.3466135458167332,0.5219123505976095,0.40637450199203173,-0.10092961487383789,-0.013280212483399723,0.40637450199203173,0.869852860100707,0.9624268555589777,0.30040141551787874,-1.0,-1.0,-0.548472775564409,0.0,0.0,0.1,0.676,0.764,0.706,0.428,0.496,0.706,0.748,0.772,0.858,zero_funding,zero_funding,zero_funding
5000129575.0,Granville town,414,True,132.046612,1.997685837814514,6.038647342995169,18.35748792270532,1.4563106796116505,12.62135922330097,60500.0,269367.4587447085,377.62968744089017,0.292,0.712,0.614,0.28400000000000003,0.494,0.307,-0.6599999999999999,-0.44999999999999996,-0.637,316570.0637879913,764.6619898260659,65.28701140859465,0.276,-0.4183266932270917,0.4183266932270915,0.22310756972111556,-0.43426294820717126,-0.015936254980079667,0.22310756972111556,-3.032233561618661,-1.8561089357208853,-2.102809908625152,1.8502851441078345,0.7443015711135894,-0.4501992031872508,0.8833333333333333,0.4896551724137931,0.152,0.292,0.712,0.614,0.108,0.492,0.614,0.012,0.072,0.124,overfunded,overfunded,aligned
5001930175.0,Greensboro town,633,True,102.43986,2.2089594446321623,8.40197693574959,37.124802527646125,3.1141868512110724,18.68512110726644,91750.0,521488.0833974727,536.8142173774766,0.616,0.946,0.638,0.6446666666666667,0.8096666666666666,0.319,0.3826666666666667,0.5476666666666666,0.056999999999999995,0.0,0.0,0.0,0.6733333333333333,0.22709163346613548,0.8844621513944222,0.27091633466135456,0.2841965471447545,0.6128818061088976,0.27091633466135456,1.758082893302133,2.2589533195477145,0.18816352400570432,-1.0,-1.0,0.34130146082337354,0.0,0.0,0.83,0.616,0.946,0.638,0.764,0.972,0.638,0.956,0.992,0.844,zero_funding,zero_funding,zero_funding
5000530550.0,Groton town,967,True,142.537206,2.58130740404378,6.8252326783867625,20.47569803516029,6.993006993006993,5.594405594405594,77250.0,401634.1352725104,355.7499576710893,0.476,0.648,0.788,0.492,0.5780000000000001,0.394,-0.03600000000000003,0.050000000000000044,-0.134,2930.51187515536,3.0305190022289143,141.74178022952302,0.508,-0.05179282868525903,0.29083665338645415,0.5697211155378488,-0.019920318725099584,0.15139442231075706,0.5697211155378488,-0.1653945579064726,0.20623432619120968,-0.44234933713621727,-0.4017235785380887,1.0633184393496626,0.011952191235059972,0.016666666666666666,0.6620689655172414,0.48,0.476,0.648,0.788,0.512,0.644,0.788,0.376,0.528,0.608,underfunded,underfunded,underfunded
5000930775.0,Guildhall town,371,True,85.467544,1.8095288828600085,11.859838274932615,26.1455525606469,1.89873417721519,6.329113924050633,115000.0,119219.504149068,297.4842536247544,0.076,0.516,0.748,0.33933333333333326,0.5593333333333332,0.374,-0.29266666666666674,-0.07266666666666677,-0.258,11679.77088668374,31.48186222825806,0.0,0.6026666666666666,-0.848605577689243,0.027888446215139417,0.4900398406374502,-0.3240371845949537,0.11420982735723761,0.4900398406374502,-1.3445964985359522,-0.2997272207312249,-0.8516875297100301,0.4939501561022792,-1.0,0.20053120849933603,0.23333333333333334,0.0,0.688,0.076,0.516,0.748,0.22,0.612,0.748,0.156,0.404,0.428,low_priority,underfunded,underfunded
5002530925.0,Guilford town,2461,True,102.760394,3.37213109215105,10.559006211180124,27.590410402275506,1.0999083409715855,19.890009165902843,75243.0,762443.4874840626,266.21213602227897,0.76,0.422,0.696,0.6606666666666667,0.4916666666666667,0.348,0.1166666666666667,-0.05233333333333334,-0.19600000000000006,15588.422413536711,6.334182207857258,19.515511700751464,0.5613333333333334,0.5139442231075697,-0.1593625498007969,0.38645418326693215,0.31606905710491384,-0.02058432934926957,0.38645418326693215,0.536000882104309,-0.2158585947467993,-0.6470184334231239,-0.14477553294323353,0.2565233208780928,0.11819389110225798,0.05,0.31724137931034485,0.592,0.76,0.422,0.696,0.78,0.488,0.696,0.648,0.44,0.512,underfunded,low_priority,underfunded
5002531150.0,Halifax town,847,True,103.118479,2.482070160147902,6.02125147579693,22.55017709563164,10.45751633986928,13.398692810457517,63889.0,230943.31514612003,187.41970840754112,0.216,0.15,0.358,0.398,0.36500000000000005,0.179,0.136,0.10300000000000004,-0.08300000000000002,0.0,0.0,0.0,0.5800000000000001,-0.5697211155378485,-0.701195219123506,-0.28685258964143434,-0.20717131474103578,-0.2729083665338644,-0.28685258964143434,0.6248238854244514,0.4248427119538917,-0.2739924998679555,-1.0,-1.0,0.1553784860557772,0.0,0.0,0.636,0.216,0.15,0.358,0.33,0.288,0.358,0.672,0.636,0.684,zero_funding,zero_funding,zero_funding
5000131525.0,Hancock town,435,True,99.936002,2.0248901045106984,5.607476635514018,19.77011494252873,0.9523809523809524,40.47619047619048,76250.0,203828.1592383312,377.62968744089017,0.196,0.712,0.614,0.226,0.484,0.307,-0.036000000000000004,0.22199999999999998,0.044999999999999984,0.0,0.0,19.00511976301374,0.256,-0.6095617529880478,0.4183266932270915,0.22310756972111556,-0.549800796812749,-0.03585657370517936,0.22310756972111556,-0.16539455790647245,0.91568040828897,0.14855015053081916,-1.0,0.2460454187870671,-0.4900398406374501,0.0,0.3103448275862069,0.12,0.196,0.712,0.614,0.052,0.472,0.614,0.38,0.764,0.84,zero_funding,zero_funding,zero_funding
5000531825.0,Hardwick town,2965,True,100.130674,4.746810501868843,9.667571234735414,26.98145025295109,4.876219054763691,23.55588897224306,92297.0,873676.121075,299.2041510530822,0.824,0.536,0.564,0.7499999999999999,0.6059999999999999,0.282,-0.03400000000000014,-0.17800000000000016,-0.502,575209.264398593,193.9997519050904,573.4526767054749,0.6759999999999998,0.641434262948207,0.06772908366533881,0.12350597609561742,0.4940239043824699,0.20717131474103567,0.12350597609561742,-0.1562059713561135,-0.7341942012407064,-1.6571594570326944,1.263233744516631,1.6424159375074954,0.346613545816733,0.55,0.8689655172413793,0.836,0.824,0.536,0.564,0.892,0.684,0.564,0.384,0.296,0.214,aligned,aligned,aligned
5002732275.0,Hartford town,10736,True,119.118957,5.397860578916838,11.125740618828177,22.475782414307005,6.403415154749199,32.209178228388474,78125.0,2210457.709653,207.0686379066042,0.96,0.18,0.536,0.8160000000000001,0.42600000000000005,0.268,-0.019999999999999907,-0.4099999999999999,-0.568,2886562.407183828,268.86758636213,150.22604083911554,0.672,0.9123505976095616,-0.6414342629482073,0.06772908366533881,0.6254980079681276,-0.15139442231075684,0.06772908366533881,-0.09188586550359537,-1.6911214747679175,-1.8750330111445623,1.4026989193730133,1.087332112802852,0.3386454183266936,0.6583333333333333,0.6689655172413793,0.82,0.96,0.18,0.536,0.952,0.36,0.536,0.408,0.08,0.172,aligned,overfunded,aligned
5002732425.0,Hartland town,3460,True,117.958606,3.168780143021028,8.517441860465116,28.38150289017341,0.8238276299112801,8.17490494296578,86136.0,642681.182768,186.5006334207777,0.692,0.144,0.308,0.602,0.328,0.154,0.33999999999999997,0.066,-0.10800000000000001,0.0,0.0,2.460358410368096,0.512,0.3784860557768923,-0.7131474103585658,-0.38645418326693226,0.19920318725099606,-0.3466135458167331,-0.38645418326693226,1.5620597135611283,0.2722293105723965,-0.35652036127396614,-1.0,-0.48370754893574863,0.019920318725099806,0.0,0.06206896551724138,0.492,0.692,0.144,0.308,0.696,0.18,0.308,0.928,0.552,0.652,zero_funding,zero_funding,zero_funding
5001133025.0,Highgate town,3528,True,155.553024,6.92622189079015,8.134920634920634,22.193877551020407,4.557823129251701,19.25170068027211,81017.0,518755.130938,149.41104001670507,0.612,0.036,0.032,0.5766666666666667,0.2886666666666667,0.016,-0.3953333333333333,-0.6833333333333333,-0.956,3996947.855308795,1132.9217276952363,1.7983678619246322,0.5413333333333333,0.21912350597609564,-0.9282868525896415,-0.9362549800796813,0.14873837981407712,-0.42496679946879146,-0.9362549800796813,-1.8162772747877434,-2.818535791279863,-3.1558654201658483,2.018835230406191,-0.5720190066858761,0.07835325365205859,0.9416666666666667,0.027586206896551724,0.566,0.612,0.036,0.032,0.644,0.12,0.032,0.112,0.008,0.004,aligned,overfunded,overfunded
5000733475.0,Hinesburg town,4718,True,102.785561,2.970296123573496,8.47816871555744,25.75243747350572,2.430077945896378,16.414488766620817,112539.0,833124.2575268637,165.74265981026946,0.796,0.076,0.714,0.668,0.308,0.357,0.136,-0.22400000000000003,-0.17500000000000004,20792.14570011758,4.406982980101225,0.0,0.54,0.5856573705179284,-0.848605577689243,0.4223107569721114,0.33067729083665354,-0.38645418326693226,0.4223107569721114,0.6248238854244514,-0.9239297813366186,-0.5776950298420749,-0.2756227845028423,-1.0,0.07569721115537886,0.025,0.0,0.56,0.796,0.076,0.714,0.796,0.148,0.714,0.672,0.268,0.56,underfunded,low_priority,underfunded
5001933775.0,Holland town,790,True,100.147256,1.6089315432778473,13.885350318471335,20.126582278481013,3.0470914127423825,27.97783933518005,60729.0,371563.5837078144,467.2925046526868,0.424,0.884,0.556,0.486,0.716,0.278,0.22399999999999998,0.45399999999999996,0.016000000000000014,0.0,0.0,0.0,0.548,-0.15537848605577687,0.7609561752988048,0.10756972111553798,-0.031872509960159445,0.4262948207171313,0.10756972111553798,1.0291216936402727,1.872607681816182,0.05281783129984688,-1.0,-1.0,0.09163346613545853,0.0,0.0,0.576,0.424,0.884,0.556,0.494,0.874,0.556,0.802,0.946,0.822,zero_funding,zero_funding,zero_funding
5002134450.0,Hubbardton town,831,True,74.036964,1.558706715974424,3.980699638118215,32.12996389891697,2.0066889632107023,5.351170568561873,102321.0,130581.19071269908,229.0914346908872,0.08,0.266,0.266,0.2813333333333333,0.3743333333333333,0.133,0.019333333333333313,0.11233333333333329,-0.129,0.0,0.0,0.0,0.48266666666666663,-0.8406374501992032,-0.4701195219123506,-0.4701195219123506,-0.43957503320053126,-0.254316069057105,-0.4701195219123506,0.08882300332014251,0.46333978617625043,-0.4258437648550151,-1.0,-1.0,-0.038512616201859085,0.0,0.0,0.414,0.08,0.266,0.266,0.104,0.3,0.266,0.448,0.648,0.622,zero_funding,zero_funding,zero_funding
5000734600.0,Huntington town,1853,True,99.263411,3.369121515771781,5.828386400431732,18.456556934700487,2.3557126030624262,20.023557126030624,94497.0,850665.3036718281,489.889003330107,0.808,0.92,0.314,0.5533333333333333,0.6093333333333333,0.157,-0.3546666666666667,-0.29866666666666675,-0.751,1022976.4144048536,552.0649834888578,172.00109919030436,0.29866666666666664,0.6095617529880479,0.8326693227091635,-0.3745019920318725,0.10225763612217786,0.21381142098273553,-0.3745019920318725,-1.6294426815970988,-1.2319063751154917,-2.4791369566365606,1.7106773984329777,1.143280550282225,-0.4050464807436919,0.8083333333333333,0.696551724137931,0.172,0.808,0.92,0.314,0.608,0.696,0.314,0.116,0.164,0.072,aligned,aligned,overfunded
5001535050.0,Hyde Park town,3000,True,101.064264,2.947073930532214,5.9244126659857,18.666666666666668,1.4162077104642017,15.656963021243117,84375.0,595377.371379,197.14482495993377,0.656,0.176,0.228,0.46366666666666667,0.22366666666666668,0.114,-0.2523333333333333,-0.4923333333333333,-0.602,287403.36022543773,95.80112007514592,29.21213120400457,0.27133333333333337,0.3067729083665338,-0.6494023904382471,-0.545816733067729,-0.07636122177954852,-0.5544488711819389,-0.545816733067729,-1.1592933364370335,-2.0307206652294427,-1.987270902656737,0.9626395847555147,0.41750431698133705,-0.4594953519256306,0.4083333333333333,0.4,0.14,0.656,0.176,0.228,0.448,0.064,0.228,0.2,0.044,0.136,low_priority,low_priority,low_priority
5002135425.0,Ira town,381,True,57.678221,1.7500513424979294,14.435695538057743,28.871391076115486,3.7267080745341614,9.316770186335404,71827.0,159988.33970706625,308.8467707655977,0.14,0.57,0.024,0.4486666666666667,0.6636666666666666,0.012,0.1866666666666667,0.4016666666666666,-0.25,0.0,0.0,43.20594327562942,0.7573333333333334,-0.7211155378486056,0.13545816733067717,-0.952191235059761,-0.10624169986719778,0.3220451527224435,-0.952191235059761,0.8576014113668943,1.6567490870693826,-0.8252786140601067,-1.0,0.5758041560120843,0.5086321381142103,0.0,0.4413793103448276,0.916,0.14,0.57,0.024,0.424,0.8,0.024,0.744,0.916,0.444,zero_funding,zero_funding,zero_funding
5001935575.0,Irasburg town,1384,True,104.995564,4.229147325764779,2.4566473988439306,19.508670520231213,1.1235955056179776,13.857677902621724,98534.0,360881.3377668377,353.33790061455034,0.388,0.636,0.888,0.28600000000000003,0.41000000000000003,0.444,0.02400000000000002,0.14800000000000002,0.182,0.0,0.0,0.0,0.18400000000000002,-0.22709163346613548,0.26693227091633465,0.7689243027888446,-0.43027888446215135,-0.18326693227091628,0.7689243027888446,0.11026303860431505,0.6104536055259802,0.6008028310357577,-1.0,-1.0,-0.6334661354581672,0.0,0.0,0.056,0.388,0.636,0.888,0.116,0.332,0.888,0.456,0.664,0.948,zero_funding,zero_funding,zero_funding
5001335875.0,Isle La Motte town,577,True,47.682189,0.0,14.904679376083187,26.51646447140381,2.3622047244094486,7.480314960629922,82500.0,277630.1969970816,478.01203018985547,0.296,0.898,0.94,0.48,0.781,0.47,0.21799999999999997,0.519,0.20799999999999996,0.0,0.0,0.0,0.664,-0.4103585657370519,0.7888446215139442,0.8725099601593624,-0.043824701195219196,0.5557768924302788,0.8725099601593624,1.001555933989194,2.1407123058647546,0.6866318068980087,-1.0,-1.0,0.3227091633466139,0.0,0.0,0.806,0.296,0.898,0.94,0.48,0.94,0.94,0.784,0.972,0.982,zero_funding,zero_funding,zero_funding
5002536175.0,Jamaica town,882,True,128.157196,5.623639458922128,4.535147392290249,30.045351473922903,2.684563758389262,3.131991051454139,79219.0,614936.729016,612.4867818884462,0.672,0.992,0.184,0.5920000000000001,0.752,0.092,-0.2599999999999999,-0.09999999999999998,-0.76,281399.41457678104,319.04695530247284,195.2043653434256,0.512,0.33864541832669337,0.9760956175298805,-0.6334661354581673,0.17928286852589648,0.49800796812749004,-0.6334661354581673,-1.194516251546745,-0.41246865238241887,-2.5088469867427245,1.4758951340484376,1.1956258297631828,0.019920318725099806,0.6916666666666667,0.7241379310344828,0.492,0.672,0.992,0.184,0.68,0.908,0.184,0.196,0.38,0.064,aligned,aligned,overfunded
5001936325.0,Jay town,471,True,87.966274,1.749349544351554,8.70488322717622,15.498938428874734,7.758620689655173,3.0172413793103448,74792.0,286801.1940348193,299.9660657165935,0.304,0.54,0.926,0.41000000000000003,0.528,0.463,0.14800000000000002,0.266,0.201,0.0,0.0,14.065229510995673,0.516,-0.3944223107569721,0.07569721115537864,0.8446215139442232,-0.18326693227091628,0.05179282868525892,0.8446215139442232,0.679955404726609,1.0971666153372346,0.6635240057043259,-1.0,0.12809535168824704,0.02788844621513964,0.0,0.25517241379310346,0.5,0.304,0.54,0.926,0.348,0.552,0.926,0.684,0.8,0.972,zero_funding,zero_funding,zero_funding
5000736700.0,Jericho town,5114,True,92.23927,4.908275562194598,0.879937426671881,20.19945248337896,2.849002849002849,7.122507122507122,116923.0,680843.481517,133.39409904329938,0.728,0.024,0.072,0.496,0.14400000000000002,0.036,-0.31999999999999995,-0.6719999999999999,-0.7799999999999999,1203438.388575648,235.32232862253576,0.0,0.264,0.45019920318725104,-0.952191235059761,-0.8565737051792829,-0.01195219123505975,-0.7131474103585658,-0.8565737051792829,-1.4701738480575326,-2.7717893440098553,-2.574869275867533,1.345727583795575,-1.0,-0.47410358565737043,0.6166666666666667,0.0,0.134,0.728,0.024,0.072,0.528,0.012,0.072,0.132,0.016,0.044,aligned,overfunded,overfunded
5001537075.0,Johnson town,3450,True,118.353992,4.742687930639637,12.159053565560304,10.753623188405795,6.079664570230608,41.57931516422082,55346.0,843622.835426,241.65649826009732,0.804,0.324,0.412,0.6653333333333333,0.42533333333333334,0.206,0.10533333333333328,-0.1346666666666667,-0.3540000000000001,40985.82838635318,11.879950256913968,828.8227188373812,0.5266666666666667,0.6015936254980081,-0.3545816733067729,-0.17928286852589648,0.3253652058432934,-0.15272244355909692,-0.17928286852589648,0.4839322249856043,-0.5554577852083245,-1.1685945175091115,0.09692483788711792,1.7953833222075466,0.04913678618857942,0.08333333333333333,0.896551724137931,0.518,0.804,0.324,0.412,0.79,0.356,0.412,0.62,0.34,0.356,underfunded,low_priority,low_priority
5002137685.0,Killington town,785,True,123.290608,1.9113585484160367,5.270092226613966,21.019108280254777,0.7792207792207793,25.454545454545453,81250.0,361040.99683093175,282.1604498822564,0.392,0.462,0.484,0.326,0.361,0.242,-0.27799999999999997,-0.243,-0.362,16933.660415449187,21.57154193050852,0.0,0.26,-0.21912350597609564,-0.07968127490039834,-0.03585657370517936,-0.350597609561753,-0.28087649402390436,-0.03585657370517936,-1.2772135304999814,-1.0022988252892782,-1.1950034331590345,0.33772047399495686,-1.0,-0.48207171314741026,0.175,0.0,0.128,0.392,0.462,0.484,0.204,0.276,0.484,0.172,0.236,0.344,low_priority,low_priority,low_priority
5000537900.0,Kirby town,756,True,64.089698,0.7663862328663408,21.296296296296298,19.17989417989418,5.323193916349809,6.4638783269961975,54792.0,240644.7640701023,255.3415484501348,0.24,0.378,0.326,0.4393333333333333,0.5083333333333333,0.163,0.1773333333333333,0.2463333333333333,-0.099,0.0,0.0,0.0,0.6386666666666666,-0.5219123505976095,-0.24701195219123506,-0.350597609561753,-0.12483399734395761,0.012616201859229736,-0.350597609561753,0.8147213407985492,1.016047780368692,-0.3268103311678023,-1.0,-1.0,0.27224435590969476,0.0,0.0,0.758,0.24,0.378,0.326,0.396,0.512,0.326,0.728,0.78,0.666,zero_funding,zero_funding,zero_funding
5000339025.0,Landgrove town,225,True,23.038304,2.650060716337154,0.4444444444444444,36.888888888888886,1.8691588785046729,5.607476635514018,195938.0,78808.38238745744,426.2547715026456,0.024,0.836,0.528,0.2333333333333333,0.6393333333333333,0.264,-0.0286666666666667,0.3773333333333333,0.0020000000000000018,0.0,0.0,0.0,0.4426666666666666,-0.952191235059761,0.6653386454183265,0.05179282868525892,-0.5351925630810093,0.2735723771580345,0.05179282868525892,-0.13170307388848745,1.5563817149896608,0.00660222891248086,-1.0,-1.0,-0.11819389110225753,0.0,0.0,0.332,0.024,0.836,0.528,0.056,0.758,0.528,0.396,0.89,0.808,zero_funding,zero_funding,zero_funding
5000139325.0,Leicester town,1026,True,56.380041,8.030350572317486,11.793372319688109,24.46393762183236,3.744493392070485,14.537444933920703,70417.0,159127.91088155372,173.39981116963878,0.136,0.094,0.062,0.39666666666666667,0.37566666666666665,0.031,0.13466666666666666,0.11366666666666664,-0.231,0.0,0.0,0.0,0.6573333333333333,-0.7290836653386454,-0.8127490039840637,-0.8764940239043825,-0.20982735723771584,-0.25166002656042497,-0.8764940239043825,0.6186981610575449,0.46883936820801614,-0.7625574393915386,-1.0,-1.0,0.309428950863214,0.0,0.0,0.798,0.136,0.094,0.062,0.324,0.304,0.062,0.664,0.652,0.474,zero_funding,zero_funding,zero_funding
5000939700.0,Lemington town,108,True,92.135953,1.9011557227026128,1.851851851851852,35.18518518518518,9.25925925925926,5.555555555555555,55000.0,90623.64902956682,551.9428093876338,0.048,0.972,0.446,0.34,0.802,0.223,0.07800000000000001,0.54,-0.03900000000000001,0.0,0.0,0.0,0.632,-0.9043824701195219,0.9362549800796811,-0.11155378486055778,-0.3227091633466135,0.5976095617529882,-0.11155378486055778,0.35835487546402367,2.2273307228650627,-0.12874346379337667,-1.0,-1.0,0.25896414342629503,0.0,0.0,0.744,0.048,0.972,0.446,0.228,0.96,0.446,0.572,0.984,0.746,zero_funding,zero_funding,zero_funding
5000140075.0,Lincoln town,1394,True,118.624167,1.877849424833396,7.476635514018691,22.309899569583933,3.2871972318339098,11.937716262975778,96667.0,242010.06729306144,377.62968744089017,0.252,0.712,0.624,0.374,0.604,0.312,-0.486,-0.256,-0.548,456320.9875474801,327.3464760024965,51.01994249022135,0.496,-0.49800796812749004,0.4183266932270915,0.24302788844621515,-0.2549800796812749,0.20318725099601598,0.24302788844621515,-2.232826531737378,-1.0559197500989925,-1.8090107220197542,1.4868836717267655,0.6435000862261446,-0.011952191235059528,0.7083333333333334,0.45517241379310347,0.446,0.252,0.712,0.624,0.292,0.674,0.624,0.068,0.212,0.18,overfunded,aligned,aligned
5002540225.0,Londonderry town,1873,True,93.164981,5.3157246218449306,2.4219590958019377,21.409503470368392,2.31958762886598,13.917525773195877,85179.0,851171.363976,444.2439269185804,0.812,0.844,0.192,0.5433333333333333,0.5593333333333333,0.096,-0.32866666666666666,-0.31266666666666665,-0.776,642059.4642968159,342.7973648141036,852.9113481070991,0.27466666666666667,0.6175298804780878,0.6812749003984062,-0.6175298804780877,0.08233731739707828,0.11420982735723784,-0.6175298804780877,-1.5099910564424242,-1.28965198644903,-2.5616648180425714,1.506620144230169,1.8072845560260848,-0.45285524568393076,0.7333333333333333,0.903448275862069,0.146,0.812,0.844,0.192,0.596,0.616,0.192,0.128,0.16,0.054,aligned,aligned,overfunded
5001940525.0,Lowell town,1070,True,146.609447,2.105565648402327,9.56439393939394,12.33644859813084,0.5390835579514826,5.929919137466308,57404.0,503880.5377279618,353.33790061455034,0.6,0.636,0.896,0.432,0.45,0.448,0.16999999999999998,0.188,0.186,0.0,0.0,0.0,0.264,0.19521912350597614,0.26693227091633465,0.7848605577689243,-0.1394422310756972,-0.10358565737051795,0.7848605577689243,0.7810298567805641,0.7754410664789477,0.6140072888607194,-1.0,-1.0,-0.47410358565737043,0.0,0.0,0.134,0.6,0.636,0.896,0.388,0.404,0.896,0.72,0.712,0.956,zero_funding,zero_funding,zero_funding
5002741275.0,Ludlow town,1990,True,91.368482,2.9175733138456192,5.592611595690097,31.055276381909547,6.852248394004283,28.05139186295504,54885.0,1448058.04861,666.6933925460405,0.904,1.0,0.952,0.7866666666666666,0.8346666666666667,0.476,-0.18933333333333335,-0.1413333333333333,-0.5,2298299.28307888,1154.9242628537083,2845.6903880395707,0.6693333333333333,0.8007968127490039,0.9920318725099602,0.8964143426294819,0.5670650730411686,0.6626826029216468,0.8964143426294819,-0.869852860100707,-0.5829556953671521,-1.6505572281202134,2.0270838560027777,2.3080690791327063,0.3333333333333337,0.95,1.0,0.812,0.904,1.0,0.952,0.924,0.984,0.952,0.258,0.332,0.22,aligned,aligned,aligned
5000941425.0,Lunenburg town,1267,True,118.620998,2.2255798408273924,10.601265822784807,24.072612470402525,2.5773195876288657,17.353951890034363,53125.0,165461.28626033006,297.48425362475444,0.152,0.528,0.748,0.36,0.548,0.374,0.09799999999999998,0.28600000000000003,0.11199999999999999,0.0,0.0,0.0,0.568,-0.6972111553784861,0.05179282868525892,0.4900398406374502,-0.2828685258964144,0.09163346613545831,0.4900398406374502,0.4502407409676193,1.1796603458137185,0.3697248190989278,-1.0,-1.0,0.13147410358565748,0.0,0.0,0.604,0.152,0.528,0.748,0.256,0.59,0.748,0.592,0.816,0.882,zero_funding,zero_funding,zero_funding
5000541725.0,Lyndon town,5590,True,102.810918,5.964428300216138,11.04639875752281,21.82468694096601,6.27977479428324,14.421827631009096,68786.0,1494924.547007,272.24996303168825,0.912,0.44,0.364,0.7766666666666666,0.5406666666666666,0.182,0.16466666666666663,-0.07133333333333336,-0.43,137227.90487778545,24.548820192805984,279.7073103288432,0.6413333333333333,0.8167330677290838,-0.12350597609561753,-0.2749003984063745,0.547144754316069,0.07702523240371839,-0.2749003984063745,0.7565269593129386,-0.294227638699459,-1.4194792161833836,0.3909003607013608,1.3445844612222082,0.27755644090305465,0.19166666666666668,0.7862068965517242,0.768,0.912,0.44,0.364,0.912,0.576,0.364,0.704,0.414,0.302,underfunded,underfunded,low_priority
5000942475.0,Maidstone town,241,True,83.426712,2.0756946403269563,2.0746887966804977,39.41908713692946,0.0,2.459016393442623,85833.0,82039.85251289402,551.9428093876338,0.032,0.972,0.446,0.194,0.664,0.223,-0.068,0.402,-0.03900000000000001,0.0,0.0,0.0,0.35600000000000004,-0.9362549800796813,0.9362549800796811,-0.11155378486055778,-0.6135458167330677,0.3227091633466137,-0.11155378486055778,-0.3124119427122257,1.6581239825773244,-0.12874346379337667,-1.0,-1.0,-0.2908366533864539,0.0,0.0,0.24,0.032,0.972,0.446,0.032,0.804,0.446,0.324,0.92,0.746,zero_funding,zero_funding,zero_funding
5000342850.0,Manchester town,4486,True,108.983101,4.439353927641774,16.812964213369344,25.746767721801163,4.331348132106118,26.204656199242017,94886.0,1275258.5162,284.40198844781446,0.884,0.468,0.52,0.8140000000000001,0.6060000000000001,0.26,0.552,0.3440000000000001,-0.0020000000000000018,0.0,0.0,100.1336476411294,0.7440000000000001,0.7609561752988048,-0.06772908366533859,0.03585657370517925,0.6215139442231077,0.20717131474103612,0.03585657370517925,2.536049887899244,1.4188921641955217,-0.00660222891248086,-1.0,0.9200000366284633,0.4820717131474108,0.0,0.5862068965517241,0.904,0.884,0.468,0.52,0.948,0.688,0.52,0.992,0.86,0.8,zero_funding,zero_funding,zero_funding
5002543375.0,Marlboro town,1362,True,105.487947,1.1748584195854337,7.872078720787208,18.79588839941263,6.837606837606838,15.384615384615383,77135.0,236294.01791388,187.41970840754112,0.232,0.15,0.358,0.36866666666666664,0.32766666666666666,0.179,-0.2873333333333334,-0.32833333333333337,-0.47700000000000004,78996.89891668278,58.00065999756445,0.0,0.5053333333333333,-0.5378486055776892,-0.701195219123506,-0.28685258964143434,-0.2656042496679948,-0.3472775564409031,-0.28685258964143434,-1.3200936010683264,-1.354272075322276,-1.5746315956266839,0.7501324965118916,-1.0,0.006640106241700083,0.2833333333333333,0.0,0.474,0.232,0.15,0.358,0.268,0.176,0.358,0.164,0.14,0.248,low_priority,low_priority,low_priority
5002343600.0,Marshfield town,1863,True,113.268462,3.4936120358921565,9.232420826623724,17.767042404723565,0.2812939521800281,15.330520393811534,60313.0,480149.806736953,265.9202930455186,0.572,0.414,0.774,0.43066666666666664,0.3516666666666667,0.387,-0.43333333333333335,-0.5123333333333333,-0.477,636758.7305208975,341.7921258834662,219.977687047642,0.28933333333333333,0.1394422310756971,-0.17529880478087656,0.5418326693227091,-0.14209827357237725,-0.29946879150066397,0.5418326693227091,-1.9908604192445756,-2.1132143957059264,-1.5746315956266836,1.5053633209010746,1.2450789450855182,-0.4236387782204514,0.7166666666666667,0.7517241379310344,0.168,0.572,0.414,0.774,0.384,0.248,0.774,0.092,0.04,0.252,overfunded,overfunded,aligned
5002144125.0,Mendon town,1113,True,98.402085,1.828772922668887,8.176100628930817,29.020664869721475,0.6651884700665188,7.760532150776053,100524.0,288187.82729504595,282.1604498822563,0.308,0.456,0.484,0.398,0.472,0.242,0.136,0.20999999999999996,-0.020000000000000018,0.0,0.0,0.0,0.488,-0.38645418326693226,-0.09163346613545809,-0.03585657370517936,-0.20717131474103578,-0.05976095617529886,-0.03585657370517936,0.6248238854244514,0.8661841700030797,-0.0660222891248086,-1.0,-1.0,-0.027888446215139306,0.0,0.0,0.43,0.308,0.456,0.484,0.33,0.46,0.484,0.672,0.752,0.776,zero_funding,zero_funding,zero_funding
5000144350.0,Middlebury town,9175,True,102.63,6.418684222981971,10.654685494223363,20.74114441416894,10.876565295169948,34.88372093023256,86169.0,1397647.470783,152.7817523811762,0.9,0.048,0.428,0.776,0.35000000000000003,0.214,-0.03200000000000003,-0.458,-0.5940000000000001,2054302.831962238,223.90221601768263,0.557550979615522,0.652,0.7928286852589641,-0.9043824701195219,-0.14741035856573703,0.545816733067729,-0.3027888446215139,-0.14741035856573703,-0.1470173848057534,-1.889106427911479,-1.960861987006814,1.3244683050447685,-0.8157065371167023,0.2988047808764944,0.6,0.020689655172413793,0.79,0.9,0.048,0.428,0.908,0.238,0.428,0.39,0.064,0.14,aligned,overfunded,overfunded
5002344500.0,Middlesex town,1943,True,103.069751,3.278269517099217,3.828246249353337,20.63818836850232,0.8032128514056224,3.3467202141900936,109632.0,363118.8484904925,261.23347889464094,0.396,0.386,0.234,0.308,0.303,0.117,-0.6839999999999999,-0.6890000000000001,-0.875,3834121.9684296777,1973.300035218568,291.0271086909734,0.21999999999999997,-0.2111553784860557,-0.2310756972111554,-0.5338645418326693,-0.38645418326693226,-0.39641434262948205,-0.5338645418326693,-3.1424966002229757,-2.841909014914867,-2.8884751492103735,2.2568468673559057,1.3610268810576516,-0.5617529880478087,0.9833333333333333,0.7931034482758621,0.092,0.396,0.386,0.234,0.156,0.132,0.234,0.008,0.004,0.022,overfunded,overfunded,overfunded
5002144800.0,Middletown Springs town,747,True,58.815789,2.195648978761698,6.0728744939271255,26.10441767068273,2.2058823529411766,9.558823529411764,82000.0,163131.3310651342,308.8467707655976,0.144,0.564,0.024,0.306,0.516,0.012,0.043999999999999984,0.254,-0.25,0.0,0.0,12.143599571588084,0.46799999999999997,-0.7131474103585658,0.12350597609561742,-0.952191235059761,-0.3904382470119522,0.027888446215139417,-0.952191235059761,0.20214890410791067,1.0476703770513442,-0.8252786140601067,-1.0,0.07134329487444835,-0.06772908366533847,0.0,0.22758620689655173,0.388,0.144,0.564,0.024,0.15,0.528,0.024,0.502,0.788,0.444,zero_funding,zero_funding,zero_funding
5000745250.0,Milton town,10769,True,157.905611,4.339139079761296,3.62184249628529,15.981056736930077,1.3270142180094786,13.127962085308056,118977.0,2215641.511627,208.3544773017679,0.964,0.184,0.252,0.5733333333333334,0.18333333333333335,0.126,0.31133333333333335,-0.07866666666666666,-0.136,0.0,0.0,41.4818717423156,0.18266666666666667,0.9203187250996014,-0.6334661354581673,-0.49800796812749004,0.14209827357237725,-0.6347941567065073,-0.49800796812749004,1.4303566396726413,-0.3244753398741696,-0.4489515660486981,-1.0,0.5592587183029745,-0.6361221779548472,0.0,0.43448275862068964,0.052,0.964,0.184,0.252,0.636,0.016,0.252,0.9,0.394,0.604,zero_funding,zero_funding,zero_funding
5000145550.0,Monkton town,1999,True,93.936556,2.80994210589439,4.202101050525263,20.210105052526263,0.0,3.4238488783943333,119688.0,374006.4294704332,220.1301079595617,0.428,0.208,0.466,0.29933333333333334,0.18933333333333333,0.233,0.03733333333333333,-0.07266666666666668,-0.028999999999999998,0.0,0.0,7.122991123282927,0.17066666666666666,-0.14741035856573703,-0.5856573705179283,-0.0717131474103585,-0.4037184594953519,-0.6228419654714475,-0.0717131474103585,0.1715202822733788,-0.29972722073122454,-0.09573231923097238,-1.0,-0.12880518563422172,-0.6600265604249667,0.0,0.14482758620689656,0.036,0.428,0.208,0.466,0.128,0.02,0.466,0.48,0.408,0.766,zero_funding,zero_funding,zero_funding
5001145850.0,Montgomery town,1047,True,146.144359,3.463631761148268,15.56829035339064,33.90639923591213,4.513888888888888,19.270833333333336,53289.0,591322.8747007156,296.3787172665342,0.652,0.506,0.686,0.7433333333333334,0.6703333333333333,0.343,-0.18866666666666665,-0.2616666666666667,-0.589,681782.1508062298,651.1768393564754,59.6160861762737,0.8346666666666667,0.298804780876494,0.007968127490039834,0.3665338645418328,0.4807436918990706,0.3353253652058432,0.3665338645418328,-0.8667899979172536,-1.0792929737339965,-1.9443564147256114,1.7814287975973295,0.7071056943388265,0.662682602921647,0.8583333333333333,0.47586206896551725,0.976,0.652,0.506,0.686,0.884,0.812,0.686,0.264,0.204,0.152,aligned,aligned,aligned
5002346000.0,Montpelier city,8014,True,26.553075,8.929176920570116,6.46014355874575,24.31994010481657,9.621069604944909,46.89599570008063,81030.0,3040002.702999,377.4056738670391,0.98,0.7,0.224,0.8006666666666666,0.6606666666666666,0.112,0.04466666666666663,-0.09533333333333338,-0.644,1116287.2777272472,139.29214845610772,1499.0011868804634,0.6213333333333333,0.952191235059761,0.394422310756972,-0.5537848605577689,0.594953519256308,0.3160690571049136,-0.5537848605577689,0.20521176629136378,-0.3932201152712396,-2.125917709818835,1.1219065917876687,2.0416026531117613,0.23771580345285548,0.49166666666666664,0.9586206896551724,0.72,0.98,0.7,0.224,0.94,0.792,0.224,0.508,0.384,0.116,underfunded,underfunded,low_priority
5002346225.0,Moretown town,1532,True,103.78357,4.526167073739779,3.0678851174934727,18.01566579634465,2.8963414634146343,15.091463414634148,104423.0,597860.7344038932,392.924967763366,0.66,0.794,0.574,0.45933333333333337,0.5263333333333333,0.287,-0.42066666666666663,-0.3536666666666667,-0.593,557322.371717449,363.78744890172914,1907.0463946389348,0.25866666666666666,0.31474103585657387,0.5816733067729085,0.143426294820717,-0.08499335989375822,0.04847277556440899,0.143426294820717,-1.9326660377589648,-1.458764133925822,-1.957560872550573,1.5320562833730746,2.141675128718937,-0.4847277556440902,0.75,0.9862068965517241,0.124,0.66,0.794,0.574,0.436,0.548,0.574,0.104,0.12,0.144,overfunded,aligned,aligned
5001946450.0,Morgan town,827,True,88.379076,1.409018689670974,9.963547995139733,27.69044740024184,0.7853403141361256,15.18324607329843,91250.0,327868.65007102,467.2925046526868,0.336,0.884,0.556,0.43666666666666665,0.7106666666666667,0.278,0.17466666666666664,0.44866666666666666,0.016000000000000014,0.0,0.0,0.0,0.5373333333333333,-0.3306772908366533,0.7609561752988048,0.10756972111553798,-0.1301460823373174,0.41567065073041176,0.10756972111553798,0.8024698920647365,1.8506093536891197,0.05281783129984688,-1.0,-1.0,0.07038512616201875,0.0,0.0,0.55,0.336,0.884,0.556,0.392,0.868,0.556,0.724,0.94,0.822,zero_funding,zero_funding,zero_funding
5001546675.0,Morristown town,5722,True,132.864345,4.42686586030683,9.800427655024947,25.46312478154492,3.167271527548664,35.037941273507094,66273.0,1198769.58639,221.012091886062,0.868,0.224,0.676,0.7353333333333334,0.41333333333333333,0.338,0.06733333333333336,-0.2546666666666667,-0.33,362560.1981497333,63.36249530753814,95.8836337484049,0.6026666666666667,0.7290836653386454,-0.5537848605577689,0.3466135458167332,0.46480743691899074,-0.17662682602921642,0.3466135458167332,0.30934908052877264,-1.0504201680672272,-1.089367770559341,0.7874664065562529,0.9021443020550968,0.20053120849933626,0.30833333333333335,0.5793103448275863,0.692,0.868,0.224,0.676,0.872,0.336,0.676,0.548,0.22,0.38,underfunded,low_priority,underfunded
5002147200.0,Mount Holly town,1415,True,128.340107,2.5786098053786377,11.9434628975265,27.985865724381625,1.8363939899833053,7.846410684474124,78015.0,543328.8581062902,289.47499297945205,0.632,0.49,0.302,0.6313333333333333,0.5603333333333333,0.151,0.3693333333333333,0.29833333333333334,-0.11100000000000002,0.0,0.0,116.70796682889583,0.6306666666666666,0.2589641434262948,-0.0239043824701195,-0.398406374501992,0.25763612217795484,0.1162018592297478,-0.398406374501992,1.696825649633069,1.23053147960755,-0.3664237046426875,-1.0,0.9831193114901813,0.2563081009296151,0.0,0.6206896551724138,0.74,0.632,0.49,0.302,0.746,0.62,0.302,0.944,0.824,0.648,zero_funding,zero_funding,zero_funding
5002147425.0,Mount Tabor town,304,True,114.610982,2.982774593145332,10.96345514950166,42.43421052631579,1.9230769230769231,7.6923076923076925,,241435.00528519813,314.2093142627345,0.244,0.586,0.164,0.4646666666666667,0.6356666666666666,0.082,0.20266666666666666,0.3736666666666666,-0.18,0.0,0.0,0.0,0.6853333333333333,-0.5139442231075697,0.1673306772908365,-0.6733067729083666,-0.07436918990703856,0.26626826029216444,-0.6733067729083666,0.9311101037697707,1.5412578644023054,-0.5942006021232769,-1.0,-1.0,0.36520584329349304,0.0,0.0,0.852,0.244,0.586,0.164,0.452,0.74,0.164,0.764,0.88,0.544,zero_funding,zero_funding,zero_funding
5000148700.0,New Haven town,1792,True,107.498069,4.838562153332261,3.125,22.209821428571427,1.797175866495507,21.822849807445444,92321.0,375349.99950998765,254.3329518025838,0.436,0.36,0.872,0.36933333333333335,0.33133333333333337,0.436,0.10733333333333334,0.06933333333333336,0.174,0.0,0.0,8.513383752474493,0.3026666666666667,-0.13147410358565736,-0.2828685258964144,0.7370517928286853,-0.2642762284196547,-0.3399734395750331,0.7370517928286853,0.4931208115359641,0.2859782656518106,0.5743939153858343,-1.0,-0.06309176442005904,-0.3970783532536518,0.0,0.15862068965517243,0.182,0.436,0.36,0.872,0.272,0.2,0.872,0.624,0.568,0.932,zero_funding,zero_funding,zero_funding
5000547725.0,Newark town,727,True,96.450594,2.440591569152918,22.420907840440165,19.944979367262725,0.684931506849315,9.246575342465754,72929.0,168816.51969868442,221.72579533015875,0.156,0.25,0.502,0.31266666666666665,0.3596666666666667,0.251,0.05066666666666664,0.09766666666666668,-0.01100000000000001,0.0,0.0,0.0,0.4693333333333333,-0.6892430278884463,-0.50199203187251,0.0,-0.37715803452855245,-0.2835325365205843,0.0,0.23277752594244255,0.40284438382682924,-0.03631225901864473,-1.0,-1.0,-0.06507304116865853,0.0,0.0,0.396,0.156,0.25,0.502,0.176,0.264,0.502,0.528,0.624,0.788,zero_funding,zero_funding,zero_funding
5001748175.0,Newbury town,2169,True,167.235867,2.449413697765808,14.046511627906977,23.559243891194097,10.435663627152987,19.250253292806484,62316.0,826896.342005,360.617680769734,0.788,0.664,0.416,0.778,0.716,0.208,0.516,0.45399999999999996,-0.05400000000000002,0.0,0.0,5.831835965955699,0.7679999999999999,0.5697211155378488,0.3227091633466137,-0.17131474103585664,0.549800796812749,0.4262948207171313,-0.17131474103585664,2.3706553299927715,1.872607681816182,-0.17826018063698312,-1.0,-0.20080036106674726,0.5298804780876496,0.0,0.1310344827586207,0.932,0.788,0.664,0.416,0.916,0.874,0.416,0.984,0.946,0.716,zero_funding,zero_funding,zero_funding
5002548400.0,Newfane town,1456,True,103.678298,4.744363151860622,10.92032967032967,29.18956043956044,1.25,12.777777777777777,66719.0,799543.4124,486.0446275987842,0.776,0.912,0.476,0.6873333333333334,0.7553333333333334,0.238,-0.2366666666666667,-0.16866666666666663,-0.686,895786.5528384381,615.2380170593668,240.717126826138,0.5986666666666667,0.545816733067729,0.8167330677290838,-0.05179282868525903,0.36918990703851273,0.5046480743691901,-0.05179282868525903,-1.0873160751258837,-0.6956971270183465,-2.264564516980933,1.7571000051429522,1.2823882585523907,0.19256308100929642,0.8416666666666667,0.7724137931034483,0.682,0.776,0.912,0.476,0.818,0.912,0.476,0.222,0.308,0.088,aligned,aligned,overfunded
5001948850.0,Newport city,4394,True,19.745988,3.618880267459072,22.995991983967937,25.76240327719617,14.574101427868044,42.44214672575086,54646.0,948831.051566,212.9811563560045,0.84,0.196,0.28,0.8586666666666667,0.5366666666666667,0.14,0.5966666666666667,0.2746666666666667,-0.122,0.0,0.0,5.884513369134876,0.8773333333333334,0.6733067729083664,-0.6095617529880478,-0.4422310756972111,0.7104913678618858,0.06905710491367878,-0.4422310756972111,2.741261654190608,1.132913898543711,-0.4027359636613321,-1.0,-0.1976057961264024,0.7476759628154055,0.0,0.13793103448275862,0.992,0.84,0.196,0.28,0.98,0.572,0.28,0.996,0.812,0.632,zero_funding,zero_funding,zero_funding
5001948925.0,Newport town,1601,True,112.721085,1.8591669932286816,8.930817610062892,27.108057464084943,9.274193548387096,18.27956989247312,71202.0,367452.0244311359,299.9660657165936,0.416,0.548,0.926,0.578,0.6439999999999999,0.463,0.31599999999999995,0.3819999999999999,0.201,0.0,0.0,2.2195944496318303,0.7399999999999999,-0.17131474103585664,0.09163346613545831,0.8446215139442232,0.15139442231075684,0.2828685258964141,0.8446215139442232,1.4517966749568134,1.57563025210084,0.6635240057043259,-1.0,-0.5137012469374294,0.47410358565737054,0.0,0.041379310344827586,0.9,0.416,0.548,0.926,0.648,0.768,0.926,0.908,0.9,0.972,zero_funding,zero_funding,zero_funding
5001350650.0,North Hero town,1263,True,119.146162,0.0,7.28424386381631,27.315914489311165,1.1583011583011582,3.667953667953668,102143.0,693653.1699059752,478.01203018985547,0.74,0.898,0.94,0.6086666666666667,0.6876666666666666,0.47,-0.055333333333333345,0.023666666666666614,-0.19400000000000006,78578.98512860043,62.216140244339215,179.2795424997062,0.47733333333333333,0.47410358565737054,0.7888446215139442,0.8725099601593624,0.21248339973439578,0.3698539176626825,0.8725099601593624,-0.2542175612266151,0.09761758106383894,-0.6404162045106431,0.7797528500696782,1.160420276765929,-0.04913678618857886,0.3,0.7172413793103448,0.402,0.74,0.898,0.94,0.712,0.844,0.94,0.344,0.512,0.528,underfunded,underfunded,underfunded
5002350275.0,Northfield town,5920,True,115.930662,3.364858314110601,12.531522793404465,20.0,2.4789522918615527,26.4733395696913,71768.0,859648.616979067,254.70539004041703,0.816,0.372,0.336,0.6606666666666666,0.43866666666666665,0.168,-0.2433333333333334,-0.4653333333333334,-0.736,2974504.055630063,502.4500093969701,168.7737101930535,0.5053333333333333,0.6254980079681274,-0.2589641434262948,-0.3306772908366533,0.3160690571049136,-0.12616201859229748,-0.3306772908366533,-1.1179446969604159,-1.9193541290861897,-2.4296202397929543,1.670335304163801,1.135448435999018,0.006640106241700083,0.8,0.6896551724137931,0.474,0.816,0.372,0.336,0.776,0.388,0.336,0.208,0.06,0.076,aligned,overfunded,overfunded
5000952750.0,Norton town,108,True,100.475722,2.9182080431370587,12.962962962962962,31.48148148148148,3.571428571428571,0.0,65625.0,98841.09444565844,551.9428093876338,0.056,0.972,0.446,0.41066666666666674,0.8686666666666667,0.223,0.14866666666666672,0.6066666666666667,-0.03900000000000001,0.0,0.0,0.0,0.7653333333333334,-0.8884462151394422,0.9362549800796811,-0.11155378486055778,-0.1819389110225762,0.7304116865869854,-0.11155378486055778,0.6830182669100623,2.502309824453342,-0.12874346379337667,-1.0,-1.0,0.5245683930942899,0.0,0.0,0.928,0.056,0.972,0.446,0.352,0.992,0.446,0.688,1.0,0.746,zero_funding,zero_funding,zero_funding
5002752900.0,Norwich town,3640,True,115.90646,2.358078696231343,2.774725274725274,16.043956043956044,0.7178750897343862,28.068916008614504,140313.0,1495426.18076,414.0161076301218,0.92,0.816,0.604,0.5226666666666667,0.4706666666666666,0.302,-0.05333333333333323,-0.10533333333333333,-0.27399999999999997,55748.40447628458,15.315495735243015,12.777970632434007,0.12533333333333332,0.8326693227091635,0.6254980079681274,0.20318725099601598,0.04116865869853936,-0.06241699867197881,0.20318725099601598,-0.24502897467625498,-0.43446698050948135,-0.9045053610098769,0.19840918885530767,0.09094740536354395,-0.750332005312085,0.11666666666666667,0.2413793103448276,0.024,0.92,0.816,0.604,0.556,0.452,0.604,0.348,0.364,0.408,underfunded,low_priority,underfunded
5001753425.0,Orange town,957,True,100.924205,2.159774215043313,7.628004179728317,19.435736677115987,4.239401496259352,12.219451371571072,71302.0,248631.0813000037,239.2632673884616,0.264,0.302,0.242,0.3546666666666667,0.3736666666666667,0.121,-0.16933333333333334,-0.15033333333333332,-0.403,1238.4036623894483,1.2940477140955575,0.0,0.44533333333333336,-0.47410358565737054,-0.398406374501992,-0.5179282868525896,-0.2934926958831341,-0.25564409030544477,-0.5179282868525896,-0.777966994597111,-0.6200778740815698,-1.3303491258648923,-0.6436176910427924,-1.0,-0.11288180610889753,0.008333333333333333,0.0,0.348,0.264,0.302,0.242,0.244,0.296,0.242,0.272,0.328,0.32,low_priority,low_priority,low_priority
5000153725.0,Orwell town,1294,True,128.777307,3.099763930462214,10.825545171339565,24.034003091190108,3.0828516377649327,12.716763005780344,70417.0,266720.8232014887,185.65188663748827,0.284,0.124,0.844,0.44066666666666665,0.3606666666666667,0.422,-0.19533333333333336,-0.2753333333333333,-0.21400000000000002,45412.99838688646,35.095052849216735,0.0,0.5973333333333334,-0.4342629482071714,-0.7529880478087649,0.6812749003984062,-0.12217795484727756,-0.28154050464807434,0.6812749003984062,-0.8974186197517857,-1.1356636895595935,-0.7064384936354514,0.5392208407195551,-1.0,0.18990703851261648,0.24166666666666667,0.0,0.676,0.284,0.124,0.844,0.402,0.268,0.844,0.252,0.192,0.49,low_priority,low_priority,underfunded
5000153950.0,Panton town,690,True,57.065577,4.333156429704255,3.2023289665211063,16.666666666666664,4.924242424242424,16.28787878787879,86667.0,199279.2196448024,254.3329518025838,0.188,0.36,0.872,0.2513333333333333,0.3373333333333333,0.436,-0.010666666666666713,0.07533333333333331,0.174,0.0,0.0,0.0,0.31466666666666665,-0.6254980079681275,-0.2828685258964144,0.7370517928286853,-0.4993359893758301,-0.3280212483399735,0.7370517928286853,-0.049005794935251305,0.3107263847947555,0.5743939153858343,-1.0,-1.0,-0.3731739707835324,0.0,0.0,0.196,0.188,0.36,0.872,0.076,0.208,0.872,0.424,0.576,0.932,zero_funding,zero_funding,zero_funding
5002154250.0,Pawlet town,1480,True,111.502761,4.304836249545264,9.972862957937584,27.29729729729729,7.166666666666667,12.166666666666668,62273.0,502280.448807,352.72503427457866,0.596,0.628,0.112,0.6713333333333333,0.6873333333333334,0.056,-0.2406666666666667,-0.22466666666666668,-0.856,852992.7181359925,576.346431172968,76.58348093626309,0.7466666666666666,0.1872509960159361,0.250996015936255,-0.7768924302788844,0.3373173970783532,0.36918990703851273,-0.7768924302788844,-1.1056932482266029,-0.9266795723525014,-2.8257539745418057,1.7291193392865503,0.8097485581670525,0.4873837981407705,0.8166666666666667,0.5310344827586206,0.912,0.596,0.628,0.112,0.804,0.838,0.112,0.214,0.262,0.028,aligned,aligned,overfunded
5000554400.0,Peacham town,887,True,123.582702,1.2144106179722376,10.597519729425027,33.59639233370913,2.926829268292684,23.902439024390244,90000.0,348254.5921166612,355.7499576710894,0.364,0.656,0.788,0.5346666666666666,0.6806666666666668,0.394,-0.03733333333333333,0.1086666666666668,-0.17799999999999994,13469.367847235344,15.18530760680422,52.0692602005097,0.7053333333333334,-0.2749003984063745,0.3067729083665338,0.5697211155378488,0.06507304116865864,0.355909694555113,0.5697211155378488,-0.1715202822733788,0.44821593558889583,-0.5875983732107958,0.19497059101581504,0.6518059940156078,0.4050464807436922,0.10833333333333334,0.4689655172413793,0.868,0.364,0.656,0.788,0.582,0.82,0.788,0.368,0.644,0.552,underfunded,underfunded,underfunded
5000355000.0,Peru town,434,True,97.092669,1.492604307553345,1.8433179723502304,21.428571428571427,0.0,20.958083832335326,151875.0,332256.8541405451,426.2547715026455,0.344,0.83,0.528,0.24866666666666665,0.49166666666666664,0.264,-0.013333333333333364,0.22966666666666663,0.0020000000000000018,0.0,0.0,0.0,0.15333333333333332,-0.31474103585657376,0.6533864541832668,0.05179282868525892,-0.5046480743691899,-0.02058432934926968,0.05179282868525892,-0.061257243669064,0.9473030049716221,0.00660222891248086,-1.0,-1.0,-0.694555112881806,0.0,0.0,0.028,0.344,0.83,0.528,0.072,0.484,0.528,0.42,0.768,0.808,zero_funding,zero_funding,zero_funding
5002155450.0,Pittsfield town,391,True,53.209,4.064307662216839,8.439897698209718,30.434782608695656,3.1746031746031744,23.809523809523807,65852.0,133431.0475460772,352.58807731361287,0.088,0.624,0.142,0.37,0.638,0.071,-0.626,-0.358,-0.925,1064664.1979273397,2722.926337410076,100.41416396726363,0.652,-0.8247011952191236,0.24302788844621515,-0.7171314741035857,-0.26294820717131473,0.27091633466135456,-0.7171314741035857,-2.8760275902625483,-1.4766377755290598,-3.053530872022395,2.394993199008444,0.9211520423353252,0.2988047808764944,0.9916666666666667,0.593103448275862,0.79,0.088,0.624,0.142,0.276,0.744,0.142,0.02,0.112,0.008,overfunded,aligned,overfunded
5002155600.0,Pittsford town,2892,True,112.771609,8.339907893131846,11.311589174184594,25.44951590594744,1.653486700215672,19.410496046010064,69705.0,530654.134401,185.41374367610064,0.62,0.12,0.148,0.5906666666666667,0.3406666666666667,0.074,0.32866666666666666,0.07866666666666666,-0.188,0.0,0.0,24.183894794383995,0.5613333333333334,0.2350597609561753,-0.7609561752988048,-0.7051792828685259,0.17662682602921653,-0.3213811420982735,-0.7051792828685259,1.5099910564424242,0.3244753398741696,-0.6206095177732003,-1.0,0.3417935161164154,0.11819389110225798,0.0,0.36551724137931035,0.592,0.62,0.12,0.148,0.672,0.216,0.148,0.92,0.584,0.536,zero_funding,zero_funding,zero_funding
5002355825.0,Plainfield town,1314,True,54.61275,3.223072374777262,11.62079510703364,21.080669710806696,3.2478632478632483,19.14529914529915,69250.0,231436.7433166375,265.9202930455186,0.22,0.414,0.78,0.38733333333333336,0.4843333333333334,0.39,-0.3326666666666666,-0.23566666666666658,-0.32999999999999996,134250.2400768246,102.16913247855751,1186.8746911162116,0.5546666666666668,-0.5617529880478087,-0.17529880478087656,0.5537848605577689,-0.22841965471447534,-0.035192563081009154,0.5537848605577689,-1.528368229543143,-0.9720511241145671,-1.0893677705593408,0.9899851654401481,1.9445720318616893,0.10491367861885825,0.4166666666666667,0.9103448275862069,0.584,0.22,0.414,0.78,0.304,0.476,0.78,0.124,0.248,0.384,low_priority,low_priority,underfunded
5002756050.0,Plymouth town,533,True,126.223344,2.3673029921854183,2.814258911819888,32.645403377110696,1.3215859030837005,22.02643171806168,87614.0,456953.965263881,598.0812560959791,0.544,0.984,0.386,0.488,0.708,0.193,-0.492,-0.272,-0.7869999999999999,738349.640774843,1385.2713710597432,1311.89542130828,0.432,0.08366533864541847,0.9601593625498008,-0.2310756972111554,-0.027888446215139417,0.41035856573705165,-0.2310756972111554,-2.2603922913884564,-1.1219147344801796,-2.597977077061216,2.105079141552547,1.986191279794836,-0.1394422310756971,0.9583333333333334,0.9310344827586207,0.324,0.544,0.984,0.386,0.5,0.864,0.386,0.06,0.2,0.036,overfunded,aligned,overfunded
5002756350.0,Pomfret town,908,True,102.440658,2.18356099772795,5.837004405286344,29.51541850220265,3.9260969976905313,18.70669745958429,84229.0,359664.27830968547,378.88313203779,0.384,0.73,0.83,0.4853333333333333,0.6583333333333332,0.415,0.22333333333333327,0.3963333333333332,0.15299999999999997,0.0,0.0,0.0,0.5866666666666666,-0.2350597609561753,0.45418326693227096,0.6533864541832668,-0.03320053120849942,0.3114209827357235,0.6533864541832668,1.0260588314568195,1.63475075894232,0.5050705118047852,-1.0,-1.0,0.1686586985391767,0.0,0.0,0.648,0.384,0.73,0.83,0.488,0.784,0.83,0.796,0.904,0.902,zero_funding,zero_funding,zero_funding
5002156875.0,Poultney town,3010,True,112.963902,3.177514040474004,8.910188143414981,22.75747508305648,4.182879377431906,28.696498054474706,72617.0,687362.21210592,248.73994546528107,0.736,0.346,0.808,0.656,0.461,0.404,0.01200000000000001,-0.183,-0.24,125119.22885948444,41.56785011943004,84.4407479100093,0.5760000000000001,0.4661354581673307,-0.31075697211155384,0.6095617529880479,0.3067729083665338,-0.0816733067729083,0.6095617529880479,0.055131519302157525,-0.7548176338598267,-0.7922674694977024,0.6100165409281615,0.849870296443018,0.14741035856573736,0.25833333333333336,0.5448275862068965,0.628,0.736,0.346,0.808,0.768,0.428,0.808,0.438,0.288,0.456,underfunded,low_priority,underfunded
5000357025.0,Pownal town,3265,True,121.817675,3.874966196747695,8.637059724349157,27.503828483920365,0.7806955287437899,7.381121362668559,64163.0,882432.242095,270.85090303713935,0.832,0.432,0.6,0.6653333333333333,0.4653333333333333,0.3,0.4033333333333333,0.2033333333333333,0.03799999999999998,0.0,0.0,0.0,0.49866666666666665,0.6573705179282867,-0.1394422310756972,0.19521912350597614,0.3253652058432934,-0.07304116865869859,0.19521912350597614,1.8530316209891817,0.8386862598442518,0.12544234933713616,-1.0,-1.0,-0.006640106241699639,0.0,0.0,0.46,0.832,0.432,0.6,0.79,0.44,0.6,0.964,0.732,0.836,zero_funding,zero_funding,zero_funding
5002157250.0,Proctor town,1794,True,19.638176,12.042715377307225,16.220735785953178,22.35228539576366,5.072463768115942,13.333333333333334,74167.0,538995.080999,305.7260811111741,0.624,0.556,0.016,0.664,0.6300000000000001,0.008,0.402,0.3680000000000001,-0.254,0.0,0.0,131.63603975983762,0.7040000000000001,0.24302788844621515,0.10756972111553798,-0.9681274900398407,0.3227091633466137,0.2549800796812751,-0.9681274900398407,1.8469058966222756,1.5178846407673023,-0.8384830718850684,-1.0,1.0327792136978777,0.4023904382470125,0.0,0.6413793103448275,0.864,0.624,0.556,0.016,0.784,0.736,0.016,0.96,0.876,0.436,zero_funding,zero_funding,zero_funding
5002557700.0,Putney town,2622,True,69.225302,2.687257460227331,16.029479502533395,18.115942028985508,2.0044543429844097,27.17149220489977,79706.0,424911.35692,163.2390921705724,0.5,0.072,0.168,0.494,0.27999999999999997,0.084,0.23199999999999998,0.01799999999999996,-0.178,0.0,0.0,0.0,0.488,-0.003984063745019917,-0.8565737051792829,-0.6653386454183267,-0.015936254980079667,-0.4422310756972112,-0.6653386454183267,1.065876039841711,0.07424435742883526,-0.587598373210796,-1.0,-1.0,-0.027888446215139306,0.0,0.0,0.43,0.5,0.072,0.168,0.52,0.112,0.168,0.82,0.504,0.548,zero_funding,zero_funding,zero_funding
5001758075.0,Randolph town,4843,True,124.632353,5.392037279165794,7.678650687971593,22.899029527152592,5.674102812803104,32.78370514064016,76758.0,1145950.86481,240.0399800607457,0.86,0.32,0.724,0.7186666666666667,0.44866666666666666,0.362,0.15466666666666673,-0.11533333333333329,-0.20199999999999996,61956.20273531778,12.79293882620644,5.230289357375438,0.5773333333333334,0.7131474103585658,-0.36254980079681276,0.4422310756972112,0.43160690571049143,-0.10624169986719789,0.4422310756972112,0.7105840265611411,-0.475713845747723,-0.6668251201605662,0.1263193836538048,-0.23913457037671282,0.1500664010624173,0.09166666666666666,0.11724137931034483,0.632,0.86,0.32,0.724,0.864,0.4,0.724,0.692,0.356,0.508,underfunded,low_priority,underfunded
5002758375.0,Reading town,699,True,106.918627,1.8031465142660568,8.44062947067239,28.183118741058657,0.0,15.100671140939598,85000.0,476372.260868089,376.2592335037001,0.564,0.694,0.29,0.51,0.575,0.145,0.248,0.31299999999999994,-0.11700000000000002,0.0,0.0,656.9012915437739,0.456,0.12350597609561742,0.38247011952191223,-0.4223107569721116,0.015936254980079667,0.14541832669322696,-0.4223107569721116,1.1393847322445878,1.2910268819569712,-0.38623039138013004,-1.0,1.698828073248717,-0.09163346613545797,0.0,0.8827586206896552,0.368,0.564,0.694,0.29,0.54,0.64,0.29,0.836,0.836,0.64,zero_funding,zero_funding,zero_funding
5000358600.0,Readsboro town,807,True,93.96168,2.132440067966091,7.347447073474471,20.57001239157373,7.179487179487179,23.589743589743588,55268.0,150152.6477448261,381.8927683032667,0.116,0.746,0.59,0.32333333333333336,0.6383333333333334,0.295,-0.6366666666666666,-0.32166666666666655,-0.665,706334.2396876831,875.2592809017139,0.0,0.5306666666666667,-0.7689243027888446,0.4860557768924303,0.17529880478087634,-0.3559096945551128,0.27158034528552477,0.17529880478087634,-2.925033385197799,-1.3267741651634473,-2.195241113399884,1.9081949424146956,-1.0,0.05710491367861925,0.9166666666666666,0.0,0.532,0.116,0.746,0.59,0.194,0.752,0.59,0.016,0.152,0.1,overfunded,aligned,aligned
5001159125.0,Richford town,2467,True,111.902547,4.614705082203917,19.542619542619544,23.42926631536279,4.892966360856269,29.561671763506624,56853.0,452819.3462292842,296.3787172665342,0.536,0.506,0.686,0.6313333333333333,0.6163333333333333,0.343,-0.01666666666666672,-0.03166666666666673,-0.305,136288.86692352078,55.2447778368548,0.0,0.7266666666666666,0.06772908366533881,0.007968127490039834,0.3665338645418328,0.25763612217795484,0.22775564409030524,0.3665338645418328,-0.07657155458633007,-0.13061507325443295,-1.0068399091533302,0.7296009586968897,-1.0,0.4475431606905711,0.26666666666666666,0.0,0.896,0.536,0.506,0.686,0.746,0.712,0.686,0.416,0.456,0.4,underfunded,underfunded,underfunded
5000759275.0,Richmond town,4159,True,85.190786,6.959644221791283,4.231786487136331,19.52392402019716,1.1400651465798046,21.172638436482085,108235.0,1922617.41997,461.3912694912407,0.944,0.876,0.976,0.5846666666666667,0.5506666666666666,0.488,-0.16733333333333333,-0.20133333333333336,-0.264,571150.0071015822,137.32868648751676,217.8617568488323,0.2253333333333333,0.8804780876494023,0.7450199203187251,0.9442231075697212,0.16467463479415678,0.09694555112881797,0.9442231075697212,-0.7687784080467515,-0.8304368867966037,-0.8714942164474728,1.1158571142448137,1.2410773395096597,-0.5511288180610889,0.48333333333333334,0.7448275862068966,0.096,0.944,0.876,0.976,0.658,0.604,0.976,0.276,0.28,0.42,underfunded,underfunded,underfunded
5000159650.0,Ripton town,508,True,128.071817,1.937199849370804,8.57843137254902,30.511811023622048,0.0,9.090909090909092,112917.0,261278.5603060736,377.62968744089017,0.28,0.712,0.614,0.388,0.604,0.307,-0.568,-0.352,-0.649,443447.1327680613,872.927426708782,36.976109003793205,0.496,-0.4422310756972111,0.4183266932270915,0.22310756972111556,-0.22709163346613548,0.20318725099601598,0.22310756972111556,-2.6095585803021204,-1.4518896563861148,-2.142423282100037,1.9070512241877924,0.5126274121742125,-0.011952191235059528,0.9083333333333333,0.42758620689655175,0.446,0.28,0.712,0.614,0.308,0.674,0.614,0.032,0.124,0.108,overfunded,aligned,aligned
5002760100.0,Rochester town,1389,True,148.015152,3.780826935905626,18.502519798416124,31.46148308135349,5.189340813464235,13.88499298737728,72676.0,682196.9325053333,404.89630058338827,0.732,0.812,0.766,0.7926666666666666,0.8326666666666667,0.383,-0.03933333333333333,0.0006666666666667043,-0.44899999999999995,372293.6439037499,268.0299812122029,233.06010419199148,0.8533333333333332,0.4581673306772909,0.6175298804780878,0.5258964143426295,0.5790172642762283,0.6586985391766269,0.5258964143426295,-0.18070886882373838,0.0027497910158829483,-1.4822003908519517,1.4013646754281361,1.2690002018952646,0.699867197875166,0.65,0.7655172413793103,0.984,0.732,0.812,0.766,0.928,0.98,0.766,0.364,0.492,0.28,aligned,aligned,aligned
5002560250.0,Rockingham town,4807,True,109.263619,3.544192227180471,16.673657718120804,29.769086748491784,14.813126709206928,38.33181403828623,70857.0,1813857.039003,375.4620242192093,0.936,0.688,0.672,0.9286666666666668,0.8046666666666666,0.336,0.21666666666666679,0.09266666666666667,-0.37599999999999995,428457.58925002505,89.13201357395987,23.25266228404761,0.9213333333333334,0.8645418326693228,0.3705179282868525,0.33864541832669337,0.8499335989375831,0.6029216467463479,0.33864541832669337,0.9954302096222883,0.38222095120770827,-1.2412190355464003,0.9320010846161313,0.3261229367875318,0.8353253652058439,0.4,0.3448275862068966,1.0,0.936,0.688,0.672,1.0,0.964,0.672,0.78,0.612,0.336,underfunded,underfunded,underfunded
5002360625.0,Roxbury town,942,True,108.124651,1.7198331214267777,25.12790868360922,18.683651804670912,0.5714285714285714,6.0,73214.0,626274.2070259331,194.43896032374252,0.68,0.168,0.472,0.5626666666666666,0.30666666666666664,0.236,0.30066666666666664,0.04466666666666663,-0.026000000000000023,0.0,0.0,22.033714910570914,0.4453333333333333,0.35458167330677304,-0.6653386454183267,-0.05976095617529886,0.12084993359893748,-0.3891102257636123,-0.05976095617529886,1.38135084473739,0.184235998064147,-0.08582897586225118,-1.0,0.30467582062512655,-0.11288180610889764,0.0,0.3310344827586207,0.344,0.68,0.168,0.472,0.62,0.14,0.472,0.888,0.524,0.772,zero_funding,zero_funding,zero_funding
5002760850.0,Royalton town,2752,True,106.058692,6.108016784531991,12.972383720930234,22.05668604651163,6.369426751592357,36.54458598726114,103938.0,842409.544766,306.33074355127275,0.8,0.56,0.58,0.7413333333333334,0.6213333333333333,0.29,-0.046666666666666634,-0.16666666666666674,-0.49800000000000005,539820.0859603267,196.1555544913978,209.0035745497713,0.6826666666666666,0.5936254980079683,0.11553784860557781,0.15537848605577675,0.4767596281540505,0.23771580345285526,0.15537848605577675,-0.21440035284172337,-0.6874477539706986,-1.643954999207733,1.2679528212897933,1.2238939351059357,0.35989375830013315,0.5583333333333333,0.7310344827586207,0.848,0.8,0.56,0.58,0.88,0.716,0.58,0.36,0.312,0.224,aligned,aligned,aligned
5000361000.0,Rupert town,676,True,115.987743,2.7895636088299924,5.970149253731343,42.30769230769231,2.4390243902439024,6.2717770034843205,88229.0,510640.9433602318,371.68893749205233,0.608,0.682,0.798,0.5913333333333333,0.6283333333333334,0.399,-0.2366666666666667,-0.19966666666666655,-0.42899999999999994,179341.3544494173,265.29786161156403,23.61036455786004,0.5746666666666667,0.2111553784860558,0.35856573705179295,0.5896414342629483,0.17795484727755628,0.2516600265604252,0.5896414342629483,-1.0873160751258837,-0.823562409256896,-1.416178101727143,1.3969835526816943,0.3322123137332609,0.14475431606905742,0.6416666666666667,0.3586206896551724,0.624,0.608,0.682,0.798,0.676,0.724,0.798,0.222,0.284,0.308,aligned,aligned,aligned
5002161225.0,Rutland city,15712,True,19.864553,10.405589108289195,15.31751800700456,26.17107942973524,12.314540059347182,45.13083355813326,57675.0,2677038.213392,169.35776639412916,0.976,0.088,0.332,0.9079999999999999,0.46399999999999997,0.166,0.2839999999999999,-0.16000000000000003,-0.45799999999999996,451811.488245494,28.755822826215248,75.26318443645481,0.84,0.9442231075697212,-0.8247011952191236,-0.33864541832669315,0.8087649402390436,-0.07569721115537853,-0.33864541832669315,1.30477929015106,-0.6599498438118705,-1.5119104209581156,0.45632672203387625,0.8026098798462629,0.6733067729083668,0.21666666666666667,0.5241379310344828,0.98,0.976,0.088,0.332,0.992,0.432,0.332,0.872,0.32,0.266,underfunded,low_priority,low_priority
5002161300.0,Rutland town,3927,True,49.809811,7.180736780176601,10.39160481187612,28.902470078940667,10.73345259391771,24.26952892069171,72099.0,745158.527401,191.1643220628528,0.752,0.164,0.628,0.7793333333333333,0.48533333333333334,0.314,0.03533333333333333,-0.25866666666666666,-0.43,531890.8326596615,135.44457159655246,51.304525784389234,0.8066666666666666,0.49800796812749004,-0.6733067729083666,0.250996015936255,0.5524568393094289,-0.033200531208499307,0.250996015936255,0.16233169572301923,-1.0669189141625237,-1.4194792161833836,1.1099708263331216,0.6457691571216744,0.6069057104913682,0.4666666666666667,0.46206896551724136,0.96,0.752,0.164,0.628,0.92,0.48,0.628,0.476,0.208,0.302,underfunded,low_priority,underfunded
5000561525.0,Ryegate town,1059,True,95.461674,2.141355821779364,14.542020774315391,22.096317280453256,4.044943820224719,15.280898876404494,66484.0,268979.15138082847,355.74995767108936,0.288,0.652,0.788,0.46733333333333327,0.6493333333333333,0.394,-0.2606666666666667,-0.07866666666666666,-0.33399999999999996,114390.00031647195,108.0169974659792,94.36540968795124,0.6466666666666666,-0.42629482071713154,0.298804780876494,0.5697211155378488,-0.06905710491367878,0.2934926958831341,0.5697211155378488,-1.1975791137301988,-0.3244753398741696,-1.1025722283843025,1.0136493810801048,0.8955752231804159,0.2881806108897744,0.43333333333333335,0.5655172413793104,0.778,0.288,0.652,0.788,0.456,0.772,0.788,0.192,0.394,0.376,low_priority,underfunded,underfunded
5000162575.0,Salisbury town,1200,True,77.954961,5.054909647879128,4.639175257731959,30.416666666666664,2.9723991507431,11.252653927813164,99688.0,220097.4761464463,173.39981116963878,0.208,0.094,0.062,0.37266666666666665,0.31566666666666665,0.031,0.11066666666666664,0.05366666666666664,-0.231,0.0,0.0,0.0,0.5373333333333333,-0.5856573705179283,-0.8127490039840637,-0.8764940239043825,-0.25763612217795484,-0.3711819389110226,-0.8764940239043825,0.50843512245323,0.22135817677856476,-0.7625574393915386,-1.0,-1.0,0.07038512616201875,0.0,0.0,0.55,0.208,0.094,0.062,0.284,0.156,0.062,0.64,0.536,0.474,zero_funding,zero_funding,zero_funding
5000362875.0,Sandgate town,435,True,109.588759,1.8795037253654767,9.655172413793103,25.97701149425287,1.8867924528301887,5.660377358490567,69167.0,632331.892887247,498.3990098564102,0.688,0.926,0.984,0.62,0.7390000000000001,0.492,-0.06000000000000005,0.05900000000000005,-0.18800000000000006,29501.51479438434,67.819574239964,0.0,0.552,0.3705179282868525,0.8446215139442232,0.9601593625498008,0.2350597609561753,0.4721115537848608,0.9601593625498008,-0.27565759651078764,0.2433565049056274,-0.6206095177732005,0.8162052014805579,-1.0,0.09960159362549836,0.3333333333333333,0.0,0.58,0.688,0.926,0.984,0.724,0.896,0.984,0.338,0.54,0.532,underfunded,underfunded,underfunded
5000363175.0,Searsburg town,129,True,55.451691,4.07120619736692,0.0,6.976744186046512,0.0,0.0,61071.0,88625.93047291083,381.8927683032667,0.044,0.746,0.59,0.034333333333333334,0.3853333333333333,0.295,-0.22766666666666668,0.1233333333333333,0.032999999999999974,0.0,0.0,0.0,0.02466666666666667,-0.9123505976095617,0.4860557768924303,0.17529880478087634,-0.9316069057104914,-0.23240371845949537,0.17529880478087634,-1.0459674356492656,0.5087113379383166,0.108936777055934,-1.0,-1.0,-0.9508632138114209,0.0,0.0,0.004,0.044,0.746,0.59,0.004,0.316,0.59,0.236,0.66,0.83,zero_funding,zero_funding,zero_funding
5000363550.0,Shaftsbury town,3607,True,111.582741,2.4771423741682312,9.602928752464097,21.790962018297755,3.59375,17.65625,86071.0,605531.450488,168.29667884602554,0.668,0.084,0.728,0.6060000000000001,0.314,0.364,0.3440000000000001,0.05199999999999999,0.10199999999999998,0.0,0.0,9.576165955376226,0.544,0.33067729083665354,-0.8326693227091633,0.45019920318725104,0.20717131474103612,-0.3745019920318725,0.45019920318725104,1.5804368866618481,0.21448369923885782,0.3367136745365235,-1.0,-0.01904606869071168,0.0836653386454187,0.0,0.1793103448275862,0.572,0.668,0.084,0.728,0.704,0.152,0.728,0.932,0.532,0.868,zero_funding,zero_funding,zero_funding
5002763775.0,Sharon town,1577,True,104.401738,4.096316968532488,2.9803424223208625,25.11097019657577,1.40405616224649,20.2808112324493,84375.0,366590.94570313534,378.88313203779,0.408,0.73,0.83,0.372,0.533,0.415,0.10999999999999999,0.271,0.15299999999999997,0.0,0.0,101.72020421816596,0.336,-0.1872509960159363,0.45418326693227096,0.6533864541832668,-0.2589641434262948,0.06175298804780871,0.6533864541832668,0.5053722602697768,1.1177900479563556,0.5050705118047852,-1.0,0.926473984177973,-0.3306772908366532,0.0,0.6,0.216,0.408,0.73,0.83,0.28,0.564,0.83,0.634,0.804,0.902,zero_funding,zero_funding,zero_funding
5000564075.0,Sheffield town,573,True,85.507303,1.7968904650115944,6.631762652705062,19.19720767888307,7.142857142857142,16.26984126984127,58333.0,149697.36571062042,221.72579533015872,0.112,0.238,0.502,0.296,0.359,0.251,-0.312,-0.249,-0.357,12364.351473258232,21.5782748224402,0.0,0.48,-0.7768924302788844,-0.5258964143426295,0.0,-0.4103585657370519,-0.2848605577689244,0.0,-1.4334195018560945,-1.0270469444322232,-1.1784978608778325,0.3378484850362182,-1.0,-0.043824701195218974,0.18333333333333332,0.0,0.408,0.112,0.238,0.502,0.124,0.26,0.502,0.14,0.228,0.352,low_priority,low_priority,underfunded
5000764300.0,Shelburne town,7969,True,112.134576,1.864869006331236,8.441142564365313,29.225749780399045,4.5004500450045,30.063006300630065,115963.0,1620066.106415,210.2889546229232,0.924,0.188,0.296,0.7986666666666666,0.43066666666666664,0.148,0.5366666666666666,0.16866666666666663,-0.11400000000000002,0.0,0.0,3.128573696877978,0.6733333333333333,0.8406374501992033,-0.6254980079681275,-0.4103585657370519,0.5909694555112881,-0.14209827357237725,-0.4103585657370519,2.4656040576798204,0.6956971270183465,-0.37632704801140876,-1.0,-0.41027549773080796,0.34130146082337354,0.0,0.07586206896551724,0.83,0.924,0.188,0.296,0.936,0.38,0.296,0.988,0.7,0.644,zero_funding,zero_funding,zero_funding
5001164600.0,Sheldon town,2267,True,101.889875,8.631077307532733,5.1395657953035006,12.615791795324215,1.8619934282584885,10.952902519167578,78533.0,377516.4882145157,220.2846643681649,0.44,0.212,0.37,0.32666666666666666,0.21266666666666664,0.185,0.06466666666666665,-0.04933333333333337,-0.07700000000000001,0.0,0.0,0.0,0.2133333333333333,-0.12350597609561753,-0.5776892430278884,-0.26294820717131473,-0.34926958831341304,-0.5763612217795485,-0.26294820717131473,0.2970976317949597,-0.20348453517532683,-0.2541858131305129,-1.0,-1.0,-0.5750332005312084,0.0,0.0,0.084,0.44,0.212,0.37,0.208,0.044,0.37,0.544,0.444,0.69,zero_funding,zero_funding,zero_funding
5000165050.0,Shoreham town,1269,True,119.595421,3.0567665645164577,8.2864038616251,26.083530338849485,2.022058823529412,19.11764705882353,93654.0,247751.3217657765,185.6518866374883,0.256,0.134,0.852,0.39,0.329,0.426,0.128,0.067,0.16399999999999998,0.0,0.0,0.0,0.524,-0.4900398406374502,-0.7330677290836654,0.6972111553784861,-0.22310756972111556,-0.34462151394422313,0.6972111553784861,0.5880695392230131,0.2763539970962207,0.54138277082343,-1.0,-1.0,0.04382470119521931,0.0,0.0,0.512,0.256,0.134,0.852,0.314,0.184,0.852,0.654,0.556,0.912,zero_funding,zero_funding,zero_funding
5002165275.0,Shrewsbury town,1237,True,130.197779,2.398636634697304,6.952303961196443,21.90784155214228,0.5102040816326531,4.846938775510204,91250.0,381221.1388440224,282.1604498822564,0.444,0.462,0.484,0.3786666666666667,0.3876666666666667,0.242,-0.5373333333333333,-0.5283333333333333,-0.674,718864.3507730176,581.1352876095534,314.77568227587545,0.31333333333333335,-0.1155378486055777,-0.07968127490039834,-0.03585657370517936,-0.24568393094289498,-0.22775564409030535,-0.03585657370517936,-2.468666919863274,-2.1792093800871135,-2.224951143506048,1.7326647957495687,1.3935445767227987,-0.37583001328021226,0.825,0.8137931034482758,0.19,0.444,0.462,0.484,0.296,0.32,0.484,0.044,0.036,0.096,overfunded,overfunded,overfunded
5000766175.0,South Burlington city,20756,True,79.868762,2.7340944783858774,7.21386943532984,17.806899209867026,4.944010141559265,38.41115571519121,106667.0,3194753.101551,157.70328273032877,0.984,0.06,0.204,0.708,0.24599999999999997,0.102,0.44599999999999995,-0.016000000000000042,-0.16000000000000003,0.0,0.0,0.5285169198008642,0.43199999999999994,0.9601593625498008,-0.8804780876494024,-0.5936254980079682,0.41035856573705165,-0.5099601593625498,-0.5936254980079682,2.049054800730186,-0.06599498438118721,-0.5281783129984684,-1.0,-0.8235325195693773,-0.1394422310756972,0.0,0.013793103448275862,0.32,0.984,0.06,0.204,0.848,0.072,0.204,0.972,0.464,0.58,zero_funding,zero_funding,zero_funding
5001367000.0,South Hero town,1586,True,120.302064,0.0622083900679339,3.467843631778058,26.48171500630517,3.0441400304414,14.91628614916286,127434.0,828714.8216499623,386.5565931090425,0.792,0.76,0.706,0.6206666666666667,0.6046666666666667,0.353,0.3586666666666667,0.3426666666666667,0.09099999999999997,0.0,0.0,31.58067501984897,0.4493333333333333,0.5776892430278886,0.5139442231075697,0.40637450199203173,0.23638778220451528,0.20451527224435595,0.40637450199203173,1.647819854697818,1.4133925821637559,0.30040141551787874,-1.0,0.4488950454914533,-0.10491367861885781,0.0,0.41379310344827586,0.36,0.792,0.76,0.706,0.73,0.68,0.706,0.938,0.856,0.858,zero_funding,zero_funding,zero_funding
5002769550.0,Springfield town,9084,True,128.555994,3.029616726766727,14.765643038559222,23.601937472479083,13.22378716744914,32.26395409494001,66571.0,2052776.526123,226.5257698215626,0.952,0.256,0.76,0.8739999999999999,0.526,0.38,0.10999999999999988,-0.238,-0.384,1521339.7736909103,167.47465584444194,2.45301501803102,0.7959999999999999,0.8964143426294819,-0.4900398406374502,0.5139442231075697,0.741035856573705,0.047808764940239,0.5139442231075697,0.5053722602697763,-0.9816753926701571,-1.267627951196324,1.200477399271636,-0.484591097946495,0.5856573705179284,0.5083333333333333,0.05517241379310345,0.952,0.952,0.256,0.76,0.984,0.544,0.76,0.628,0.244,0.328,aligned,aligned,aligned
5001161675.0,St. Albans city,6954,True,5.068716,4.214242610242424,19.47826086956522,13.920046016681049,17.60359781561195,50.97976228718279,57980.0,871936.855943,126.79029459691724,0.82,0.016,0.188,0.746,0.34400000000000003,0.094,0.484,0.08200000000000002,-0.168,0.0,0.0,0.2058429229097398,0.672,0.6334661354581672,-0.9681274900398407,-0.6254980079681275,0.4860557768924303,-0.31474103585657365,-0.6254980079681275,2.223637945187018,0.33822429495358364,-0.5545872286483918,-1.0,-0.9221514496762206,0.3386454183266936,0.0,0.006896551724137931,0.82,0.82,0.016,0.188,0.888,0.228,0.188,0.98,0.596,0.568,zero_funding,zero_funding,zero_funding
5001161750.0,St. Albans town,7057,True,157.552932,1.459133688564296,5.331541218637993,20.773699872467056,2.407261247040253,20.67876874506709,90060.0,1095070.05838,156.70722071837437,0.856,0.056,0.816,0.598,0.198,0.408,-0.07400000000000007,-0.47400000000000003,-0.26400000000000007,451785.0021056452,64.01941364682517,23.26094698983708,0.34,0.7051792828685259,-0.8884462151394422,0.6254980079681274,0.19123505976095623,-0.6055776892430278,0.6254980079681274,-0.33997770236330477,-1.9551014122926662,-0.8714942164474729,0.7918249696682635,0.3262649854909716,-0.32270916334661337,0.31666666666666665,0.35172413793103446,0.224,0.856,0.056,0.816,0.688,0.028,0.816,0.316,0.052,0.416,underfunded,low_priority,underfunded
5000762050.0,St. George town,812,True,9.514722,0.0,5.534105534105534,15.886699507389162,2.950819672131148,8.852459016393443,109464.0,77134.43015113617,165.7426598102695,0.02,0.08,0.714,0.16133333333333336,0.19133333333333336,0.357,-0.10066666666666665,-0.07066666666666666,0.09499999999999997,0.0,0.0,0.0,0.3026666666666667,-0.9601593625498008,-0.8406374501992032,0.4223107569721114,-0.6786188579017264,-0.6188579017264275,0.4223107569721114,-0.46249218970143213,-0.29147784768357604,0.31360587334284046,-1.0,-1.0,-0.3970783532536518,0.0,0.0,0.182,0.02,0.08,0.714,0.024,0.024,0.714,0.3,0.42,0.864,zero_funding,zero_funding,zero_funding
5000562200.0,St. Johnsbury town,7368,True,95.319036,5.36633699665684,16.824143280214358,21.13192182410424,12.767911818738517,40.4470300061237,57738.0,1718082.5594970002,233.308332359723,0.928,0.28,0.632,0.8366666666666667,0.5126666666666666,0.316,0.2526666666666667,-0.07133333333333336,-0.26799999999999996,128086.61898969872,17.384177387309816,34.525083438849954,0.7453333333333333,0.8486055776892432,-0.4422310756972111,0.2589641434262948,0.6666666666666667,0.021248339973439556,0.2589641434262948,1.1608247675287604,-0.294227638699459,-0.8846986742724343,0.24964638610061263,0.48487899092875164,0.48472775564409054,0.13333333333333333,0.4206896551724138,0.908,0.928,0.28,0.632,0.964,0.52,0.632,0.844,0.414,0.412,underfunded,underfunded,underfunded
5000369775.0,Stamford town,963,True,102.55546,1.4494385602162183,6.269592476489027,20.45690550363448,0.544959128065395,4.632152588555858,88646.0,163884.42619662624,381.8927683032667,0.148,0.746,0.59,0.20199999999999996,0.501,0.295,-0.06000000000000005,0.239,0.032999999999999974,0.0,0.0,0.0,0.25599999999999995,-0.7051792828685259,0.4860557768924303,0.17529880478087634,-0.5976095617529882,-0.0019920318725099584,0.17529880478087634,-0.27565759651078764,0.9858000791939814,0.108936777055934,-1.0,-1.0,-0.4900398406374502,0.0,0.0,0.116,0.148,0.746,0.59,0.036,0.504,0.59,0.338,0.776,0.83,zero_funding,zero_funding,zero_funding
5000569925.0,Stannard town,228,True,32.967598,1.8415224189449475,3.947368421052632,25.877192982456144,3.8095238095238098,1.9047619047619049,66979.0,57711.87443842611,221.72579533015872,0.004,0.238,0.502,0.244,0.361,0.251,-0.018000000000000016,0.09899999999999998,-0.01100000000000001,0.0,0.0,0.0,0.484,-0.9920318725099602,-0.5258964143426295,0.0,-0.5139442231075697,-0.28087649402390436,0.0,-0.0826972789532363,0.40834396585859467,-0.03631225901864473,-1.0,-1.0,-0.03585657370517914,0.0,0.0,0.422,0.004,0.238,0.502,0.068,0.276,0.502,0.412,0.63,0.788,zero_funding,zero_funding,zero_funding
5000170075.0,Starksboro town,1939,True,117.980457,2.621945450227508,6.962351727694688,17.43166580711707,3.698435277382646,8.677098150782362,82188.0,469752.2743385668,220.13010795956168,0.556,0.204,0.466,0.4720000000000001,0.29600000000000004,0.233,0.21000000000000008,0.03400000000000003,-0.028999999999999998,0.0,0.0,26.14146164959869,0.38800000000000007,0.10756972111553798,-0.5936254980079682,-0.0717131474103585,-0.05976095617529864,-0.41035856573705176,-0.0717131474103585,0.9648015877877562,0.14023934181002257,-0.09573231923097238,-1.0,0.37292722867611716,-0.22709163346613515,0.0,0.38620689655172413,0.264,0.556,0.204,0.466,0.464,0.128,0.466,0.768,0.52,0.766,zero_funding,zero_funding,zero_funding
5002770375.0,Stockbridge town,791,True,119.290078,4.380536078710622,3.919089759797725,27.939317319848296,1.2468827930174564,14.962593516209475,77109.0,418855.169757006,378.88313203779,0.492,0.73,0.83,0.44600000000000006,0.5650000000000001,0.415,-0.5539999999999999,-0.43499999999999994,-0.585,2389929.9087705896,3021.4031716442346,746.4303495179963,0.4000000000000001,-0.019920318725099584,0.45418326693227096,0.6533864541832668,-0.11155378486055767,0.1254980079681276,0.6533864541832668,-2.545238474449603,-1.7942386378635222,-1.9311519569006497,2.4396217627533683,1.7518917729530106,-0.20318725099601564,1.0,0.8896551724137931,0.276,0.492,0.73,0.83,0.412,0.624,0.83,0.036,0.076,0.156,overfunded,aligned,aligned
5001570525.0,Stowe town,5285,True,188.092977,2.8973454515662813,9.858088930936614,25.77105014191107,6.595218466611706,21.3520197856554,93618.0,2291186.19982,438.6724487497607,0.972,0.84,0.996,0.8393333333333333,0.7733333333333333,0.498,-0.036666666666666736,-0.10266666666666668,-0.378,1833515.9135528384,346.9282712493545,5.687879614319041,0.7066666666666667,0.9362549800796811,0.6733067729083664,0.9840637450199203,0.6719787516600264,0.5405046480743692,0.9840637450199203,-0.16845742008992595,-0.4234678164459502,-1.2478212644588815,1.5117466142876856,-0.20965770392143346,0.40770252324037215,0.7416666666666667,0.12413793103448276,0.872,0.972,0.84,0.996,0.968,0.932,0.996,0.372,0.372,0.332,aligned,aligned,aligned
5001770675.0,Strafford town,1372,True,114.650329,2.674264377975631,5.247813411078718,22.084548104956266,0.6920415224913495,11.072664359861593,110833.0,448960.5437882325,386.89330243193353,0.532,0.776,0.91,0.4066666666666667,0.5286666666666666,0.455,-0.1813333333333333,-0.05933333333333335,-0.13299999999999995,24727.40891391794,18.022892794400832,14.88978729420551,0.2813333333333333,0.05976095617529875,0.545816733067729,0.8127490039840639,-0.18990703851261614,0.05312084993359889,0.8127490039840639,-0.8330985138992684,-0.24473140041356867,-0.4390482226799766,0.2643051612779168,0.1502577403011609,-0.43957503320053115,0.14166666666666666,0.2620689655172414,0.156,0.532,0.776,0.91,0.344,0.556,0.91,0.268,0.424,0.612,low_priority,underfunded,underfunded
5002570750.0,Stratton town,532,True,121.117646,1.167340931538197,0.0,11.654135338345863,0.0,26.7175572519084,122708.0,234902.8659126997,395.7982696121673,0.228,0.8,0.154,0.13033333333333333,0.41633333333333333,0.077,-0.13166666666666668,0.15433333333333332,-0.185,0.0,0.0,0.0,0.03266666666666667,-0.545816733067729,0.5936254980079683,-0.6932270916334662,-0.7403718459495352,-0.17065073041168655,-0.6932270916334662,-0.6049152812320058,0.6365766201768666,-0.6107061744044789,-1.0,-1.0,-0.9349269588313412,0.0,0.0,0.008,0.228,0.8,0.154,0.02,0.34,0.154,0.288,0.672,0.54,zero_funding,zero_funding,zero_funding
5002171050.0,Sudbury town,679,True,57.352381,2.4608296859183945,3.5346097201767304,21.79675994108984,2.281368821292776,4.182509505703422,100208.0,101181.46276174212,229.0914346908872,0.06,0.266,0.266,0.18666666666666668,0.2896666666666667,0.133,-0.07533333333333334,0.027666666666666673,-0.129,0.0,0.0,0.0,0.31333333333333335,-0.8804780876494024,-0.4701195219123506,-0.4701195219123506,-0.6281540504648074,-0.4229747675962815,-0.4701195219123506,-0.34610342673021083,0.11411632715913594,-0.4258437648550151,-1.0,-1.0,-0.37583001328021226,0.0,0.0,0.19,0.06,0.266,0.266,0.028,0.124,0.266,0.312,0.516,0.622,zero_funding,zero_funding,zero_funding
5000371425.0,Sunderland town,1269,True,117.980643,2.8731164491246224,11.190476190476192,16.706067769897555,2.9484029484029484,8.108108108108109,88523.0,680629.2353797326,498.3990098564103,0.724,0.932,0.984,0.59,0.694,0.492,0.32799999999999996,0.43199999999999994,0.22999999999999998,0.0,0.0,0.0,0.45599999999999996,0.4422310756972112,0.856573705179283,0.9601593625498008,0.17529880478087634,0.38247011952191223,0.9601593625498008,1.506928194258971,1.7818645782920497,0.7592563249352982,-1.0,-1.0,-0.09163346613545809,0.0,0.0,0.364,0.724,0.932,0.984,0.668,0.852,0.984,0.916,0.936,1.0,zero_funding,zero_funding,zero_funding
5000571575.0,Sutton town,790,True,99.697143,2.0225878191741304,12.404092071611252,21.645569620253163,0.0,15.0,71250.0,174508.40870536026,221.72579533015872,0.164,0.238,0.502,0.2873333333333334,0.32433333333333336,0.251,0.025333333333333374,0.06233333333333335,-0.01100000000000001,0.0,0.0,0.0,0.41066666666666674,-0.6733067729083666,-0.5258964143426295,0.0,-0.4276228419654714,-0.35391766268260283,0.0,0.11638876297122153,0.25710545998504125,-0.03631225901864473,-1.0,-1.0,-0.1819389110225761,0.0,0.0,0.284,0.164,0.238,0.502,0.12,0.168,0.502,0.46,0.544,0.788,zero_funding,zero_funding,zero_funding
5001171725.0,Swanton town,6820,True,159.790036,4.223380034822579,13.020527859237538,19.530791788856305,4.942528735632184,22.06896551724138,81371.0,1021780.56294,152.664061398476,0.848,0.044,0.7,0.718,0.316,0.35,0.014000000000000012,-0.38799999999999996,-0.354,570498.2139765838,83.65076451269557,84.23247706429535,0.588,0.6892430278884463,-0.9123505976095617,0.394422310756972,0.43027888446215123,-0.3705179282868526,0.394422310756972,0.06432010585251711,-1.6003783712437856,-1.168594517509111,0.9050717820178111,0.848855247304283,0.17131474103585687,0.38333333333333336,0.5379310344827586,0.652,0.848,0.044,0.7,0.86,0.16,0.7,0.444,0.092,0.36,underfunded,low_priority,underfunded
5001772400.0,Thetford town,2813,True,114.881872,3.574171270066179,7.963963963963964,20.76075364379665,0.0,15.867158671586717,88045.0,878053.390746,316.52970106200434,0.828,0.592,0.22,0.558,0.44,0.11,0.29600000000000004,0.178,-0.15200000000000002,0.0,0.0,13.676340020330167,0.28800000000000003,0.6494023904382469,0.17928286852589626,-0.5617529880478087,0.11155378486055789,-0.12350597609561753,-0.5617529880478087,1.359910809453218,0.7341942012407058,-0.501769397348545,-1.0,0.11721830878083717,-0.4262948207171313,0.0,0.2482758620689655,0.164,0.828,0.592,0.22,0.612,0.392,0.22,0.88,0.704,0.592,zero_funding,zero_funding,zero_funding
5002172925.0,Tinmouth town,827,True,74.480074,1.9439696905566315,13.059250302297462,14.631197097944376,0.9345794392523364,6.230529595015576,79219.0,206552.5410907995,308.8467707655977,0.2,0.57,0.024,0.286,0.471,0.012,0.023999999999999966,0.20899999999999996,-0.25,0.0,0.0,0.0,0.37199999999999994,-0.6015936254980079,0.13545816733067717,-0.952191235059761,-0.43027888446215146,-0.06175298804780882,-0.952191235059761,0.1102630386043148,0.8620594834792555,-0.8252786140601067,-1.0,-1.0,-0.2589641434262948,0.0,0.0,0.256,0.2,0.57,0.024,0.112,0.456,0.024,0.452,0.748,0.444,zero_funding,zero_funding,zero_funding
5001773075.0,Topsham town,999,True,126.946423,2.768847459921663,18.81881881881882,23.223223223223226,3.686635944700461,9.67741935483871,72308.0,434579.658400166,325.2467789886963,0.512,0.598,0.378,0.6000000000000001,0.643,0.189,0.3380000000000001,0.381,-0.07300000000000001,0.0,0.0,30.6357473946412,0.6880000000000001,0.019920318725099584,0.19123505976095623,-0.24701195219123506,0.19521912350597637,0.28087649402390436,-0.24701195219123506,1.5528711270107693,1.5715055655770163,-0.2409813553055512,-1.0,0.4366543088903263,0.3705179282868529,0.0,0.4068965517241379,0.856,0.512,0.598,0.378,0.692,0.764,0.378,0.924,0.896,0.698,zero_funding,zero_funding,zero_funding
5002573300.0,Townshend town,1538,True,110.673923,4.512824863657149,8.050565535595476,19.310793237971392,5.68561872909699,17.391304347826086,78750.0,477593.3311743222,454.9865460515933,0.568,0.864,0.964,0.5306666666666666,0.6786666666666666,0.482,0.2686666666666666,0.41666666666666663,0.21999999999999997,0.0,0.0,0.0,0.49333333333333335,0.13147410358565725,0.7211155378486056,0.9203187250996014,0.05710491367861881,0.35192563081009287,0.9203187250996014,1.2343334599316367,1.7186193849267457,0.7262451803728939,-1.0,-1.0,-0.017264276228419417,0.0,0.0,0.44,0.568,0.864,0.964,0.568,0.816,0.964,0.852,0.924,0.992,zero_funding,zero_funding,zero_funding
5001973525.0,Troy town,1749,True,94.39477,5.432470056564812,8.640552995391705,17.667238421955403,1.1283497884344147,13.399153737658676,87938.0,307628.0804538066,299.9660657165936,0.324,0.548,0.926,0.32333333333333336,0.43533333333333335,0.463,-0.4886666666666667,-0.3766666666666667,-0.34900000000000003,404791.21503490594,231.44151803024928,94.44359324409122,0.3226666666666667,-0.3545816733067729,0.09163346613545831,0.8446215139442232,-0.3559096945551128,-0.13280212483399734,0.8446215139442232,-2.2450779804711907,-1.5536319239737784,-1.152088945227909,1.3386206865686918,0.8959160551687315,-0.35723771580345265,0.6083333333333333,0.5724137931034483,0.208,0.324,0.548,0.926,0.194,0.384,0.926,0.064,0.104,0.364,overfunded,overfunded,aligned
5001773675.0,Tunbridge town,1253,True,116.003409,2.633120548760069,14.411529223378702,20.9098164405427,1.1428571428571428,15.80952380952381,89464.0,454315.592800519,386.89330243193353,0.54,0.776,0.91,0.5113333333333333,0.6293333333333333,0.455,0.2493333333333333,0.3673333333333333,0.193,0.0,0.0,0.0,0.48266666666666663,0.07569721115537864,0.545816733067729,0.8127490039840639,0.01859229747675961,0.2536520584329349,0.8127490039840639,1.145510456611494,1.515134849751419,0.6371150900544025,-1.0,-1.0,-0.038512616201859085,0.0,0.0,0.414,0.54,0.776,0.91,0.544,0.728,0.91,0.84,0.872,0.962,zero_funding,zero_funding,zero_funding
5000773975.0,Underhill town,3141,True,132.836173,1.9157620649406293,6.367398917542184,17.63769500159185,0.0,20.2172096908939,92267.0,601290.8065554678,239.3796105919532,0.664,0.312,0.652,0.42600000000000005,0.25,0.326,-0.47,-0.646,-0.5700000000000001,1483330.6845301297,472.2479097517127,17.241937195760503,0.18800000000000003,0.3227091633466137,-0.3784860557768924,0.298804780876494,-0.15139442231075684,-0.50199203187251,0.298804780876494,-2.159317839334501,-2.6645474943904266,-1.8816352400570435,1.643782087937546,0.20767195846508124,-0.6254980079681274,0.7833333333333333,0.2827586206896552,0.064,0.664,0.312,0.652,0.364,0.092,0.652,0.076,0.02,0.168,overfunded,overfunded,aligned
5000174650.0,Vergennes city,2565,True,6.559919,14.034324150301586,11.597633136094675,21.59844054580897,7.971656333038086,27.900797165633307,76587.0,363293.84372,142.3007613474344,0.4,0.028,0.068,0.536,0.35000000000000003,0.034,0.274,0.08800000000000002,-0.228,0.0,0.0,25.9071611971181,0.672,-0.20318725099601587,-0.9442231075697212,-0.8645418326693227,0.06772908366533881,-0.3027888446215139,-0.8645418326693227,1.2588363573992625,0.3629724140965288,-0.7526540960228174,-1.0,0.3693213178631525,0.3386454183266936,0.0,0.3793103448275862,0.82,0.4,0.028,0.068,0.588,0.238,0.068,0.864,0.604,0.48,zero_funding,zero_funding,zero_funding
5002574800.0,Vernon town,2709,True,51.853095,0.8858212220651718,5.454545454545454,22.77593207825766,5.058365758754864,23.832684824902724,85682.0,384664.6066359375,266.21213602227897,0.448,0.422,0.692,0.4726666666666667,0.45966666666666667,0.346,0.21066666666666667,0.19766666666666666,0.08399999999999996,0.0,0.0,2.229805774305441,0.49733333333333335,-0.10756972111553786,-0.1593625498007969,0.3784860557768923,-0.05843293492695878,-0.08432934926958835,0.3784860557768923,0.967864449971209,0.8153130362092481,0.27729361432419575,-1.0,-0.5123842435703305,-0.009296148738379584,0.0,0.04827586206896552,0.454,0.448,0.422,0.692,0.468,0.424,0.692,0.772,0.728,0.852,zero_funding,zero_funding,zero_funding
5001774950.0,Vershire town,842,True,93.633182,1.0679549930530143,19.52380952380953,22.209026128266032,0.5376344086021506,18.548387096774192,71618.0,366727.2467804213,386.8933024319335,0.412,0.768,0.91,0.4613333333333334,0.6393333333333333,0.455,0.19933333333333336,0.3773333333333333,0.193,0.0,0.0,4.602176759390637,0.5106666666666667,-0.17928286852589648,0.5298804780876494,0.8127490039840639,-0.08100929614873831,0.2735723771580345,0.8127490039840639,0.9157957928525049,1.5563817149896608,0.6371150900544025,-1.0,-0.28333173724801675,0.01726427622841986,0.0,0.09655172413793103,0.484,0.412,0.768,0.91,0.44,0.758,0.91,0.756,0.89,0.962,zero_funding,zero_funding,zero_funding
5000975175.0,Victory town,53,True,111.57883,4.007701753055551,25.12790868360922,47.16981132075472,0.0,28.57142857142857,,155662.0387715572,297.4842536247544,0.124,0.516,0.738,0.4026666666666667,0.5986666666666667,0.369,0.14066666666666666,0.33666666666666667,0.10699999999999998,0.0,0.0,0.0,0.6813333333333333,-0.7529880478087649,0.027888446215139417,0.4701195219123506,-0.19787516600265598,0.1925630810092962,0.4701195219123506,0.6462639207086237,1.3886444630208106,0.35321924681772565,-1.0,-1.0,0.3572377158034532,0.0,0.0,0.844,0.124,0.516,0.738,0.34,0.668,0.738,0.68,0.852,0.874,zero_funding,zero_funding,zero_funding
5002375325.0,Waitsfield town,1918,True,67.149135,5.02191999706832,5.965463108320251,28.154327424400417,8.665105386416862,20.140515222482435,84375.0,675525.787449,366.3371949289588,0.72,0.668,0.124,0.692,0.666,0.062,-0.03200000000000003,-0.05799999999999994,-0.6619999999999999,202201.476809054,105.42308488480391,253.3953182737048,0.664,0.43426294820717115,0.33067729083665354,-0.7529880478087649,0.3784860557768923,0.3266932270916336,-0.7529880478087649,-0.1470173848057534,-0.23923181838180277,-2.1853377700311625,1.0033134027214903,1.3036498376736372,0.3227091633466139,0.425,0.7793103448275862,0.806,0.72,0.668,0.124,0.828,0.808,0.124,0.39,0.436,0.104,underfunded,underfunded,low_priority
5000575700.0,Walden town,1037,True,100.947895,2.118208052919111,9.257473481195758,20.443587270973964,0.0,6.25,88000.0,176680.43166984167,221.72579533015872,0.168,0.238,0.502,0.242,0.277,0.251,-0.020000000000000018,0.015000000000000013,-0.01100000000000001,0.0,0.0,0.0,0.316,-0.6653386454183267,-0.5258964143426295,0.0,-0.5179282868525896,-0.44820717131474097,0.0,-0.09188586550359587,0.0618702978573629,-0.03631225901864473,-1.0,-1.0,-0.3705179282868525,0.0,0.0,0.2,0.168,0.238,0.502,0.064,0.108,0.502,0.402,0.5,0.788,zero_funding,zero_funding,zero_funding
5002175925.0,Wallingford town,2286,True,111.25342,3.77855025885212,6.99912510936133,23.928258967629045,0.9987515605493134,17.478152309612984,80230.0,470991.51729370985,289.47499297945205,0.56,0.49,0.302,0.4793333333333334,0.44433333333333336,0.151,-0.19666666666666666,-0.2316666666666667,-0.525,149192.53093698094,65.26357433813689,314.49626408042656,0.39866666666666667,0.11553784860557781,-0.0239043824701195,-0.398406374501992,-0.045152722443558946,-0.11487383798140771,-0.398406374501992,-0.9035443441186919,-0.9555523780192707,-1.7330850895262242,0.7999604425293301,1.393176395201479,-0.2058432934926957,0.325,0.8068965517241379,0.272,0.56,0.49,0.302,0.476,0.396,0.302,0.244,0.252,0.192,low_priority,low_priority,low_priority
5000176075.0,Waltham town,452,True,23.915498,8.14546155800925,5.3097345132743365,45.35398230088495,0.9803921568627452,13.725490196078432,97500.0,83516.07915911563,254.33295180258372,0.036,0.352,0.872,0.26266666666666666,0.42066666666666663,0.436,0.0006666666666666488,0.15866666666666662,0.174,0.0,0.0,0.0,0.48933333333333334,-0.9282868525896415,-0.2988047808764941,0.7370517928286853,-0.4767596281540505,-0.16201859229747684,0.7370517928286853,0.0030628621834531107,0.6544502617801046,0.5743939153858343,-1.0,-1.0,-0.02523240371845925,0.0,0.0,0.436,0.036,0.352,0.872,0.084,0.348,0.872,0.428,0.68,0.932,zero_funding,zero_funding,zero_funding
5002576225.0,Wardsboro town,820,True,75.769581,1.8369286535409823,7.682926829268292,27.439024390243905,0.0,9.593023255813954,62000.0,146915.18065059852,395.79826961216736,0.108,0.804,0.154,0.266,0.614,0.077,-0.6859999999999999,-0.33799999999999997,-0.875,681318.9312513274,830.8767454284481,426.4898034467509,0.424,-0.7848605577689243,0.6015936254980081,-0.6932270916334662,-0.4701195219123506,0.22310756972111556,-0.6932270916334662,-3.1516851867733355,-1.394144045052576,-2.8884751492103735,1.8858854754720982,1.519521403592477,-0.15537848605577675,0.9,0.8344827586206897,0.304,0.108,0.804,0.154,0.088,0.7,0.154,0.004,0.132,0.022,overfunded,aligned,overfunded
5002376525.0,Warren town,1585,True,103.946726,2.1657336473223934,15.709779179810726,30.094637223974765,0.0,13.285714285714286,86905.0,552444.757887,279.4358916980273,0.64,0.452,0.084,0.624,0.53,0.042,-0.29600000000000004,-0.39,-0.878,961421.360544026,606.5749908795116,85.43856982342801,0.608,0.2749003984063745,-0.09960159362549803,-0.8326693227091633,0.24302788844621515,0.055776892430278835,-0.8326693227091633,-1.359910809453218,-1.608627744291434,-2.898378492579095,1.7510233639806843,0.8546993059562698,0.21115537848605603,0.8333333333333334,0.5517241379310345,0.702,0.64,0.452,0.084,0.736,0.56,0.084,0.152,0.088,0.016,aligned,aligned,overfunded
5001776750.0,Washington town,1056,True,101.105459,1.6889287218685427,3.2319391634980987,24.33712121212121,2.321083172147002,5.609284332688588,66103.0,249036.5148679962,239.2632673884616,0.268,0.302,0.242,0.31866666666666665,0.33566666666666667,0.121,0.05666666666666664,0.07366666666666666,-0.14100000000000001,0.0,0.0,10.664116769356191,0.3693333333333333,-0.4661354581673306,-0.398406374501992,-0.5179282868525896,-0.3652058432934927,-0.3313413014608234,-0.5179282868525896,0.2603432855935213,0.3038519072550486,-0.46545713832990027,-1.0,0.021676906670072604,-0.2642762284196546,0.0,0.2,0.252,0.268,0.302,0.242,0.184,0.204,0.242,0.532,0.572,0.6,zero_funding,zero_funding,zero_funding
5002376975.0,Waterbury town,5405,True,128.728927,3.668078953170673,7.906022748461681,19.759481961147085,7.94816414686825,29.373650107991363,103917.0,1785732.77739,334.97144576814856,0.932,0.604,0.992,0.7366666666666667,0.5726666666666667,0.496,-0.08733333333333326,-0.2513333333333333,-0.32799999999999996,1368223.3541055387,253.1403060324771,1227.5279254000802,0.5413333333333333,0.856573705179283,0.20318725099601598,0.9760956175298805,0.4674634794156707,0.14077025232403706,0.9760956175298805,-0.401234946032368,-1.0366712129878128,-1.08276554164686,1.3769269248127656,1.9585676005771373,0.07835325365205859,0.6333333333333333,0.9172413793103448,0.566,0.932,0.604,0.992,0.876,0.632,0.992,0.308,0.224,0.388,aligned,aligned,aligned
5000577125.0,Waterford town,1279,True,102.794858,1.6018790150828373,6.980392156862745,21.42298670836591,3.5785288270377733,0.9940357852882704,109375.0,396684.9651514385,284.811126494528,0.468,0.482,0.422,0.46266666666666667,0.4696666666666667,0.211,0.20066666666666666,0.20766666666666667,-0.05100000000000002,0.0,0.0,0.0,0.4573333333333333,-0.06772908366533859,-0.03984063745019928,-0.1593625498007969,-0.07835325365205847,-0.06440903054448865,-0.1593625498007969,0.9219215172194111,0.8565599014474901,-0.16835683726826184,-1.0,-1.0,-0.08897742363877803,0.0,0.0,0.372,0.468,0.482,0.422,0.444,0.448,0.422,0.76,0.744,0.722,zero_funding,zero_funding,zero_funding
5001577425.0,Waterville town,680,True,40.740903,3.464532662063652,4.900459418070445,14.411764705882351,0.0,20.12012012012012,71250.0,75497.27126564382,233.3206096770658,0.016,0.29,0.132,0.066,0.20299999999999999,0.066,-0.196,-0.059000000000000025,-0.196,0.0,0.0,0.0,0.11599999999999999,-0.9681274900398407,-0.4223107569721116,-0.7370517928286853,-0.8685258964143426,-0.5956175298804781,-0.7370517928286853,-0.9004814819352388,-0.2433565049056273,-0.6470184334231237,-1.0,-1.0,-0.7689243027888446,0.0,0.0,0.02,0.016,0.29,0.132,0.012,0.04,0.132,0.248,0.428,0.518,zero_funding,zero_funding,zero_funding
5002777500.0,Weathersfield town,2856,True,114.139288,3.3984923859686287,8.75088214537756,25.350140056022408,2.380952380952381,10.095238095238097,83095.0,741371.063754,261.9685737646643,0.748,0.396,0.32,0.6419999999999999,0.46599999999999997,0.16,0.3799999999999999,0.20399999999999996,-0.10200000000000001,0.0,0.0,68.76448920591129,0.5359999999999999,0.4900398406374502,-0.2111553784860557,-0.36254980079681276,0.2788844621513942,-0.07171314741035861,-0.36254980079681276,1.7458314445683196,0.8414360508601345,-0.33671367453652357,-1.0,0.7655672572107286,0.06772908366533881,0.0,0.5103448275862069,0.54,0.748,0.396,0.32,0.756,0.444,0.32,0.952,0.74,0.66,zero_funding,zero_funding,zero_funding
5002177950.0,Wells town,1148,True,60.131439,2.727272001497518,15.472027972027972,24.477351916376307,0.0,6.638115631691649,75417.0,365802.7169940801,248.73994546528107,0.404,0.346,0.812,0.458,0.429,0.406,0.196,0.16699999999999998,0.14400000000000002,0.0,0.0,8.109581492076268,0.512,-0.19521912350597603,-0.31075697211155384,0.6175298804780878,-0.08764940239043817,-0.14541832669322707,0.6175298804780878,0.9004814819352388,0.6888226494786396,0.47536048169862155,-1.0,-0.08113073516640334,0.019920318725099806,0.0,0.15172413793103448,0.492,0.404,0.346,0.812,0.432,0.37,0.812,0.752,0.69,0.892,zero_funding,zero_funding,zero_funding
5001779975.0,West Fairlee town,711,True,59.149727,3.101877870270208,7.313642756680731,29.676511954992968,0.0,8.08383233532934,76500.0,324175.6987934971,387.15292750279673,0.328,0.786,0.118,0.38533333333333336,0.6143333333333334,0.059,-0.4546666666666666,-0.22566666666666657,-0.7809999999999999,194316.4165821084,273.30016396921013,0.0,0.4426666666666667,-0.3466135458167331,0.5657370517928288,-0.7649402390438247,-0.23240371845949526,0.22377158034528555,-0.7649402390438247,-2.0888720091150774,-0.9308042588763251,-2.5781703903237734,1.4096914588811642,-1.0,-0.11819389110225731,0.6666666666666666,0.0,0.338,0.328,0.786,0.118,0.3,0.704,0.118,0.088,0.256,0.04,overfunded,aligned,overfunded
5002180875.0,West Haven town,234,True,74.514019,5.843709623415661,10.256410256410255,29.914529914529915,1.0752688172043012,9.67741935483871,85250.0,131406.19848035078,229.0914346908872,0.084,0.266,0.266,0.3373333333333333,0.42833333333333334,0.133,0.07533333333333331,0.16633333333333333,-0.129,0.0,0.0,0.0,0.5906666666666667,-0.8326693227091633,-0.4701195219123506,-0.4701195219123506,-0.3280212483399735,-0.14674634794156705,-0.4701195219123506,0.3461034267302107,0.6860728584627569,-0.4258437648550151,-1.0,-1.0,0.17662682602921675,0.0,0.0,0.664,0.084,0.266,0.266,0.216,0.364,0.266,0.564,0.684,0.622,zero_funding,zero_funding,zero_funding
5002182300.0,West Rutland town,2240,True,46.832121,3.6192367159235537,6.830357142857142,23.75,5.595854922279793,18.44559585492228,61161.0,393774.774462,177.85671836585365,0.456,0.1,0.056,0.5086666666666667,0.33066666666666666,0.028,0.2466666666666667,0.06866666666666665,-0.234,0.0,0.0,27.993237807741323,0.5613333333333334,-0.09163346613545809,-0.8007968127490039,-0.8884462151394422,0.013280212483399723,-0.3413014608233732,-0.8884462151394422,1.1332590078776816,0.28322847463592765,-0.77246078276026,-1.0,0.4003769829806967,0.11819389110225798,0.0,0.3931034482758621,0.592,0.456,0.1,0.056,0.536,0.196,0.056,0.832,0.564,0.464,zero_funding,zero_funding,zero_funding
5002783050.0,West Windsor town,1171,True,64.261426,2.702214962916813,3.6909871244635193,25.533731853117,1.0309278350515465,2.061855670103093,108750.0,286305.20544391096,376.2592335037001,0.3,0.694,0.29,0.318,0.515,0.145,-0.334,-0.137,-0.507,66174.41406692716,56.51102823819569,21.407128094909226,0.336,-0.40239043824701193,0.38247011952191223,-0.4223107569721116,-0.3665338645418327,0.02589641434262946,-0.4223107569721116,-1.53449395391005,-0.5650820537639141,-1.6736650293138966,0.7391567297788699,0.29320521981458136,-0.3306772908366532,0.275,0.32413793103448274,0.216,0.3,0.694,0.29,0.18,0.524,0.29,0.12,0.336,0.204,low_priority,underfunded,low_priority
5001980200.0,Westfield town,536,True,103.64247,3.470843395811809,12.126865671641792,29.66417910447761,7.339449541284404,8.256880733944955,72500.0,337871.66383023805,299.9660657165936,0.348,0.548,0.926,0.5873333333333333,0.6873333333333334,0.463,0.32533333333333325,0.42533333333333334,0.201,0.0,0.0,0.0,0.8266666666666667,-0.3067729083665339,0.09163346613545831,0.8446215139442232,0.16998671978751645,0.36918990703851273,0.8446215139442232,1.494676745525158,1.7543666681332222,0.6635240057043259,-1.0,-1.0,0.6467463479415674,0.0,0.0,0.964,0.348,0.548,0.926,0.664,0.838,0.926,0.912,0.932,0.972,zero_funding,zero_funding,zero_funding
5000780350.0,Westford town,2290,True,101.348528,3.417623129501442,2.532751091703057,17.248908296943235,1.631116687578419,13.927227101631118,112750.0,458746.8877947714,239.3796105919532,0.548,0.312,0.652,0.3646666666666667,0.24666666666666667,0.326,0.10266666666666668,-0.015333333333333338,0.064,0.0,0.0,0.0,0.18133333333333335,0.09163346613545831,-0.3784860557768924,0.298804780876494,-0.2735723771580345,-0.5086321381142098,0.298804780876494,0.47168077625179183,-0.06324519336530426,0.21127132519938732,-1.0,-1.0,-0.6387782204515271,0.0,0.0,0.048,0.548,0.312,0.652,0.264,0.076,0.652,0.612,0.468,0.848,zero_funding,zero_funding,zero_funding
5002581400.0,Westminster town,2999,True,117.283434,1.8677589007716031,8.79380053908356,27.60920306768923,2.881619937694704,11.7601246105919,71491.0,797220.619024,265.1215892996342,0.772,0.404,0.54,0.6906666666666667,0.5066666666666666,0.27,0.09866666666666668,-0.08533333333333337,-0.32199999999999995,56045.70365761536,18.68813059607048,15.864388832530794,0.6093333333333333,0.5378486055776892,-0.19521912350597603,0.07569721115537864,0.37583001328021237,0.009296148738379584,0.07569721115537864,0.45330360315107265,-0.3519732500329977,-1.0629588549094173,0.2790583806034568,0.17501556005300234,0.21381142098273598,0.15,0.2689655172413793,0.708,0.772,0.404,0.54,0.824,0.508,0.54,0.596,0.388,0.394,underfunded,underfunded,underfunded
5001981700.0,Westmore town,465,True,97.32326,0.3033623987555391,11.612903225806452,27.956989247311824,3.589743589743589,11.794871794871794,87188.0,338074.2826505449,338.33498239229846,0.352,0.612,0.396,0.53,0.66,0.198,0.268,0.398,-0.064,0.0,0.0,0.0,0.7080000000000001,-0.2988047808764941,0.21912350597609564,-0.2111553784860557,0.055776892430278835,0.31474103585657387,-0.2111553784860557,1.2312705977481837,1.6416252364820276,-0.21127132519938732,-1.0,-1.0,0.4103585657370523,0.0,0.0,0.876,0.352,0.612,0.396,0.564,0.788,0.396,0.848,0.908,0.708,zero_funding,zero_funding,zero_funding
5002782000.0,Weston town,685,True,92.120727,2.8436273200781925,4.334828101644246,44.23357664233576,5.39568345323741,8.633093525179856,115000.0,241969.2599953556,368.2866368194794,0.248,0.672,0.046,0.442,0.654,0.023,-0.49799999999999994,-0.2859999999999999,-0.9169999999999999,489879.3785553861,715.1523774531183,1662.020006059449,0.636,-0.5059760956175299,0.33864541832669337,-0.9083665338645418,-0.11952191235059761,0.3027888446215139,-0.9083665338645418,-2.287958051039535,-1.179660345813718,-3.027121956372471,1.8215932523863887,2.0845112569770534,0.26693227091633487,0.875,0.9655172413793104,0.75,0.248,0.672,0.046,0.408,0.776,0.046,0.056,0.176,0.012,overfunded,aligned,overfunded
5000183275.0,Weybridge town,781,True,45.499245,13.509110875233832,11.395646606914212,25.224071702944943,0.0,16.314199395770395,118083.0,158837.8731993086,254.33295180258384,0.132,0.368,0.872,0.3,0.418,0.436,0.03799999999999998,0.15599999999999997,0.174,0.0,0.0,0.0,0.46799999999999997,-0.7370517928286853,-0.26693227091633465,0.7370517928286853,-0.40239043824701193,-0.16733067729083673,0.7370517928286853,0.1745831444568319,0.6434510977165735,0.5743939153858343,-1.0,-1.0,-0.06772908366533847,0.0,0.0,0.388,0.132,0.368,0.872,0.134,0.344,0.872,0.486,0.676,0.932,zero_funding,zero_funding,zero_funding
5000583500.0,Wheelock town,717,True,103.146091,1.4913659379921296,8.708272859216255,29.42817294281729,2.4734982332155475,2.120141342756184,64792.0,180552.5316540672,221.72579533015875,0.172,0.25,0.502,0.39,0.429,0.251,0.128,0.16699999999999998,-0.01100000000000001,0.0,0.0,0.0,0.608,-0.6573705179282869,-0.50199203187251,0.0,-0.22310756972111556,-0.14541832669322707,0.0,0.5880695392230131,0.6888226494786396,-0.03631225901864473,-1.0,-1.0,0.21115537848605603,0.0,0.0,0.702,0.172,0.25,0.502,0.314,0.37,0.502,0.654,0.69,0.788,zero_funding,zero_funding,zero_funding
5000183800.0,Whiting town,532,True,35.499583,6.444239541308552,11.462450592885377,12.969924812030076,17.050691244239633,34.56221198156682,91250.0,73516.92177323168,185.6518866374883,0.012,0.134,0.86,0.30533333333333335,0.36633333333333334,0.43,0.043333333333333335,0.10433333333333333,0.16799999999999998,0.0,0.0,0.0,0.5986666666666667,-0.9760956175298805,-0.7330677290836654,0.7131474103585658,-0.39176626826029215,-0.2702523240371846,0.7131474103585658,0.19908604192445756,0.43034229398565715,0.5545872286483917,-1.0,-1.0,0.19256308100929642,0.0,0.0,0.682,0.012,0.134,0.86,0.144,0.292,0.86,0.496,0.64,0.92,zero_funding,zero_funding,zero_funding
5002583950.0,Whitingham town,1368,True,101.247305,1.29232653436387,15.480557593543654,31.140350877192983,1.9677996422182469,14.8479427549195,70625.0,351410.859925,261.4664136346726,0.372,0.392,0.008,0.5453333333333333,0.5553333333333333,0.004,-0.2346666666666667,-0.22466666666666668,-0.776,247339.17778706443,180.80349253440383,130.47970490443953,0.7186666666666667,-0.2589641434262948,-0.21912350597609564,-0.9840637450199203,0.0863213811420982,0.106241699867198,-0.9840637450199203,-1.078127488575524,-0.9266795723525014,-2.5616648180425714,1.2331580520697556,1.0291374155898931,0.43160690571049165,0.5416666666666666,0.6344827586206897,0.892,0.372,0.392,0.008,0.6,0.608,0.008,0.228,0.262,0.054,aligned,aligned,overfunded
5001784175.0,Williamstown town,3579,True,104.533593,1.0847552982130704,8.17142857142857,17.015926236378874,7.223476297968396,9.330323551542511,94418.0,665070.363118,189.20920714594595,0.716,0.16,0.404,0.608,0.33,0.202,-0.020000000000000018,-0.298,-0.426,103537.31585365171,28.929118707362875,177.3039244286743,0.5,0.4262948207171313,-0.6812749003984064,-0.19521912350597603,0.2111553784860558,-0.34262948207171307,-0.19521912350597603,-0.09188586550359587,-1.2291565840996086,-1.4062747583584219,0.4588191720836099,1.1558373714123276,-0.003984063745019695,0.225,0.7103448275862069,0.464,0.716,0.16,0.404,0.708,0.192,0.404,0.402,0.168,0.312,underfunded,low_priority,low_priority
5000784475.0,Williston town,10144,True,80.334331,6.71783132703873,4.276380914670362,20.95820189274448,4.433386111739425,24.949106536982583,106967.0,2231319.620243,220.8571335487479,0.968,0.22,0.516,0.6806666666666666,0.3066666666666667,0.258,0.10066666666666668,-0.27333333333333326,-0.32199999999999995,159286.85514517495,15.70256852771835,3.2004871024620005,0.39333333333333337,0.9282868525896413,-0.5617529880478087,0.027888446215139417,0.3559096945551128,-0.3891102257636122,0.027888446215139417,0.46249218970143224,-1.127414316511945,-1.0629588549094173,0.20847300533802904,-0.4030934484377492,-0.21646746347941548,0.125,0.08275862068965517,0.268,0.968,0.22,0.516,0.81,0.144,0.516,0.604,0.196,0.394,underfunded,low_priority,underfunded
5002584700.0,Wilmington town,1747,True,109.97075,3.029127204471748,6.067544361763022,32.62736119061248,1.4763779527559056,25.984251968503933,70000.0,1206559.89924,535.5347977097204,0.876,0.94,0.68,0.6973333333333334,0.7293333333333334,0.34,-0.10666666666666669,-0.07466666666666666,-0.464,386776.61110445386,221.3947401857206,1429.1126524164629,0.5186666666666667,0.7450199203187251,0.8725099601593624,0.35458167330677304,0.3891102257636123,0.452855245683931,0.35458167330677304,-0.490057949352511,-0.3079765937788728,-1.5317171076955582,1.3196560666087218,2.0217587277901705,0.03320053120849975,0.5916666666666667,0.9448275862068966,0.504,0.876,0.94,0.68,0.832,0.888,0.68,0.296,0.4,0.26,aligned,aligned,aligned
5002584850.0,Windham town,594,True,67.793053,1.3204505928724382,9.932659932659933,23.232323232323232,7.6923076923076925,17.094017094017094,94500.0,292540.5980636805,454.9865460515933,0.312,0.864,0.964,0.4956666666666667,0.7716666666666667,0.482,0.2336666666666667,0.5096666666666667,0.21999999999999997,0.0,0.0,0.0,0.6793333333333335,-0.3784860557768924,0.7211155378486056,0.9203187250996014,-0.012616201859229736,0.5371845949535194,0.9203187250996014,1.0735331953003444,2.1022152316423957,0.7262451803728939,-1.0,-1.0,0.3532536520584335,0.0,0.0,0.84,0.312,0.864,0.964,0.524,0.92,0.964,0.824,0.964,0.992,zero_funding,zero_funding,zero_funding
5002784925.0,Windsor town,3554,True,50.98749,2.6883947272903232,7.790697674418605,29.74113674732696,12.960893854748605,42.17877094972067,52484.0,964512.874665,271.0067082509132,0.844,0.436,0.644,0.8019999999999999,0.598,0.322,0.03399999999999992,-0.17000000000000004,-0.446,625661.1065311122,176.04420555180425,10.413496323936902,0.7599999999999999,0.6812749003984062,-0.13147410358565736,0.2828685258964143,0.597609561752988,0.19123505976095623,0.2828685258964143,0.15620597135611247,-0.7011967090501124,-1.4722970474832304,1.221772372168732,0.012643190333456067,0.5139442231075699,0.5166666666666667,0.19310344827586207,0.92,0.844,0.436,0.644,0.944,0.664,0.644,0.472,0.304,0.284,aligned,aligned,aligned
5000385075.0,Winhall town,752,True,115.322892,3.0562024939798467,5.319148936170213,20.611702127659576,0.0,19.50354609929078,95500.0,394556.2816119974,426.2547715026455,0.46,0.83,0.528,0.33333333333333337,0.5183333333333333,0.264,0.07133333333333336,0.2563333333333333,0.0020000000000000018,0.0,0.0,163.15138568121714,0.2066666666666667,-0.08366533864541825,0.6533864541832668,0.05179282868525892,-0.3359893758300132,0.03253652058432932,0.05179282868525892,0.3277262536294918,1.0572946456069339,0.00660222891248086,-1.0,1.1214418704116205,-0.5883134130146082,0.0,0.6758620689655173,0.08,0.46,0.83,0.528,0.212,0.536,0.528,0.556,0.796,0.808,zero_funding,zero_funding,zero_funding
5000785150.0,Winooski city,8293,True,3.813185,20.13947535047389,13.784705309303458,10.900759676835886,13.432471964895171,64.79765967820576,79522.0,1495390.460557958,187.72940531426983,0.916,0.156,0.036,0.7613333333333333,0.3813333333333333,0.018,0.22133333333333327,-0.15866666666666673,-0.522,49594.43606812369,5.980276868217013,2.7455747151007097,0.6066666666666666,0.8247011952191237,-0.6892430278884463,-0.9282868525896415,0.5166002656042497,-0.2403718459495353,-0.9282868525896415,1.01687024490646,-0.654450261780105,-1.723181746157503,-0.1660032094775159,-0.45076669637235467,0.20849933598937587,0.041666666666666664,0.06896551724137931,0.696,0.916,0.156,0.036,0.896,0.312,0.036,0.788,0.324,0.196,underfunded,low_priority,low_priority
5001585375.0,Wolcott town,1507,True,101.799523,4.763659584023816,9.25050641458474,11.08161911081619,10.465116279069768,20.49418604651163,70259.0,396434.2393098037,310.84987622496084,0.464,0.576,0.342,0.492,0.548,0.171,-0.45599999999999996,-0.3999999999999999,-0.7769999999999999,1244826.7062627105,826.0296657350435,129.27327154376584,0.52,-0.07569721115537842,0.14741035856573692,-0.31872509960159356,-0.019920318725099584,0.09163346613545831,-0.31872509960159356,-2.094997733481984,-1.6498746095296755,-2.5649659324988114,1.88337728054104,1.0253035352828168,0.03585657370517947,0.8916666666666667,0.6275862068965518,0.508,0.464,0.576,0.342,0.512,0.59,0.342,0.084,0.084,0.048,aligned,aligned,overfunded
5002385525.0,Woodbury town,659,True,101.799109,1.0845790434006748,3.338391502276176,35.81183611532625,0.6802721088435374,5.1020408163265305,84545.0,238539.92978390137,182.4967717033604,0.236,0.11,0.178,0.32266666666666666,0.25966666666666666,0.089,-0.5253333333333333,-0.5883333333333334,-0.759,192055.04260935183,291.434055552886,215.7636945611521,0.4093333333333333,-0.5298804780876494,-0.7808764940239044,-0.6454183266932272,-0.35723771580345287,-0.48273572377158036,-0.6454183266932272,-2.4135354005611163,-2.426690571516565,-2.505545872286484,1.4371679729206694,1.237071142931069,-0.18459495351925614,0.6833333333333333,0.7379310344827587,0.28,0.236,0.11,0.178,0.188,0.104,0.178,0.048,0.024,0.068,overfunded,overfunded,overfunded
5000385675.0,Woodford town,282,True,123.089578,2.666035363496465,6.382978723404255,35.1063829787234,4.098360655737705,4.098360655737705,81250.0,196731.75910217545,381.8927683032667,0.184,0.746,0.59,0.41533333333333333,0.6963333333333332,0.295,-0.5726666666666667,-0.29166666666666674,-0.6930000000000001,509732.82335409336,1807.5632033833097,0.0,0.6466666666666666,-0.6334661354581673,0.4860557768924303,0.17529880478087634,-0.1726427622841965,0.38711819389110214,0.17529880478087634,-2.630998615586293,-1.2030335694487224,-2.287672318174616,2.2192130493395306,-1.0,0.2881806108897744,0.975,0.0,0.778,0.184,0.746,0.59,0.356,0.856,0.59,0.028,0.172,0.084,overfunded,aligned,aligned
5002785975.0,Woodstock town,3027,True,114.830093,4.958264425556256,8.862034239677746,32.67261314833168,6.83321087435709,30.639235855988247,120938.0,1872067.67704,624.230635891964,0.94,0.996,1.0,0.8573333333333333,0.8853333333333333,0.5,0.16133333333333333,0.18933333333333335,-0.19599999999999995,240056.77871949525,79.30517962322274,1754.1783676491673,0.7746666666666666,0.8725099601593624,0.9840637450199203,0.9920318725099602,0.7078353253652057,0.7636122177954847,0.9920318725099602,0.7412126483956727,0.7809406485107133,-0.6470184334231236,0.8824523059698184,2.106943180233342,0.5431606905710493,0.36666666666666664,0.9793103448275862,0.944,0.94,0.996,1.0,0.976,0.996,1.0,0.7,0.716,0.524,underfunded,underfunded,underfunded
5002386125.0,Worcester town,831,True,100.305275,2.745344907103992,5.896510228640193,19.494584837545126,2.722772277227723,14.108910891089108,73833.0,353444.5841175076,261.23347889464094,0.38,0.386,0.234,0.358,0.361,0.117,0.09599999999999997,0.09899999999999998,-0.14500000000000002,0.0,0.0,0.0,0.336,-0.24302788844621515,-0.2310756972111554,-0.5338645418326693,-0.28685258964143434,-0.28087649402390436,-0.5338645418326693,0.4410521544172597,0.40834396585859467,-0.478661596154862,-1.0,-1.0,-0.3306772908366532,0.0,0.0,0.216,0.38,0.386,0.234,0.252,0.276,0.234,0.588,0.63,0.596,zero_funding,zero_funding,zero_funding
5000902162.0,Avery's gore,0,False,47.292818,0.4977601296901265,,,,,,46519.91321676894,551.9428093876338,,,,,,,,,,,0.0,0.0,,,,,,,,,,,,,,,,,,,,,,,,,,,,
5000327962.0,Glastenbury town,0,False,115.041291,1.3564659022426964,,,,,,183867.30427346137,381.8927683032667,,,,,,,,,,,0.0,0.0,,,,,,,,,,,,,,,,,,,,,,,,,,,,
5000939775.0,Lewis town,0,False,101.045289,3.8444442912985153,,,,,,99391.2514512075,551.9428093876338,,,,,,,,,,,0.0,0.0,,,,,,,,,,,,,,,,,,,,,,,,,,,,
5002565762.0,Somerset town,0,False,71.502732,3.741458054843834,,,,,,138656.6779767018,395.7982696121673,,,,,,,,,,,0.0,0.0,,,,,,,,,,,,,,,,,,,,,,,,,,,,
5000976337.0,Warner's grant,0,False,8.286163,0.4154280172269115,,,,,,,,,,,,,,,,,,0.0,0.0,,,,,,,,,,,,,,,,,,,,,,,,,,,,
5000976562.0,Warren's gore,0,False,26.692188,0.9407144629029416,,,,,,26251.30476039264,551.9428093876338,,,,,,,,,,,0.0,0.0,,,,,,,,,,,,,,,,,,,,,,,,,,,,
,State of Vermont,647106,,,4.948911145607219,10.191518544962037,21.43064660194775,6.109345213602428,26.546211873590554,83665.60645242047,162001159.98132646,252.76362196798868,0.7569135875729787,0.33850041569696465,0.4515371422919893,0.6503688998917231,0.4411623139537159,0.22576857114599466,-4.8849813083506885e-18,-1.2212453270876722e-17,-0.251,77483696.45827763,119.73880084294942,148.11467695652294,0.5438242122104674,,,,,,,,,,,,,0.74,0.7,0.532,0.5,0.5,0.488,0.472,0.496,0.488,0.424,0.488,0.436,,,
