projectIdentifier,programArea,programFy,disasterNumber,projectCounties,projectType,status,subrecipient,dateApproved,projectAmount,federalShareObligated,costSharePercentage,benefitCostRatio,netValueBenefits,numberOfFinalProperties,numberOfProperties,federalShareObligated_adj,flood_mitigation_flag,subcategory,acquisition_buyouts,admin,ecosystem_restoration,equipment,flood_control,infrastructure_protection,infrastructure_stormwater,other,planning,structure_protection,funding_acquisition_buyouts,funding_admin,funding_ecosystem_restoration,funding_equipment,funding_flood_control,funding_infrastructure_protection,funding_infrastructure_stormwater,funding_other,funding_planning,funding_structure_protection,town_assigned,geo_level
DR-4532-0005-R,HMGP,2020,4532.0,RUTLAND,200.1: Acquisition of Private Real Property (Structures and Land) - Riverine,Closed,Pittsfield (Town of),2025-01-13T00:00:00.000Z,155765.23,140188.7,0.9,1.13,323000.0,1,1,174365.1492577342,1.0,acquisition,True,False,False,False,False,False,False,False,False,False,174365.1492577342,0.0,0.0,0.0,0.0,0.0,0.0,0.0,0.0,0.0,PITTSFIELD TOWN,local
DR-4720-0047-R,HMGP,2023,4720.0,WASHINGTON,200.1: Acquisition of Private Real Property (Structures and Land) - Riverine,Approved,Statewide,2024-11-14T00:00:00.000Z,316721.0,237540.75,0.75,0.0,0.0,1,1,250995.47217088888,1.0,acquisition,True,False,False,False,False,False,False,False,False,False,250995.47217088888,0.0,0.0,0.0,0.0,0.0,0.0,0.0,0.0,0.0,,statewide
DR-4720-0069-R,HMGP,2023,4720.0,WASHINGTON,200.1: Acquisition of Private Real Property (Structures and Land) - Riverine,Approved,Statewide,2025-04-21T00:00:00.000Z,354357.0,265767.75,0.75,0.0,0.0,1,1,280821.2986573662,1.0,acquisition,True,False,False,False,False,False,False,False,False,False,280821.2986573662,0.0,0.0,0.0,0.0,0.0,0.0,0.0,0.0,0.0,,statewide
DR-4720-0043-R,HMGP,2023,4720.0,WASHINGTON,200.1: Acquisition of Private Real Property (Structures and Land) - Riverine,Approved,Statewide,2024-11-14T00:00:00.000Z,162644.0,121983.0,0.75,0.0,0.0,1,1,128892.3297658256,1.0,acquisition,True,False,False,False,False,False,False,False,False,False,128892.3297658256,0.0,0.0,0.0,0.0,0.0,0.0,0.0,0.0,0.0,,statewide
DR-4022-0109-R,HMGP,2011,4022.0,WASHINGTON,202.1: Elevation of Private Structures - Riverine,Closed,Waterbury (Town of),2016-05-11T00:00:00.000Z,0.0,0.0,0.75,0.0,0.0,0,1,0.0,1.0,elevation,False,False,False,False,False,False,False,False,False,True,0.0,0.0,0.0,0.0,0.0,0.0,0.0,0.0,0.0,0.0,WATERBURY TOWN,local
DR-4720-0062-R,HMGP,2023,4720.0,WASHINGTON,200.1: Acquisition of Private Real Property (Structures and Land) - Riverine,Approved,Statewide,2025-01-02T00:00:00.000Z,1302932.0,977199.0,0.75,0.0,0.0,3,3,1032549.2548538322,1.0,acquisition,True,False,False,False,False,False,False,False,False,False,1032549.2548538322,0.0,0.0,0.0,0.0,0.0,0.0,0.0,0.0,0.0,,statewide
DR-4022-0124-R,HMGP,2011,4022.0,WASHINGTON,403.1: Stormwater Management - Culverts,Closed,Cabot (Town of),2024-06-06T00:00:00.000Z,104618.74,78464.05,0.75,1.05,193059.0,0,0,112315.92737516639,1.0,stormwater_culverts,False,False,False,False,False,False,True,False,False,False,0.0,0.0,0.0,0.0,0.0,0.0,112315.92737516639,0.0,0.0,0.0,CABOT TOWN,local
DR-4022-0100-R,HMGP,2011,4022.0,WASHINGTON,204.3: Dry Floodproofing Public Structures - Riverine,Closed,Warren (Town of),2022-09-21T00:00:00.000Z,6293.36,4720.02,0.75,4.15,464119.0,1,1,6756.386186149362,1.0,dry_floodproofing,False,False,False,False,False,False,False,False,False,True,0.0,0.0,0.0,0.0,0.0,0.0,0.0,0.0,0.0,6756.386186149362,WARREN TOWN,local
DR-4022-0065-R,HMGP,2011,4022.0,WASHINGTON,403.1: Stormwater Management - Culverts,Closed,Barre,2022-05-23T00:00:00.000Z,0.0,0.0,0.75,2.75,444619.0,0,0,0.0,1.0,stormwater_culverts,False,False,False,False,False,False,True,False,False,False,0.0,0.0,0.0,0.0,0.0,0.0,0.0,0.0,0.0,0.0,BARRE CITY,local
DR-4720-0035-R,HMGP,2023,4720.0,WASHINGTON,200.1: Acquisition of Private Real Property (Structures and Land) - Riverine,Approved,Statewide,2024-10-01T00:00:00.000Z,322438.0,241828.5,0.75,0.0,0.0,0,1,255526.08780547255,1.0,acquisition,True,False,False,False,False,False,False,False,False,False,255526.08780547255,0.0,0.0,0.0,0.0,0.0,0.0,0.0,0.0,0.0,,statewide
DR-4022-0056-R,HMGP,2011,4022.0,WASHINGTON,200.3: Acquisition of Public Real Property (Structures and Land) - Riverine,Closed,MORETOWN TOWN CLERK,2016-05-11T00:00:00.000Z,0.0,0.0,0.75,0.0,0.0,0,1,0.0,1.0,acquisition,True,False,False,False,False,False,False,False,False,False,0.0,0.0,0.0,0.0,0.0,0.0,0.0,0.0,0.0,0.0,MORETOWN TOWN,local
DR-4163-0009-F,HMGP,2014,4163.0,RUTLAND,"600.1: Warning Systems (as a Component of a Planned, Adopted, and Exercised Risk Reduction Plan)",Closed,Chittenden (County),2022-08-25T00:00:00.000Z,38595.8,28570.8,0.74,0.0,0.0,0,0,38859.84965994781,0.0,warning_systems,False,False,False,True,False,False,False,False,False,False,0.0,0.0,0.0,38859.84965994781,0.0,0.0,0.0,0.0,0.0,0.0,,regional
DR-4720-0034-R,HMGP,2023,4720.0,WASHINGTON,200.1: Acquisition of Private Real Property (Structures and Land) - Riverine,Approved,Statewide,2024-10-02T00:00:00.000Z,858500.0,643875.0,0.75,0.0,0.0,1,3,680345.2024296087,1.0,acquisition,True,False,False,False,False,False,False,False,False,False,680345.2024296087,0.0,0.0,0.0,0.0,0.0,0.0,0.0,0.0,0.0,,statewide
DR-4720-0023-R,HMGP,2023,4720.0,WASHINGTON,200.1: Acquisition of Private Real Property (Structures and Land) - Riverine,Approved,Marshfield (Town of),2024-10-02T00:00:00.000Z,803500.0,602625.0,0.75,0.0,0.0,0,2,636758.7305208975,1.0,acquisition,True,False,False,False,False,False,False,False,False,False,636758.7305208975,0.0,0.0,0.0,0.0,0.0,0.0,0.0,0.0,0.0,MARSHFIELD TOWN,local
DR-4720-0067-R,HMGP,2023,4720.0,WASHINGTON,201.1: Relocation of Private Structures - Riverine,Approved,Statewide,2025-04-21T00:00:00.000Z,430599.0,322949.25,0.75,0.0,0.0,2,2,341241.65849852894,1.0,relocation,True,False,False,False,False,False,False,False,False,False,341241.65849852894,0.0,0.0,0.0,0.0,0.0,0.0,0.0,0.0,0.0,,statewide
DR-4720-0070,HMGP,2023,4720.0,WASHINGTON,200.1: Acquisition of Private Real Property (Structures and Land) - Riverine,Pending,Statewide,,491888.0,,0.75,0.0,0.0,1,1,,1.0,acquisition,True,False,False,False,False,False,False,False,False,False,0.0,0.0,0.0,0.0,0.0,0.0,0.0,0.0,0.0,0.0,,statewide
DR-4330-0007-R,HMGP,2017,4330.0,WASHINGTON,601.2: Generators - Regular,Closed,Marshfield (Town of),2022-12-17T00:00:00.000Z,56731.5,42548.63,0.75,1.08,70189.0,0,0,55886.840148346026,0.0,generators,False,False,False,True,False,False,False,False,False,False,0.0,0.0,0.0,55886.840148346026,0.0,0.0,0.0,0.0,0.0,0.0,MARSHFIELD TOWN,local
DR-4720-0019-R,HMGP,2023,4720.0,WASHINGTON,200.1: Acquisition of Private Real Property (Structures and Land) - Riverine,Approved,Waterbury (Town of),2024-10-02T00:00:00.000Z,828900.0,621675.0,0.75,0.0,0.0,0,2,656887.7557296478,1.0,acquisition,True,False,False,False,False,False,False,False,False,False,656887.7557296478,0.0,0.0,0.0,0.0,0.0,0.0,0.0,0.0,0.0,WATERBURY TOWN,local
DR-4720-0036-R,HMGP,2023,4720.0,WASHINGTON,200.1: Acquisition of Private Real Property (Structures and Land) - Riverine,Approved,Statewide,2024-12-16T00:00:00.000Z,595030.0,446272.5,0.75,0.0,0.0,1,1,471550.1523607339,1.0,acquisition,True,False,False,False,False,False,False,False,False,False,471550.1523607339,0.0,0.0,0.0,0.0,0.0,0.0,0.0,0.0,0.0,,statewide
DR-4207-0004-R,HMGP,2015,4207.0,WASHINGTON,200.1: Acquisition of Private Real Property (Structures and Land) - Riverine,Closed,Barre,2019-05-21T00:00:00.000Z,85657.0,64243.17,0.75,0.0,0.0,1,1,87272.99971098026,1.0,acquisition,True,False,False,False,False,False,False,False,False,False,87272.99971098026,0.0,0.0,0.0,0.0,0.0,0.0,0.0,0.0,0.0,BARRE CITY,local
DR-4022-0024-R,HMGP,2011,4022.0,WASHINGTON,200.1: Acquisition of Private Real Property (Structures and Land) - Riverine,Closed,Northfield (Town of),2018-04-05T00:00:00.000Z,668154.0,501115.0,0.75,0.0,0.0,7,7,717311.8892869601,1.0,acquisition,True,False,False,False,False,False,False,False,False,False,717311.8892869601,0.0,0.0,0.0,0.0,0.0,0.0,0.0,0.0,0.0,NORTHFIELD TOWN,local
DR-1790-0004-R,HMGP,2008,1790.0,WASHINGTON,403.1: Stormwater Management - Culverts,Closed,Moretown (Town of),2011-03-02T00:00:00.000Z,33708.0,25281.0,0.75,1.09,60000.0,0,0,37813.51134171462,1.0,stormwater_culverts,False,False,False,False,False,False,True,False,False,False,0.0,0.0,0.0,0.0,0.0,0.0,37813.51134171462,0.0,0.0,0.0,MORETOWN TOWN,local
DR-4022-0070-R,HMGP,2011,4022.0,RUTLAND,403.1: Stormwater Management - Culverts,Closed,Pawlet,2018-04-05T00:00:00.000Z,74075.0,55556.0,0.75,1.09,89544.0,0,0,79524.61874265659,1.0,stormwater_culverts,False,False,False,False,False,False,True,False,False,False,0.0,0.0,0.0,0.0,0.0,0.0,79524.61874265659,0.0,0.0,0.0,PAWLET TOWN,local
DR-4022-0004-R,HMGP,2011,4022.0,RUTLAND,200.1: Acquisition of Private Real Property (Structures and Land) - Riverine,Closed,Brandon (Town of),2017-12-28T00:00:00.000Z,125140.0,93855.0,0.75,0.0,0.0,1,1,134347.02088148956,1.0,acquisition,True,False,False,False,False,False,False,False,False,False,134347.02088148956,0.0,0.0,0.0,0.0,0.0,0.0,0.0,0.0,0.0,BRANDON TOWN,local
DR-1790-0003-R,HMGP,2008,1790.0,WASHINGTON,403.1: Stormwater Management - Culverts,Closed,Northfield (Town of),2011-03-02T00:00:00.000Z,303729.0,227797.0,0.75,1.36,423542.0,0,0,340722.4573042429,1.0,stormwater_culverts,False,False,False,False,False,False,True,False,False,False,0.0,0.0,0.0,0.0,0.0,0.0,340722.4573042429,0.0,0.0,0.0,NORTHFIELD TOWN,local
DR-4022-0069-R,HMGP,2011,4022.0,RUTLAND,403.1: Stormwater Management - Culverts,Closed,Pawlet,2018-04-05T00:00:00.000Z,90186.0,67639.0,0.75,1.09,101297.0,0,0,96820.60780355945,1.0,stormwater_culverts,False,False,False,False,False,False,True,False,False,False,0.0,0.0,0.0,0.0,0.0,0.0,96820.60780355945,0.0,0.0,0.0,PAWLET TOWN,local
DR-4816-0002,HMGP,2024,4816.0,WASHINGTON,200.1: Acquisition of Private Real Property (Structures and Land) - Riverine,Pending,Statewide,,268450.0,,0.75,0.0,0.0,1,1,,1.0,acquisition,True,False,False,False,False,False,False,False,False,False,0.0,0.0,0.0,0.0,0.0,0.0,0.0,0.0,0.0,0.0,,statewide
DR-1951-0001-R,HMGP,2011,1951.0,RUTLAND,403.1: Stormwater Management - Culverts,Closed,Pawlet,2012-02-21T00:00:00.000Z,68575.0,31184.0,0.75,1.21,85783.0,0,0,44637.76569355251,1.0,stormwater_culverts,False,False,False,False,False,False,True,False,False,False,0.0,0.0,0.0,0.0,0.0,0.0,44637.76569355251,0.0,0.0,0.0,PAWLET TOWN,local
DR-4532-0008-R,HMGP,2020,4532.0,WASHINGTON,303.2: Floodplain and Stream Restoration,Approved,Northfield (Town of),2026-01-23T00:00:00.000Z,744963.0,87930.0,0.9,2.51,2114793.0,0,0,109366.3581603408,1.0,floodplain_restoration,False,False,True,False,False,False,False,False,False,False,0.0,0.0,109366.3581603408,0.0,0.0,0.0,0.0,0.0,0.0,0.0,NORTHFIELD TOWN,local
PDMC-PL-01-VT-2005-004,PDM,2005,,WASHINGTON,91.1: Local Multihazard Mitigation Plan,Closed,Norwich University,2005-09-06T00:00:00.000Z,55128.15,41346.11,0.75,,,0,0,68172.78512674665,0.0,local_mitigation_planning,False,False,False,False,False,False,False,False,True,False,0.0,0.0,0.0,0.0,0.0,0.0,0.0,0.0,68172.78512674665,0.0,NORTHFIELD TOWN,local
DR-4532-0013-R,HMGP,2020,4532.0,WASHINGTON,402.1: Infrastructure Protective Measures (Roads and Bridges),Approved,Warren (Town of),2024-04-03T00:00:00.000Z,230232.25,207209.03,0.9,1.42,353329.0,0,0,257724.29192581374,1.0,roads_bridges_protection,False,False,False,False,False,True,False,False,False,False,0.0,0.0,0.0,0.0,0.0,257724.29192581374,0.0,0.0,0.0,0.0,WARREN TOWN,local
DR-4022-0096-R,HMGP,2011,4022.0,RUTLAND,403.1: Stormwater Management - Culverts,Closed,Pawlet (Town of),2023-07-07T00:00:00.000Z,81912.26,61434.2,0.75,1.13,104559.0,0,0,87938.8604787982,1.0,stormwater_culverts,False,False,False,False,False,False,True,False,False,False,0.0,0.0,0.0,0.0,0.0,0.0,87938.8604787982,0.0,0.0,0.0,PAWLET TOWN,local
DR-4022-0152-R,HMGP,2011,4022.0,WASHINGTON,601.2: Generators - Regular,Closed,Marshfield (Town of),2023-09-19T00:00:00.000Z,10199.51,7649.63,0.75,1.13,17579.0,0,0,10949.922767520846,0.0,generators,False,False,False,True,False,False,False,False,False,False,0.0,0.0,0.0,10949.922767520846,0.0,0.0,0.0,0.0,0.0,0.0,MARSHFIELD TOWN,local
DR-4720-0096-R,HMGP,2023,4720.0,WASHINGTON,200.1: Acquisition of Private Real Property (Structures and Land) - Riverine,Closed,Statewide,2026-01-26T00:00:00.000Z,0.0,0.0,0.75,0.0,0.0,1,1,0.0,1.0,acquisition,True,False,False,False,False,False,False,False,False,False,0.0,0.0,0.0,0.0,0.0,0.0,0.0,0.0,0.0,0.0,,statewide
DR-1228-0014-R,HMGP,1998,1228.0,WASHINGTON,403.1: Stormwater Management - Culverts,Closed,Warren (Town of ),2000-02-11T00:00:00.000Z,10581.0,7935.0,0.75,1.16,12318.0,0,0,15672.620512057852,1.0,stormwater_culverts,False,False,False,False,False,False,True,False,False,False,0.0,0.0,0.0,0.0,0.0,0.0,15672.620512057852,0.0,0.0,0.0,WARREN TOWN,local
DR-1228-0011-R,HMGP,1998,1228.0,RUTLAND,"301.1: Shoreline Stabilization (Riprap, etc.)",Closed,RUTLAND (TOWN OF ),2000-03-21T00:00:00.000Z,0.0,0.0,0.0,1.79,44720.0,0,0,0.0,1.0,shoreline_stabilization,False,False,True,False,False,False,False,False,False,False,0.0,0.0,0.0,0.0,0.0,0.0,0.0,0.0,0.0,0.0,RUTLAND TOWN,local
DR-4022-0117-R,HMGP,2011,4022.0,RUTLAND,601.2: Generators - Regular,Closed,Rutland,2023-07-20T00:00:00.000Z,89690.0,66750.0,0.74,1.13,104101.0,0,0,95548.06503478161,0.0,generators,False,False,False,True,False,False,False,False,False,False,0.0,0.0,0.0,95548.06503478161,0.0,0.0,0.0,0.0,0.0,0.0,RUTLAND CITY,local
DR-4022-0040-R,HMGP,2011,4022.0,WASHINGTON,200.1: Acquisition of Private Real Property (Structures and Land) - Riverine,Closed,Northfield (Town of),2023-11-07T00:00:00.000Z,814954.38,611215.79,0.75,0.0,0.0,6,6,874913.6487371599,1.0,acquisition,True,False,False,False,False,False,False,False,False,False,874913.6487371599,0.0,0.0,0.0,0.0,0.0,0.0,0.0,0.0,0.0,NORTHFIELD TOWN,local
DR-0990-0002-R,HMGP,1993,990.0,WASHINGTON,203.3: Wet Floodproofing Public Structures - Riverine,Closed,MONTPELIER,1997-04-17T00:00:00.000Z,82645.0,37645.0,0.46,0.0,0.0,0,1,83891.71875914362,1.0,wet_floodproofing,False,False,False,False,False,False,False,False,False,True,0.0,0.0,0.0,0.0,0.0,0.0,0.0,0.0,0.0,83891.71875914362,MONTPELIER CITY,local
DR-9005-0008-R,PDM,2000,9005.0,RUTLAND,90.4: Mitigation Plan - Local Multihazard Mitigation Plan,Closed,,2002-08-12T00:00:00.000Z,21800.0,13700.0,0.63,0.0,0.0,0,0,25616.09536589336,0.0,local_mitigation_planning,False,False,False,False,False,False,False,False,True,False,0.0,0.0,0.0,0.0,0.0,0.0,0.0,0.0,25616.09536589336,0.0,,unknown
DR-4022-0103-R,HMGP,2011,4022.0,WASHINGTON,403.1: Stormwater Management - Culverts,Closed,Cabot (Town of),2023-11-03T00:00:00.000Z,326835.5,245126.62,0.75,1.01,399090.0,0,0,350882.0109290816,1.0,stormwater_culverts,False,False,False,False,False,False,True,False,False,False,0.0,0.0,0.0,0.0,0.0,0.0,350882.0109290816,0.0,0.0,0.0,CABOT TOWN,local
DR-4022-0064-R,HMGP,2011,4022.0,WASHINGTON,403.1: Stormwater Management - Culverts,Closed,Barre,2023-08-18T00:00:00.000Z,246100.33,184575.25,0.75,4.91,782226.0,0,0,264206.8612855592,1.0,stormwater_culverts,False,False,False,False,False,False,True,False,False,False,0.0,0.0,0.0,0.0,0.0,0.0,264206.8612855592,0.0,0.0,0.0,BARRE CITY,local
DR-4022-0107-R,HMGP,2011,4022.0,WASHINGTON,601.1: Generators,Closed,Warren (Town of),2022-12-01T00:00:00.000Z,8496.47,6005.0,0.71,1.13,9047.0,0,0,8595.747273915558,0.0,generators,False,False,False,True,False,False,False,False,False,False,0.0,0.0,0.0,8595.747273915558,0.0,0.0,0.0,0.0,0.0,0.0,WARREN TOWN,local
DR-1184-0021-R,HMGP,1997,1184.0,RUTLAND,"301.1: Shoreline Stabilization (Riprap, etc.)",Closed,RUTLAND (TOWN OF ),2000-03-21T00:00:00.000Z,0.0,0.0,0.0,1.79,44720.0,0,0,0.0,1.0,shoreline_stabilization,False,False,True,False,False,False,False,False,False,False,0.0,0.0,0.0,0.0,0.0,0.0,0.0,0.0,0.0,0.0,RUTLAND TOWN,local
DR-1228-0019-R,HMGP,1998,1228.0,RUTLAND,403.1: Stormwater Management - Culverts,Closed,"Castleton, Town of",2001-01-30T00:00:00.000Z,56809.0,42606.0,0.75,1.22,69379.0,0,0,84152.1952787318,1.0,stormwater_culverts,False,False,False,False,False,False,True,False,False,False,0.0,0.0,0.0,0.0,0.0,0.0,84152.1952787318,0.0,0.0,0.0,CASTLETON TOWN,local
DR-4022-0053-R,HMGP,2011,4022.0,WASHINGTON,200.1: Acquisition of Private Real Property (Structures and Land) - Riverine,Closed,Northfield (Town of),2023-05-03T00:00:00.000Z,83472.26,62604.19,0.75,0.0,0.0,1,1,89613.62123700112,1.0,acquisition,True,False,False,False,False,False,False,False,False,False,89613.62123700112,0.0,0.0,0.0,0.0,0.0,0.0,0.0,0.0,0.0,NORTHFIELD TOWN,local
DR-4022-0038-R,HMGP,2011,4022.0,WASHINGTON,403.1: Stormwater Management - Culverts,Closed,Barre (Town of),2023-11-02T00:00:00.000Z,81510.0,61132.5,0.75,3.56,366104.0,0,0,87506.99753915785,1.0,stormwater_culverts,False,False,False,False,False,False,True,False,False,False,0.0,0.0,0.0,0.0,0.0,0.0,87506.99753915785,0.0,0.0,0.0,BARRE TOWN,local
DR-4022-0108-R,HMGP,2011,4022.0,WASHINGTON,601.1: Generators,Closed,Warren (Town of),2022-12-07T00:00:00.000Z,7348.94,5089.0,0.69,1.13,7667.0,0,0,7284.555849618032,0.0,generators,False,False,False,True,False,False,False,False,False,False,0.0,0.0,0.0,7284.555849618032,0.0,0.0,0.0,0.0,0.0,0.0,WARREN TOWN,local
DR-1816-0001-R,HMGP,2009,1816.0,WASHINGTON,403.1: Stormwater Management - Culverts,Closed,Warren (Town of),2013-01-16T00:00:00.000Z,33989.0,25493.0,0.75,1.92,105589.0,0,0,38253.15265539781,1.0,stormwater_culverts,False,False,False,False,False,False,True,False,False,False,0.0,0.0,0.0,0.0,0.0,0.0,38253.15265539781,0.0,0.0,0.0,WARREN TOWN,local
DR-0840-0003-R,HMGP,1989,840.0,WASHINGTON,203.1: Wet Floodproofing Private Structures - Riverine,Closed,MONTPELIER,1993-05-12T00:00:00.000Z,89430.0,44715.0,0.5,0.0,0.0,5,5,116155.66542056076,1.0,wet_floodproofing,False,False,False,False,False,False,False,False,False,True,0.0,0.0,0.0,0.0,0.0,0.0,0.0,0.0,0.0,116155.66542056076,MONTPELIER CITY,local
DR-4532-0006-R,HMGP,2020,4532.0,WASHINGTON,200.1: Acquisition of Private Real Property (Structures and Land) - Riverine,Approved,Northfield (Town of),2023-06-29T00:00:00.000Z,309790.0,261811.0,0.9,1.03,323000.0,1,1,325637.616243796,1.0,acquisition,True,False,False,False,False,False,False,False,False,False,325637.616243796,0.0,0.0,0.0,0.0,0.0,0.0,0.0,0.0,0.0,NORTHFIELD TOWN,local
DR-4022-0092-R,HMGP,2011,4022.0,RUTLAND,403.1: Stormwater Management - Culverts,Closed,Brandon (Town of),2023-11-20T00:00:00.000Z,2486654.37,1864690.75,0.75,1.62,3319401.0,0,0,2669177.4239813588,1.0,stormwater_culverts,False,False,False,False,False,False,True,False,False,False,0.0,0.0,0.0,0.0,0.0,0.0,2669177.4239813588,0.0,0.0,0.0,BRANDON TOWN,local
DR-4207-0005-R,HMGP,2015,4207.0,WASHINGTON,200.1: Acquisition of Private Real Property (Structures and Land) - Riverine,Closed,Barre,2019-05-30T00:00:00.000Z,73453.0,55090.16,0.75,0.0,0.0,1,1,74838.82750116248,1.0,acquisition,True,False,False,False,False,False,False,False,False,False,74838.82750116248,0.0,0.0,0.0,0.0,0.0,0.0,0.0,0.0,0.0,BARRE CITY,local
DR-4022-0016-R,HMGP,2011,4022.0,RUTLAND,200.1: Acquisition of Private Real Property (Structures and Land) - Riverine,Closed,Pittsfield (Town of),2023-11-08T00:00:00.000Z,547101.4,410326.05,0.75,0.0,0.0,4,4,587353.7095260682,1.0,acquisition,True,False,False,False,False,False,False,False,False,False,587353.7095260682,0.0,0.0,0.0,0.0,0.0,0.0,0.0,0.0,0.0,PITTSFIELD TOWN,local
DR-4022-0048-R,HMGP,2011,4022.0,WASHINGTON,200.1: Acquisition of Private Real Property (Structures and Land) - Riverine,Closed,Duxbury,2015-05-20T00:00:00.000Z,174248.0,130686.0,0.75,0.0,0.0,1,1,187068.0813054003,1.0,acquisition,True,False,False,False,False,False,False,False,False,False,187068.0813054003,0.0,0.0,0.0,0.0,0.0,0.0,0.0,0.0,0.0,DUXBURY TOWN,local
DR-4022-0077-R,HMGP,2011,4022.0,WASHINGTON,202.1: Elevation of Private Structures - Riverine,Closed,Northfield (Town of),2014-07-16T00:00:00.000Z,140200.0,0.0,0.75,0.0,0.0,1,1,0.0,1.0,elevation,False,False,False,False,False,False,False,False,False,True,0.0,0.0,0.0,0.0,0.0,0.0,0.0,0.0,0.0,0.0,NORTHFIELD TOWN,local
DR-4022-0097-R,HMGP,2011,4022.0,RUTLAND,403.1: Stormwater Management - Culverts,Closed,Pawlet,2014-11-10T00:00:00.000Z,96078.0,72059.0,0.75,1.08,105936.0,0,0,103147.5358553008,1.0,stormwater_culverts,False,False,False,False,False,False,True,False,False,False,0.0,0.0,0.0,0.0,0.0,0.0,103147.5358553008,0.0,0.0,0.0,PAWLET TOWN,local
DR-4022-0042-R,HMGP,2011,4022.0,RUTLAND,200.1: Acquisition of Private Real Property (Structures and Land) - Riverine,Closed,Clarendon (Town of),2023-11-01T00:00:00.000Z,41543.69,25630.5,0.62,1.7,135800.0,1,1,36688.309825827266,1.0,acquisition,True,False,False,False,False,False,False,False,False,False,36688.309825827266,0.0,0.0,0.0,0.0,0.0,0.0,0.0,0.0,0.0,CLARENDON TOWN,local
DR-4022-0112-R,HMGP,2011,4022.0,WASHINGTON,202.1: Elevation of Private Structures - Riverine,Closed,Moretown (Town of),2023-12-06T00:00:00.000Z,123812.88,92858.15,0.75,1.01,125299.0,1,1,132920.09820538585,1.0,elevation,False,False,False,False,False,False,False,False,False,True,0.0,0.0,0.0,0.0,0.0,0.0,0.0,0.0,0.0,132920.09820538585,MORETOWN TOWN,local
DR-4022-0049-R,HMGP,2011,4022.0,WASHINGTON,200.1: Acquisition of Private Real Property (Structures and Land) - Riverine,Closed,Berlin (Town of),2015-05-15T00:00:00.000Z,184121.0,138091.0,0.75,0.0,0.0,1,1,197667.83293959592,1.0,acquisition,True,False,False,False,False,False,False,False,False,False,197667.83293959592,0.0,0.0,0.0,0.0,0.0,0.0,0.0,0.0,0.0,BERLIN TOWN,local
DR-0840-0001-R,HMGP,1989,840.0,WASHINGTON,403.1: Stormwater Management - Culverts,Closed,TOWN OF BERLIN,1991-01-04T00:00:00.000Z,40000.0,20000.0,0.5,0.0,0.0,0,0,51953.78079864062,1.0,stormwater_culverts,False,False,False,False,False,False,True,False,False,False,0.0,0.0,0.0,0.0,0.0,0.0,51953.78079864062,0.0,0.0,0.0,BERLIN TOWN,local
DR-4022-0057-R,HMGP,2011,4022.0,WASHINGTON,200.3: Acquisition of Public Real Property (Structures and Land) - Riverine,Closed,Statewide,2014-07-11T00:00:00.000Z,248349.0,186262.0,0.75,2.65,657475.0,5,5,266621.32868177514,1.0,acquisition,True,False,False,False,False,False,False,False,False,False,266621.32868177514,0.0,0.0,0.0,0.0,0.0,0.0,0.0,0.0,0.0,,statewide
DR-4720-0065-R,HMGP,2023,4720.0,WASHINGTON,200.1: Acquisition of Private Real Property (Structures and Land) - Riverine,Approved,Statewide,2025-04-21T00:00:00.000Z,545500.0,409125.0,0.75,1.0,1.0,1,1,432298.553203671,1.0,acquisition,True,False,False,False,False,False,False,False,False,False,432298.553203671,0.0,0.0,0.0,0.0,0.0,0.0,0.0,0.0,0.0,,statewide
DR-4232-0003-R,HMGP,2015,4232.0,WASHINGTON,200.1: Acquisition of Private Real Property (Structures and Land) - Riverine,Closed,Barre,2018-11-06T00:00:00.000Z,93894.0,70420.32,0.75,0.0,0.0,1,1,95664.52849395723,1.0,acquisition,True,False,False,False,False,False,False,False,False,False,95664.52849395723,0.0,0.0,0.0,0.0,0.0,0.0,0.0,0.0,0.0,BARRE CITY,local
DR-4022-0098-R,HMGP,2011,4022.0,RUTLAND,403.1: Stormwater Management - Culverts,Closed,Pawlet,2014-11-10T00:00:00.000Z,85000.0,63750.0,0.75,1.18,101568.0,0,0,91253.76997703861,1.0,stormwater_culverts,False,False,False,False,False,False,True,False,False,False,0.0,0.0,0.0,0.0,0.0,0.0,91253.76997703861,0.0,0.0,0.0,PAWLET TOWN,local
PDMC-PL-01-VT-2018-005,PDM,2018,,RUTLAND,904.2: Advance Assistance (FMA and PDMC),Not Approved / Denied,"Town of Danby, Vermont",,30945.0,,0.9,,,0,0,,0.0,technical_assistance,False,False,False,False,False,False,False,False,True,False,0.0,0.0,0.0,0.0,0.0,0.0,0.0,0.0,0.0,0.0,DANBY TOWN,local
DR-4022-0125-R,HMGP,2011,4022.0,RUTLAND,200.1: Acquisition of Private Real Property (Structures and Land) - Riverine,Closed,Brandon (Town of),2017-04-17T00:00:00.000Z,166527.0,124895.0,0.75,0.0,0.0,1,1,178778.6604122704,1.0,acquisition,True,False,False,False,False,False,False,False,False,False,178778.6604122704,0.0,0.0,0.0,0.0,0.0,0.0,0.0,0.0,0.0,BRANDON TOWN,local
DR-4022-0071-R,HMGP,2011,4022.0,RUTLAND,403.1: Stormwater Management - Culverts,Closed,Pawlet,2018-04-05T00:00:00.000Z,82326.0,61744.0,0.75,1.65,204637.0,0,0,88382.31801509447,1.0,stormwater_culverts,False,False,False,False,False,False,True,False,False,False,0.0,0.0,0.0,0.0,0.0,0.0,88382.31801509447,0.0,0.0,0.0,PAWLET TOWN,local
DR-1184-0007-R,HMGP,1997,1184.0,RUTLAND,403.1: Stormwater Management - Culverts,Withdrawn,"Poultney, Town of ",,,,,,,0,0,,1.0,stormwater_culverts,False,False,False,False,False,False,True,False,False,False,0.0,0.0,0.0,0.0,0.0,0.0,0.0,0.0,0.0,0.0,POULTNEY TOWN,local
DR-4163-0010-R,HMGP,2014,4163.0,WASHINGTON,200.1: Acquisition of Private Real Property (Structures and Land) - Riverine,Closed,Woodbury (Town of),2022-07-20T00:00:00.000Z,190550.5,141204.0,0.74,0.0,0.0,1,1,192055.04260935186,1.0,acquisition,True,False,False,False,False,False,False,False,False,False,192055.04260935186,0.0,0.0,0.0,0.0,0.0,0.0,0.0,0.0,0.0,WOODBURY TOWN,local
DR-1201-0007-R,HMGP,1998,1201.0,WASHINGTON,"301.1: Shoreline Stabilization (Riprap, etc.)",Closed,Johnson (Town of),1999-03-31T00:00:00.000Z,27668.0,20751.0,0.75,1.4,37227.0,0,0,40985.82838635318,1.0,shoreline_stabilization,False,False,True,False,False,False,False,False,False,False,0.0,0.0,40985.82838635318,0.0,0.0,0.0,0.0,0.0,0.0,0.0,JOHNSON TOWN,local
DR-1228-0003-R,HMGP,1998,1228.0,WASHINGTON,200.1: Acquisition of Private Real Property (Structures and Land) - Riverine,Closed,Warren (Town of ),1998-09-24T00:00:00.000Z,225390.0,152630.0,0.68,0.0,0.0,3,3,301463.39870893385,1.0,acquisition,True,False,False,False,False,False,False,False,False,False,301463.39870893385,0.0,0.0,0.0,0.0,0.0,0.0,0.0,0.0,0.0,WARREN TOWN,local
DR-4022-0101-R,HMGP,2011,4022.0,WASHINGTON,202.1: Elevation of Private Structures - Riverine,Closed,Waterbury (Town of),2025-05-02T00:00:00.000Z,115564.1,86548.0,0.75,0.0,0.0,1,1,123887.54955251353,1.0,elevation,False,False,False,False,False,False,False,False,False,True,0.0,0.0,0.0,0.0,0.0,0.0,0.0,0.0,0.0,123887.54955251353,WATERBURY TOWN,local
DR-4207-0006-R,HMGP,2015,4207.0,WASHINGTON,200.1: Acquisition of Private Real Property (Structures and Land) - Riverine,Closed,Northfield (Town of),2019-05-28T00:00:00.000Z,175451.0,131588.43,0.75,0.0,0.0,1,1,178760.1236576331,1.0,acquisition,True,False,False,False,False,False,False,False,False,False,178760.1236576331,0.0,0.0,0.0,0.0,0.0,0.0,0.0,0.0,0.0,NORTHFIELD TOWN,local
DR-4720-0093,HMGP,2023,4720.0,WASHINGTON,200.1: Acquisition of Private Real Property (Structures and Land) - Riverine,Closed,Statewide,,253000.0,,0.75,0.0,0.0,0,1,,1.0,acquisition,True,False,False,False,False,False,False,False,False,False,0.0,0.0,0.0,0.0,0.0,0.0,0.0,0.0,0.0,0.0,,statewide
PDMC-PJ-01-VT-2017-002,PDM,2017,,RUTLAND,200.1: Acquisition of Private Real Property (Structures and Land) - Riverine,Closed,Town of Brandon,2019-01-28T00:00:00.000Z,502215.0,376661.25,0.75,1.0,502215.0,3,3,494737.5995143957,1.0,acquisition,True,False,False,False,False,False,False,False,False,False,494737.5995143957,0.0,0.0,0.0,0.0,0.0,0.0,0.0,0.0,0.0,BRANDON TOWN,local
DR-1101-0016-R,HMGP,1996,1101.0,RUTLAND,403.1: Stormwater Management - Culverts,Closed,"Castleton, Town of",1999-04-08T00:00:00.000Z,13375.0,10031.0,0.75,1.54,20590.0,0,0,20589.278500287368,1.0,stormwater_culverts,False,False,False,False,False,False,True,False,False,False,0.0,0.0,0.0,0.0,0.0,0.0,20589.278500287368,0.0,0.0,0.0,CASTLETON TOWN,local
DR-1101-0015-R,HMGP,1996,1101.0,RUTLAND,403.1: Stormwater Management - Culverts,Closed,"Castleton, Town of",1999-04-08T00:00:00.000Z,100239.0,70021.0,0.7,3.05,44947.0,0,0,143722.6467818385,1.0,stormwater_culverts,False,False,False,False,False,False,True,False,False,False,0.0,0.0,0.0,0.0,0.0,0.0,143722.6467818385,0.0,0.0,0.0,CASTLETON TOWN,local
DR-1201-0010-R,HMGP,1998,1201.0,RUTLAND,403.1: Stormwater Management - Culverts,Closed,"Poultney, Town of ",1999-04-08T00:00:00.000Z,21228.0,15921.0,0.75,1.15,24322.0,0,0,31445.97242249188,1.0,stormwater_culverts,False,False,False,False,False,False,True,False,False,False,0.0,0.0,0.0,0.0,0.0,0.0,31445.97242249188,0.0,0.0,0.0,POULTNEY TOWN,local
DR-1184-0014-R,HMGP,1997,1184.0,RUTLAND,403.1: Stormwater Management - Culverts,Closed,"Castleton, Town of",1999-04-08T00:00:00.000Z,14327.0,5158.0,0.36,3.05,44947.0,0,0,10345.301523693563,1.0,stormwater_culverts,False,False,False,False,False,False,True,False,False,False,0.0,0.0,0.0,0.0,0.0,0.0,10345.301523693563,0.0,0.0,0.0,CASTLETON TOWN,local
DR-1336-0009-R,HMGP,2000,1336.0,RUTLAND,403.1: Stormwater Management - Culverts,Closed,Poultney (Town of),2004-05-05T00:00:00.000Z,31939.0,23954.0,0.75,2.27,120111.0,0,0,44788.90134267223,1.0,stormwater_culverts,False,False,False,False,False,False,True,False,False,False,0.0,0.0,0.0,0.0,0.0,0.0,44788.90134267223,0.0,0.0,0.0,POULTNEY TOWN,local
DR-1336-0013-R,HMGP,2000,1336.0,RUTLAND,405.1: Other Minor Flood Control,Closed,Castleton (Town of),2004-06-08T00:00:00.000Z,4571.0,3428.0,0.75,8.42,23991.0,0,0,6409.633205422076,1.0,minor_flood_control,False,False,False,False,True,False,False,False,False,False,0.0,0.0,0.0,0.0,6409.633205422076,0.0,0.0,0.0,0.0,0.0,CASTLETON TOWN,local
DR-4532-0002-R,HMGP,2020,4532.0,RUTLAND,200.1: Acquisition of Private Real Property (Structures and Land) - Riverine,Closed,Brandon (Town of),2024-04-11T00:00:00.000Z,550.0,495.0,0.9,1.03,323000.0,1,1,615.675506532113,1.0,acquisition,True,False,False,False,False,False,False,False,False,False,615.675506532113,0.0,0.0,0.0,0.0,0.0,0.0,0.0,0.0,0.0,BRANDON TOWN,local
DR-4022-0086-R,HMGP,2011,4022.0,RUTLAND,200.1: Acquisition of Private Real Property (Structures and Land) - Riverine,Closed,Pittsfield (Town of),2024-01-24T00:00:00.000Z,286105.2,211638.0,0.74,3.47,979680.0,1,1,302945.3391435372,1.0,acquisition,True,False,False,False,False,False,False,False,False,False,302945.3391435372,0.0,0.0,0.0,0.0,0.0,0.0,0.0,0.0,0.0,PITTSFIELD TOWN,local
DR-4022-0105-R,HMGP,2011,4022.0,WASHINGTON,601.1: Generators,Closed,Barre (Town of),2023-02-03T00:00:00.000Z,9240.86,5175.0,0.56,1.13,8381.0,0,0,7407.658974606664,0.0,generators,False,False,False,True,False,False,False,False,False,False,0.0,0.0,0.0,7407.658974606664,0.0,0.0,0.0,0.0,0.0,0.0,BARRE TOWN,local
PDMC-PJ-01-VT-2005-003,PDM,2005,,RUTLAND,402.1: Infrastructure Protective Measures (Roads and Bridges),Not Approved / Denied,Town of Castleton,,836792.96,,0.75,2.97,2516273.0,0,0,,1.0,roads_bridges_protection,False,False,False,False,False,True,False,False,False,False,0.0,0.0,0.0,0.0,0.0,0.0,0.0,0.0,0.0,0.0,CASTLETON TOWN,local
DR-4720-0016-R,HMGP,2023,4720.0,WASHINGTON,200.1: Acquisition of Private Real Property (Structures and Land) - Riverine,Approved,Middlesex (Town of),2024-08-28T00:00:00.000Z,4313606.0,3235204.5,0.75,0.0,0.0,0,13,3418452.1226226846,1.0,acquisition,True,False,False,False,False,False,False,False,False,False,3418452.1226226846,0.0,0.0,0.0,0.0,0.0,0.0,0.0,0.0,0.0,MIDDLESEX TOWN,local
DR-4720-0006-R,HMGP,2023,4720.0,WASHINGTON,904.1: Advanced Assistance,Approved,Montpelier,2024-03-27T00:00:00.000Z,72800.0,54600.0,0.75,0.0,0.0,0,0,57692.63918098487,0.0,technical_assistance,False,False,False,False,False,False,False,False,True,False,0.0,0.0,0.0,0.0,0.0,0.0,0.0,0.0,57692.63918098487,0.0,MONTPELIER CITY,local
DR-4720-0028-R,HMGP,2023,4720.0,WASHINGTON,200.1: Acquisition of Private Real Property (Structures and Land) - Riverine,Approved,Statewide,2024-10-01T00:00:00.000Z,331200.0,248400.0,0.75,0.0,0.0,1,1,262469.80902118393,1.0,acquisition,True,False,False,False,False,False,False,False,False,False,262469.80902118393,0.0,0.0,0.0,0.0,0.0,0.0,0.0,0.0,0.0,,statewide
DR-4532-0024,HMGP,2020,4532.0,RUTLAND,601.1: Generators,Pending,West Haven (Town of),,22000.0,,0.9,0.0,0.0,0,0,,0.0,generators,False,False,False,True,False,False,False,False,False,False,0.0,0.0,0.0,0.0,0.0,0.0,0.0,0.0,0.0,0.0,WEST HAVEN TOWN,local
DR-1101-0019-R,HMGP,1996,1101.0,WASHINGTON,"301.1: Shoreline Stabilization (Riprap, etc.)",Closed,"Waterbury, Town of",1998-11-09T00:00:00.000Z,69800.0,52350.0,0.75,2.3,124205.0,0,0,107451.77245439576,1.0,shoreline_stabilization,False,False,True,False,False,False,False,False,False,False,0.0,0.0,107451.77245439576,0.0,0.0,0.0,0.0,0.0,0.0,0.0,WATERBURY TOWN,local
DR-4330-0006-R,HMGP,2017,4330.0,RUTLAND,200.1: Acquisition of Private Real Property (Structures and Land) - Riverine,Closed,Brandon (Town of),2022-04-07T00:00:00.000Z,0.0,0.0,0.75,0.0,0.0,1,1,0.0,1.0,acquisition,True,False,False,False,False,False,False,False,False,False,0.0,0.0,0.0,0.0,0.0,0.0,0.0,0.0,0.0,0.0,BRANDON TOWN,local
DR-4720-0005-R,HMGP,2023,4720.0,WASHINGTON,904.1: Advanced Assistance,Approved,Cabot (Town of),2024-03-27T00:00:00.000Z,69620.0,52215.0,0.75,0.0,0.0,0,0,55172.54862335394,0.0,technical_assistance,False,False,False,False,False,False,False,False,True,False,0.0,0.0,0.0,0.0,0.0,0.0,0.0,0.0,55172.54862335394,0.0,CABOT TOWN,local
DR-4330-0008-R,HMGP,2017,4330.0,WASHINGTON,200.1: Acquisition of Private Real Property (Structures and Land) - Riverine,Closed,Middlesex (Town of),2024-01-25T00:00:00.000Z,273728.34,205296.26,0.75,2.38,323000.0,1,1,269652.8481803829,1.0,acquisition,True,False,False,False,False,False,False,False,False,False,269652.8481803829,0.0,0.0,0.0,0.0,0.0,0.0,0.0,0.0,0.0,MIDDLESEX TOWN,local
DR-4022-0076-R,HMGP,2011,4022.0,WASHINGTON,200.1: Acquisition of Private Real Property (Structures and Land) - Riverine,Closed,Northfield (Town of),2023-05-02T00:00:00.000Z,155263.25,116447.44,0.75,0.0,0.0,1,1,166686.55535960794,1.0,acquisition,True,False,False,False,False,False,False,False,False,False,166686.55535960794,0.0,0.0,0.0,0.0,0.0,0.0,0.0,0.0,0.0,NORTHFIELD TOWN,local
DR-4022-0142-R,HMGP,2011,4022.0,RUTLAND,601.2: Generators - Regular,Closed,Killington (Town of),2021-04-12T00:00:00.000Z,0.0,0.0,0.75,1.13,39609.0,0,0,0.0,0.0,generators,False,False,False,True,False,False,False,False,False,False,0.0,0.0,0.0,0.0,0.0,0.0,0.0,0.0,0.0,0.0,KILLINGTON TOWN,local
FMA-PJ-01VT-1997001,FMA,1997,,WASHINGTON,"204.3: Dry Floodproofing Public Structures - Riverine; 
405.1: Other Minor Flood Control",Closed,"Montpelier, City Of",,94230.0,63135.0,0.67,,,2,3,126628.65678526428,1.0,"dry_floodproofing,minor_flood_control",False,False,False,False,True,False,False,False,False,True,0.0,0.0,0.0,0.0,63314.32839263214,0.0,0.0,0.0,0.0,63314.32839263214,MONTPELIER CITY,local
DR-4022-0008-R,HMGP,2011,4022.0,RUTLAND,403.1: Stormwater Management - Culverts,Closed,Pawlet (Town of),2023-05-30T00:00:00.000Z,13483.84,10112.89,0.75,1.25,44797.0,0,0,14475.91118216618,1.0,stormwater_culverts,False,False,False,False,False,False,True,False,False,False,0.0,0.0,0.0,0.0,0.0,0.0,14475.91118216618,0.0,0.0,0.0,PAWLET TOWN,local
DR-1228-0017-R,HMGP,1998,1228.0,RUTLAND,403.1: Stormwater Management - Culverts,Closed,Poultney (Town of),2000-01-24T00:00:00.000Z,33000.0,24750.0,0.75,1.07,35210.0,0,0,48884.35509432033,1.0,stormwater_culverts,False,False,False,False,False,False,True,False,False,False,0.0,0.0,0.0,0.0,0.0,0.0,48884.35509432033,0.0,0.0,0.0,POULTNEY TOWN,local
LPDM-PJ-01-VT-2023-001,LPDM,2023,,RUTLAND,402.4: Community Flood Mitigation Project ,Obligated,State of Vermont,2023-09-14T00:00:00.000Z,250667.0,188000.0,0.75,10.07,2516790.0,0,0,198648.64772939845,1.0,community_flood_mitigation,False,False,False,False,False,False,True,False,False,False,0.0,0.0,0.0,0.0,0.0,0.0,198648.64772939845,0.0,0.0,0.0,,statewide
DR-4001-0005-R,HMGP,2011,4001.0,WASHINGTON,200.1: Acquisition of Private Real Property (Structures and Land) - Riverine,Closed,Middlesex (Town of),2016-11-23T00:00:00.000Z,122095.0,91571.0,0.75,0.0,0.0,2,2,131077.63091086122,1.0,acquisition,True,False,False,False,False,False,False,False,False,False,131077.63091086122,0.0,0.0,0.0,0.0,0.0,0.0,0.0,0.0,0.0,MIDDLESEX TOWN,local
FMA-PL-01VT-1997001,FMA,1997,,WASHINGTON,,Closed,"Montpelier, City Of",1998-07-01T00:00:00.000Z,14000.0,10500.0,0.75,,,0,0,21059.64831306367,,,False,False,False,False,False,False,False,False,False,False,0.0,0.0,0.0,0.0,0.0,0.0,0.0,0.0,0.0,0.0,MONTPELIER CITY,local
FMA-TA-01VT-1997001,FMA,1997,,WASHINGTON,,,"Montpelier, City Of",1997-08-01T00:00:00.000Z,13960.0,0.0,0.75,,,0,0,0.0,,,False,False,False,False,False,False,False,False,False,False,0.0,0.0,0.0,0.0,0.0,0.0,0.0,0.0,0.0,0.0,MONTPELIER CITY,local
DR-4720-0089,HMGP,2023,4720.0,WASHINGTON,200.1: Acquisition of Private Real Property (Structures and Land) - Riverine,Closed,Statewide,,722594.0,,0.75,0.0,0.0,0,1,,1.0,acquisition,True,False,False,False,False,False,False,False,False,False,0.0,0.0,0.0,0.0,0.0,0.0,0.0,0.0,0.0,0.0,,statewide
DR-4022-0074-R,HMGP,2011,4022.0,WASHINGTON,200.1: Acquisition of Private Real Property (Structures and Land) - Riverine,Closed,Northfield (Town of),2018-03-26T00:00:00.000Z,19098.0,14324.0,0.75,0.0,0.0,1,1,20503.82746903688,1.0,acquisition,True,False,False,False,False,False,False,False,False,False,20503.82746903688,0.0,0.0,0.0,0.0,0.0,0.0,0.0,0.0,0.0,NORTHFIELD TOWN,local
DR-1101-0008-R,HMGP,1996,1101.0,RUTLAND,403.1: Stormwater Management - Culverts,Closed,SHERBURNE (TOWN OF),1998-11-05T00:00:00.000Z,11000.0,8250.0,0.75,1.61,17672.0,0,0,16933.660415449187,1.0,stormwater_culverts,False,False,False,False,False,False,True,False,False,False,0.0,0.0,0.0,0.0,0.0,0.0,16933.660415449187,0.0,0.0,0.0,KILLINGTON TOWN,local
DR-4720-0081-R,HMGP,2023,4720.0,WASHINGTON,200.1: Acquisition of Private Real Property (Structures and Land) - Riverine,Approved,Statewide,2025-04-21T00:00:00.000Z,471000.0,353250.0,0.75,0.0,0.0,1,1,373258.69580005325,1.0,acquisition,True,False,False,False,False,False,False,False,False,False,373258.69580005325,0.0,0.0,0.0,0.0,0.0,0.0,0.0,0.0,0.0,,statewide
PDMC-PJ-01-VT-2017-004,PDM,2017,,RUTLAND,200.1: Acquisition of Private Real Property (Structures and Land) - Riverine,Not Selected,Town of Brandon,,409245.0,,0.75,1.0,409245.0,2,2,,1.0,acquisition,True,False,False,False,False,False,False,False,False,False,0.0,0.0,0.0,0.0,0.0,0.0,0.0,0.0,0.0,0.0,BRANDON TOWN,local
DR-4022-0010-R,HMGP,2011,4022.0,RUTLAND,403.1: Stormwater Management - Culverts,Closed,Pawlet (Town of),2018-03-27T00:00:00.000Z,73178.0,54884.0,0.75,1.09,91529.0,0,0,78562.69664972216,1.0,stormwater_culverts,False,False,False,False,False,False,True,False,False,False,0.0,0.0,0.0,0.0,0.0,0.0,78562.69664972216,0.0,0.0,0.0,PAWLET TOWN,local
DR-0875-0009-R,HMGP,1990,875.0,WASHINGTON,203.3: Wet Floodproofing Public Structures - Riverine,Closed,MONTPELIER,1994-08-11T00:00:00.000Z,90000.0,45000.0,0.5,0.0,0.0,1,1,110886.81096312961,1.0,wet_floodproofing,False,False,False,False,False,False,False,False,False,True,0.0,0.0,0.0,0.0,0.0,0.0,0.0,0.0,0.0,110886.81096312961,MONTPELIER CITY,local
DR-1101-0005-R,HMGP,1996,1101.0,RUTLAND,402.1: Infrastructure Protective Measures (Roads and Bridges),Withdrawn,SHERBURNE (TOWN OF),,,,,0.0,,0,0,,1.0,roads_bridges_protection,False,False,False,False,False,True,False,False,False,False,0.0,0.0,0.0,0.0,0.0,0.0,0.0,0.0,0.0,0.0,KILLINGTON TOWN,local
FMA-PJ-01-VT-2023-006,FMA,2023,,WASHINGTON,200.1: Acquisition of Private Real Property (Structures and Land) - Riverine,Obligated,Vermont Emergency Management,2024-11-25T00:00:00.000Z,1057136.85,951423.16,0.9,2.0,2.0,3,3,1005313.4263427188,1.0,acquisition,True,False,False,False,False,False,False,False,False,False,1005313.4263427188,0.0,0.0,0.0,0.0,0.0,0.0,0.0,0.0,0.0,,statewide
DR-0938-0005-R,HMGP,1992,938.0,WASHINGTON,203.4: Wet Floodproofing Public Structures - Coastal,Withdrawn,MONTPELIER,,0.0,0.0,0.0,0.0,,0,1,0.0,1.0,wet_floodproofing,False,False,False,False,False,False,False,False,False,True,0.0,0.0,0.0,0.0,0.0,0.0,0.0,0.0,0.0,0.0,MONTPELIER CITY,local
DR-4720-0046-R,HMGP,2023,4720.0,WASHINGTON,200.1: Acquisition of Private Real Property (Structures and Land) - Riverine,Approved,Statewide,2024-12-03T00:00:00.000Z,470700.0,353025.0,0.75,0.0,0.0,1,1,373020.9514078239,1.0,acquisition,True,False,False,False,False,False,False,False,False,False,373020.9514078239,0.0,0.0,0.0,0.0,0.0,0.0,0.0,0.0,0.0,,statewide
DR-4720-0008-R,HMGP,2023,4720.0,WASHINGTON,904.1: Advanced Assistance,Approved,Montpelier,2024-12-16T00:00:00.000Z,59952.0,44964.0,0.75,0.0,0.0,0,0,47510.83934310996,0.0,technical_assistance,False,False,False,False,False,False,False,False,True,False,0.0,0.0,0.0,0.0,0.0,0.0,0.0,0.0,47510.83934310996,0.0,MONTPELIER CITY,local
DR-4022-0155-R,HMGP,2011,4022.0,WASHINGTON,405.1: Other Minor Flood Control,Closed,Warren (Town of),2025-07-07T00:00:00.000Z,138811.5,104108.63,0.75,1.65,247020.0,1,1,149024.39175913134,1.0,minor_flood_control,False,False,False,False,True,False,False,False,False,False,0.0,0.0,0.0,0.0,149024.39175913134,0.0,0.0,0.0,0.0,0.0,WARREN TOWN,local
DR-1063-0003-R,HMGP,1995,1063.0,WASHINGTON,403.1: Stormwater Management - Culverts,Withdrawn,WORCESTER (TOWN OF),,,,,0.0,,0,0,,1.0,stormwater_culverts,False,False,False,False,False,False,True,False,False,False,0.0,0.0,0.0,0.0,0.0,0.0,0.0,0.0,0.0,0.0,WORCESTER TOWN,local
DR-1101-0006-R,HMGP,1996,1101.0,RUTLAND,403.1: Stormwater Management - Culverts,Withdrawn,MENDON (TOWN OF),,,,,0.0,,0,0,,1.0,stormwater_culverts,False,False,False,False,False,False,True,False,False,False,0.0,0.0,0.0,0.0,0.0,0.0,0.0,0.0,0.0,0.0,MENDON TOWN,local
DR-4022-0036-R,HMGP,2011,4022.0,WASHINGTON,403.1: Stormwater Management - Culverts,Closed,Cabot (Town of),2015-05-19T00:00:00.000Z,224161.0,168121.0,0.75,1.26,335206.0,0,0,240653.7264676033,1.0,stormwater_culverts,False,False,False,False,False,False,True,False,False,False,0.0,0.0,0.0,0.0,0.0,0.0,240653.7264676033,0.0,0.0,0.0,CABOT TOWN,local
DR-4043-0002-R,HMGP,2012,4043.0,RUTLAND,200.3: Acquisition of Public Real Property (Structures and Land) - Riverine,Closed,Rutland,2016-03-01T00:00:00.000Z,0.0,0.0,0.75,0.0,0.0,0,1,0.0,1.0,acquisition,True,False,False,False,False,False,False,False,False,False,0.0,0.0,0.0,0.0,0.0,0.0,0.0,0.0,0.0,0.0,RUTLAND CITY,local
DR-4720-0068-R,HMGP,2023,4720.0,WASHINGTON,200.1: Acquisition of Private Real Property (Structures and Land) - Riverine,Approved,Statewide,2025-04-21T00:00:00.000Z,528957.0,396717.75,0.75,0.0,0.0,1,1,419188.5349348381,1.0,acquisition,True,False,False,False,False,False,False,False,False,False,419188.5349348381,0.0,0.0,0.0,0.0,0.0,0.0,0.0,0.0,0.0,,statewide
DR-4720-0073,HMGP,2023,4720.0,CHITTENDEN; WASHINGTON,200.1: Acquisition of Private Real Property (Structures and Land) - Riverine,Closed,Statewide,,3720777.0,,0.75,1.81,6730490.0,0,10,,1.0,acquisition,True,False,False,False,False,False,False,False,False,False,0.0,0.0,0.0,0.0,0.0,0.0,0.0,0.0,0.0,0.0,,statewide
DR-4720-0009-R,HMGP,2023,4720.0,RUTLAND,904.1: Advanced Assistance,Closed,Fair Haven (Town of),2024-10-23T00:00:00.000Z,0.0,0.0,0.75,0.0,0.0,0,0,0.0,0.0,technical_assistance,False,False,False,False,False,False,False,False,True,False,0.0,0.0,0.0,0.0,0.0,0.0,0.0,0.0,0.0,0.0,FAIR HAVEN TOWN,local
DR-4022-0072-R,HMGP,2011,4022.0,WASHINGTON,203.1: Wet Floodproofing Private Structures - Riverine,Closed,"Barre Historical Society, Inc",2017-05-16T00:00:00.000Z,113825.0,85369.0,0.75,2.83,263841.0,1,1,122199.89159482054,1.0,wet_floodproofing,False,False,False,False,False,False,False,False,False,True,0.0,0.0,0.0,0.0,0.0,0.0,0.0,0.0,0.0,122199.89159482054,BARRE CITY,local
DR-4532-0025-R,HMGP,2020,4532.0,WASHINGTON,401.1: Water and Sanitary Sewer System Protective Measures,Approved,Waterbury (Town of),2026-01-20T00:00:00.000Z,103670.0,93303.0,0.9,1.75,701767.0,0,0,116049.23593124392,1.0,water_sewer_protection,False,False,False,False,False,True,False,False,False,False,0.0,0.0,0.0,0.0,0.0,116049.23593124392,0.0,0.0,0.0,0.0,WATERBURY TOWN,local
DR-4163-0005-P,HMGP,2014,4163.0,WASHINGTON,91.1: Local Multihazard Mitigation Plan,Closed,Waterbury (Town of),2015-02-23T00:00:00.000Z,20000.0,15000.0,0.75,0.0,0.0,0,0,20401.869912610677,0.0,local_mitigation_planning,False,False,False,False,False,False,False,False,True,False,0.0,0.0,0.0,0.0,0.0,0.0,0.0,0.0,20401.869912610677,0.0,WATERBURY TOWN,local
DR-4532-0021-R,HMGP,2020,4532.0,RUTLAND,403.1: Stormwater Management - Culverts,Approved,Chittenden (Town of),2025-12-17T00:00:00.000Z,161280.0,145152.0,0.9,1.22,210059.0,0,0,180538.44671545306,1.0,stormwater_culverts,False,False,False,False,False,False,True,False,False,False,0.0,0.0,0.0,0.0,0.0,0.0,180538.44671545306,0.0,0.0,0.0,CHITTENDEN TOWN,local
DR-4532-0009-R,HMGP,2020,4532.0,WASHINGTON,404.1: Localized Flood Control System to Protect Critical Facility,Closed,Plainfield (Town of),2025-11-24T00:00:00.000Z,0.0,0.0,0.9,1.33,2300274.0,1,1,0.0,1.0,localized_flood_control,False,False,False,False,True,False,False,False,False,False,0.0,0.0,0.0,0.0,0.0,0.0,0.0,0.0,0.0,0.0,PLAINFIELD TOWN,local
DR-4022-0099-P,HMGP,2011,4022.0,RUTLAND,91.1: Local Multihazard Mitigation Plan,Closed,Proctor (Town of),2015-08-12T00:00:00.000Z,0.0,0.0,0.75,0.0,0.0,0,0,0.0,0.0,local_mitigation_planning,False,False,False,False,False,False,False,False,True,False,0.0,0.0,0.0,0.0,0.0,0.0,0.0,0.0,0.0,0.0,PROCTOR TOWN,local
LPDM-PJ-01-VT-2022-003,LPDM,2022,,RUTLAND,300.6: Vegetation Management - Erosion,Obligated,Town of West Rutland,2022-09-09T00:00:00.000Z,537142.75,483427.71,0.9,2.72,1391321.0,0,0,531890.8326596615,1.0,erosion_control,False,False,True,False,False,False,False,False,False,False,0.0,0.0,531890.8326596615,0.0,0.0,0.0,0.0,0.0,0.0,0.0,RUTLAND TOWN,local
DR-4720-0083-R,HMGP,2023,4720.0,WASHINGTON,200.1: Acquisition of Private Real Property (Structures and Land) - Riverine,Approved,Statewide,2025-04-21T00:00:00.000Z,279000.0,209250.0,0.75,0.0,0.0,1,1,221102.28477327994,1.0,acquisition,True,False,False,False,False,False,False,False,False,False,221102.28477327994,0.0,0.0,0.0,0.0,0.0,0.0,0.0,0.0,0.0,,statewide
DR-4720-0049-R,HMGP,2023,4720.0,WASHINGTON,200.1: Acquisition of Private Real Property (Structures and Land) - Riverine,Approved,Statewide,2024-12-17T00:00:00.000Z,4525845.59,3394384.19,0.75,2.74,15772784.0,11,11,3586648.027752923,1.0,acquisition,True,False,False,False,False,False,False,False,False,False,3586648.027752923,0.0,0.0,0.0,0.0,0.0,0.0,0.0,0.0,0.0,,statewide
DR-4022-0062-P,HMGP,2011,4022.0,RUTLAND,91.1: Local Multihazard Mitigation Plan,Closed,Statewide,2015-08-13T00:00:00.000Z,0.0,0.0,0.75,0.0,0.0,0,0,0.0,0.0,local_mitigation_planning,False,False,False,False,False,False,False,False,True,False,0.0,0.0,0.0,0.0,0.0,0.0,0.0,0.0,0.0,0.0,,statewide
DR-4532-0004-R,HMGP,2020,4532.0,RUTLAND,200.1: Acquisition of Private Real Property (Structures and Land) - Riverine,Approved,Brandon (Town of),2024-11-22T00:00:00.000Z,372513.42,335262.08,0.9,0.0,0.0,1,1,416995.2543939592,1.0,acquisition,True,False,False,False,False,False,False,False,False,False,416995.2543939592,0.0,0.0,0.0,0.0,0.0,0.0,0.0,0.0,0.0,BRANDON TOWN,local
DR-4720-0074-R,HMGP,2023,4720.0,WASHINGTON,200.1: Acquisition of Private Real Property (Structures and Land) - Riverine,Approved,Statewide,2025-06-17T00:00:00.000Z,3092810.0,,0.75,5.64,17443448.0,9,9,,1.0,acquisition,True,False,False,False,False,False,False,False,False,False,0.0,0.0,0.0,0.0,0.0,0.0,0.0,0.0,0.0,0.0,,statewide
PDMC-PL-01-VT-2018-004,PDM,2018,,WASHINGTON,904.2: Advance Assistance (FMA and PDMC),Not Approved / Denied,Town of Duxbury,,84000.0,,0.75,,,0,0,,0.0,technical_assistance,False,False,False,False,False,False,False,False,True,False,0.0,0.0,0.0,0.0,0.0,0.0,0.0,0.0,0.0,0.0,DUXBURY TOWN,local
DR-4022-0140-R,HMGP,2011,4022.0,RUTLAND,601.2: Generators - Regular,Closed,Chittenden (Town of),2016-02-01T00:00:00.000Z,129900.0,97425.0,0.75,1.0,132027.0,0,0,139457.23200020372,0.0,generators,False,False,False,True,False,False,False,False,False,False,0.0,0.0,0.0,139457.23200020372,0.0,0.0,0.0,0.0,0.0,0.0,CHITTENDEN TOWN,local
DR-1951-0002-R,HMGP,2011,1951.0,WASHINGTON,"301.1: Shoreline Stabilization (Riprap, etc.)",Closed,Waitsfield (Town of),2015-08-05T00:00:00.000Z,157035.0,117776.0,0.75,1.89,334758.0,0,0,168588.29824024628,1.0,shoreline_stabilization,False,False,True,False,False,False,False,False,False,False,0.0,0.0,168588.29824024628,0.0,0.0,0.0,0.0,0.0,0.0,0.0,WAITSFIELD TOWN,local
DR-4022-0047-R,HMGP,2011,4022.0,WASHINGTON,200.1: Acquisition of Private Real Property (Structures and Land) - Riverine,Closed,Warren (Town of),2015-05-20T00:00:00.000Z,167830.0,125872.0,0.75,0.0,0.0,1,1,180177.1691694087,1.0,acquisition,True,False,False,False,False,False,False,False,False,False,180177.1691694087,0.0,0.0,0.0,0.0,0.0,0.0,0.0,0.0,0.0,WARREN TOWN,local
DR-4022-0075-R,HMGP,2011,4022.0,WASHINGTON,200.1: Acquisition of Private Real Property (Structures and Land) - Riverine,Closed,Northfield (Town of),2023-05-02T00:00:00.000Z,140640.51,105480.38,0.75,0.0,0.0,1,1,150987.95817428431,1.0,acquisition,True,False,False,False,False,False,False,False,False,False,150987.95817428431,0.0,0.0,0.0,0.0,0.0,0.0,0.0,0.0,0.0,NORTHFIELD TOWN,local
DR-4720-0020-R,HMGP,2023,4720.0,WASHINGTON,200.1: Acquisition of Private Real Property (Structures and Land) - Riverine,Approved,Waterbury (Town of),2025-12-12T00:00:00.000Z,459250.0,344437.5,0.75,0.0,0.0,0,1,363947.04043773765,1.0,acquisition,True,False,False,False,False,False,False,False,False,False,363947.04043773765,0.0,0.0,0.0,0.0,0.0,0.0,0.0,0.0,0.0,WATERBURY TOWN,local
DR-4163-0007-R,HMGP,2014,4163.0,RUTLAND,601.2: Generators - Regular,Closed,Pawlet,2016-01-08T00:00:00.000Z,64930.0,48698.0,0.75,1.16,85176.0,0,0,66235.35073362099,0.0,generators,False,False,False,True,False,False,False,False,False,False,0.0,0.0,0.0,66235.35073362099,0.0,0.0,0.0,0.0,0.0,0.0,PAWLET TOWN,local
DR-4022-0009-R,HMGP,2011,4022.0,RUTLAND,403.1: Stormwater Management - Culverts,Closed,Pawlet (Town of),2023-05-30T00:00:00.000Z,14062.06,10546.55,0.75,1.3,46620.0,0,0,15096.665847079788,1.0,stormwater_culverts,False,False,False,False,False,False,True,False,False,False,0.0,0.0,0.0,0.0,0.0,0.0,15096.665847079788,0.0,0.0,0.0,PAWLET TOWN,local
DR-4720-0100,HMGP,2023,4720.0,WASHINGTON,303.2: Floodplain and Stream Restoration,Pending,Montpelier,,3228980.0,,0.75,2.27,7330270.0,0,0,,1.0,floodplain_restoration,False,False,True,False,False,False,False,False,False,False,0.0,0.0,0.0,0.0,0.0,0.0,0.0,0.0,0.0,0.0,MONTPELIER CITY,local
PDMC-PL-01-VT-2003-005,PDM,2003,,WASHINGTON,91.1: Local Multihazard Mitigation Plan,Closed,Vermont Agency of Natural Resources,2005-02-04T00:00:00.000Z,600000.0,450000.0,0.75,,,0,0,787406.8428853755,0.0,local_mitigation_planning,False,False,False,False,False,False,False,False,True,False,0.0,0.0,0.0,0.0,0.0,0.0,0.0,0.0,787406.8428853755,0.0,,statewide
FMA-PJ-01-VT-2005-002,FMA,2005,,WASHINGTON,"301.1: Shoreline Stabilization (Riprap, etc.)",Not Approved / Denied,Town of Waitsfield,,66000.0,,0.75,6.82,450000.0,1,1,,1.0,shoreline_stabilization,False,False,True,False,False,False,False,False,False,False,0.0,0.0,0.0,0.0,0.0,0.0,0.0,0.0,0.0,0.0,WAITSFIELD TOWN,local
DR-4022-0058-R,HMGP,2011,4022.0,RUTLAND,403.1: Stormwater Management - Culverts,Closed,Pawlet (Town of),2023-05-30T00:00:00.000Z,74863.0,56147.0,0.75,1.05,80671.0,0,0,80370.59486903195,1.0,stormwater_culverts,False,False,False,False,False,False,True,False,False,False,0.0,0.0,0.0,0.0,0.0,0.0,80370.59486903195,0.0,0.0,0.0,PAWLET TOWN,local
PDMC-PJ-01-VT-2016-002,PDM,2016,,RUTLAND,"200.5: Acquisition of Vacant Land; 
402.1: Infrastructure Protective Measures (Roads and Bridges)",Closed,"Town of Shrewsbury, VT",2018-03-16T00:00:00.000Z,714500.0,535875.0,0.75,8.3,5985315.0,1,1,718864.3507730176,1.0,"acquisition,roads_bridges_protection",True,False,False,False,False,True,False,False,False,False,359432.1753865088,0.0,0.0,0.0,0.0,359432.1753865088,0.0,0.0,0.0,0.0,SHREWSBURY TOWN,local
PDMC-PL-01-VT-2005-001,PDM,2005,,CHITTENDEN; LAMOILLE; ORANGE; RUTLAND; WASHINGTON,"91.1: Local Multihazard Mitigation Plan; 
92.1: State Multihazard Mitigation Plan",Closed,VT Department of Environmental Conservation,2005-07-21T00:00:00.000Z,450000.0,337497.62,0.75,,,0,0,556476.8421756821,0.0,"local_mitigation_planning,state_mitigation_planning",False,False,False,False,False,False,False,False,True,False,0.0,0.0,0.0,0.0,0.0,0.0,0.0,0.0,556476.8421756821,0.0,,statewide
DR-4720-0029-R,HMGP,2023,4720.0,WASHINGTON,200.1: Acquisition of Private Real Property (Structures and Land) - Riverine,Approved,Statewide,2024-08-24T00:00:00.000Z,2661444.0,1996083.0,0.75,0.0,0.0,0,9,2109144.6207746854,1.0,acquisition,True,False,False,False,False,False,False,False,False,False,2109144.6207746854,0.0,0.0,0.0,0.0,0.0,0.0,0.0,0.0,0.0,,statewide
DR-1790-0008,HMGP,2008,1790.0,RUTLAND,403.1: Stormwater Management - Culverts,Closed,Pawlet,,60331.0,,0.75,1.42,88161.0,0,0,,1.0,stormwater_culverts,False,False,False,False,False,False,True,False,False,False,0.0,0.0,0.0,0.0,0.0,0.0,0.0,0.0,0.0,0.0,PAWLET TOWN,local
FMA-PJ-01-VT-2017-001,FMA,2017,,WASHINGTON,904.1: Advanced Assistance,Closed,Town of Plainfield,2018-08-21T00:00:00.000Z,99993.5,74995.12,0.75,1.0,99993.5,1,1,98504.70587057745,0.0,technical_assistance,False,False,False,False,False,False,False,False,True,False,0.0,0.0,0.0,0.0,0.0,0.0,0.0,0.0,98504.70587057745,0.0,PLAINFIELD TOWN,local
DR-4720-0033-R,HMGP,2023,4720.0,WASHINGTON,200.1: Acquisition of Private Real Property (Structures and Land) - Riverine,Approved,Statewide,2024-08-27T00:00:00.000Z,638000.0,478500.0,0.75,0.0,0.0,0,2,505603.07414104877,1.0,acquisition,True,False,False,False,False,False,False,False,False,False,505603.07414104877,0.0,0.0,0.0,0.0,0.0,0.0,0.0,0.0,0.0,,statewide
DR-4330-0003-P,HMGP,2017,4330.0,WASHINGTON,91.3: Local Multihazard Mitigation Plan - UPDATE,Closed,Montpelier,2024-09-16T00:00:00.000Z,16348.96,12176.23,0.74,0.0,0.0,0,0,15993.253357851836,0.0,local_mitigation_planning,False,False,False,False,False,False,False,False,True,False,0.0,0.0,0.0,0.0,0.0,0.0,0.0,0.0,15993.253357851836,0.0,MONTPELIER CITY,local
DR-1336-0005-R,HMGP,2000,1336.0,WASHINGTON,"106.1: Other Non Construction (Regular Project Only); 
800.1: Miscellaneous",Closed,Guilford (Town of),2001-10-17T00:00:00.000Z,1040.0,0.0,0.75,1.0,1040.0,0,0,0.0,0.0,"other,other_nonconstruction",False,False,False,False,False,False,False,True,True,False,0.0,0.0,0.0,0.0,0.0,0.0,0.0,0.0,0.0,0.0,GUILFORD TOWN,local
DR-1336-0012-R,HMGP,2000,1336.0,RUTLAND,403.1: Stormwater Management - Culverts,Closed,Pawlet,2004-04-22T00:00:00.000Z,3639.0,2729.0,0.75,8.87,32275.0,0,0,5102.6514053666415,1.0,stormwater_culverts,False,False,False,False,False,False,True,False,False,False,0.0,0.0,0.0,0.0,0.0,0.0,5102.6514053666415,0.0,0.0,0.0,PAWLET TOWN,local
DR-4720-0041-R,HMGP,2023,4720.0,WASHINGTON,200.1: Acquisition of Private Real Property (Structures and Land) - Riverine,Approved,Statewide,2024-10-01T00:00:00.000Z,966500.0,724875.0,0.75,1.5,1450191.0,1,1,765933.1836321687,1.0,acquisition,True,False,False,False,False,False,False,False,False,False,765933.1836321687,0.0,0.0,0.0,0.0,0.0,0.0,0.0,0.0,0.0,,statewide
DR-4720-0038-R,HMGP,2023,4720.0,WASHINGTON,200.1: Acquisition of Private Real Property (Structures and Land) - Riverine,Approved,Statewide,2024-10-01T00:00:00.000Z,596200.0,447150.0,0.75,0.0,0.0,2,2,472477.35549042834,1.0,acquisition,True,False,False,False,False,False,False,False,False,False,472477.35549042834,0.0,0.0,0.0,0.0,0.0,0.0,0.0,0.0,0.0,,statewide
DR-1307-0012-R,HMGP,2000,1307.0,WASHINGTON,403.1: Stormwater Management - Culverts,Closed,Warren (Town of),2004-06-07T00:00:00.000Z,8806.0,6605.0,0.75,1.01,9828.0,0,0,12349.94962713326,1.0,stormwater_culverts,False,False,False,False,False,False,True,False,False,False,0.0,0.0,0.0,0.0,0.0,0.0,12349.94962713326,0.0,0.0,0.0,WARREN TOWN,local
DR-4720-0012-R,HMGP,2023,4720.0,RUTLAND,200.1: Acquisition of Private Real Property (Structures and Land) - Riverine,Approved,Wallingford (Town of),2024-10-02T00:00:00.000Z,188260.0,141195.0,0.75,0.0,0.0,1,1,149192.53093698094,1.0,acquisition,True,False,False,False,False,False,False,False,False,False,149192.53093698094,0.0,0.0,0.0,0.0,0.0,0.0,0.0,0.0,0.0,WALLINGFORD TOWN,local
DR-4022-0091-R,HMGP,2011,4022.0,WASHINGTON,"103.1: Feasibility, Engineering and Design Studies",Closed,Statewide,2021-04-12T00:00:00.000Z,0.0,0.0,0.75,1.01,3319484.0,0,0,0.0,0.0,feasibility_study,False,False,False,False,False,False,False,False,True,False,0.0,0.0,0.0,0.0,0.0,0.0,0.0,0.0,0.0,0.0,,statewide
DR-4720-0031-R,HMGP,2023,4720.0,WASHINGTON,200.1: Acquisition of Private Real Property (Structures and Land) - Riverine,Approved,Statewide,2024-10-02T00:00:00.000Z,1089235.0,816926.25,0.75,0.0,0.0,2,2,863198.3768997261,1.0,acquisition,True,False,False,False,False,False,False,False,False,False,863198.3768997261,0.0,0.0,0.0,0.0,0.0,0.0,0.0,0.0,0.0,,statewide
DR-1336-0007-R,HMGP,2000,1336.0,WASHINGTON,"301.1: Shoreline Stabilization (Riprap, etc.)",Closed,Waitsfield (Town of),2004-04-22T00:00:00.000Z,23969.0,17977.0,0.75,1.13,38845.0,0,0,33613.17856880766,1.0,shoreline_stabilization,False,False,True,False,False,False,False,False,False,False,0.0,0.0,33613.17856880766,0.0,0.0,0.0,0.0,0.0,0.0,0.0,WAITSFIELD TOWN,local
DR-1307-0010-R,HMGP,2000,1307.0,RUTLAND,403.1: Stormwater Management - Culverts,Closed,Castleton (Town of),2004-04-22T00:00:00.000Z,10143.0,7607.0,0.75,0.14,1432.0,0,0,14223.477186011007,1.0,stormwater_culverts,False,False,False,False,False,False,True,False,False,False,0.0,0.0,0.0,0.0,0.0,0.0,14223.477186011007,0.0,0.0,0.0,CASTLETON TOWN,local
PDMC-PJ-01-VT-2011-001,PDM,2011,,WASHINGTON,"300.6: Vegetation Management - Erosion; 
301.1: Shoreline Stabilization (Riprap, etc.)",Not Approved / Denied,Town of Waitsfield,,225038.76,,0.75,1.57,376303.0,10,10,,1.0,"erosion_control,shoreline_stabilization",False,False,True,False,False,False,False,False,False,False,0.0,0.0,0.0,0.0,0.0,0.0,0.0,0.0,0.0,0.0,WAITSFIELD TOWN,local
DR-1307-0007-R,HMGP,2000,1307.0,RUTLAND,403.1: Stormwater Management - Culverts,Closed,Castleton (Town of),2004-04-22T00:00:00.000Z,38152.0,28614.0,0.75,1.03,40000.0,0,0,53502.1133430418,1.0,stormwater_culverts,False,False,False,False,False,False,True,False,False,False,0.0,0.0,0.0,0.0,0.0,0.0,53502.1133430418,0.0,0.0,0.0,CASTLETON TOWN,local
FMA-PJ-01-VT-2023-004,FMA,2023,,WASHINGTON,200.1: Acquisition of Private Real Property (Structures and Land) - Riverine,Obligated,Vermont Emergency Management,2024-09-25T00:00:00.000Z,607310.55,455482.91,0.75,2.0,2.0,1,1,481282.2560391027,1.0,acquisition,True,False,False,False,False,False,False,False,False,False,481282.2560391027,0.0,0.0,0.0,0.0,0.0,0.0,0.0,0.0,0.0,,statewide
FMA-PJ-01-VT-2007-001,FMA,2007,,WASHINGTON,405.1: Other Minor Flood Control,Not Approved / Denied,City of Montpelier- Public Works Department,,325000.0,,0.75,2.68,869258.0,1,1,,1.0,minor_flood_control,False,False,False,False,True,False,False,False,False,False,0.0,0.0,0.0,0.0,0.0,0.0,0.0,0.0,0.0,0.0,MONTPELIER CITY,local
DR-1336-0016-R,HMGP,2000,1336.0,WASHINGTON,106.1: Other Non Construction (Regular Project Only),Closed,Moretown (Town of),2004-06-08T00:00:00.000Z,1040.0,780.0,0.75,1.0,1040.0,0,0,1458.4346266713007,0.0,other_nonconstruction,False,False,False,False,False,False,False,False,True,False,0.0,0.0,0.0,0.0,0.0,0.0,0.0,0.0,1458.4346266713007,0.0,MORETOWN TOWN,local
DR-1428-0010-R,HMGP,2002,1428.0,RUTLAND,204.3: Dry Floodproofing Public Structures - Riverine,Closed,Rutland (Town of),2004-08-23T00:00:00.000Z,0.0,0.0,0.75,2.0,4400.0,1,1,0.0,1.0,dry_floodproofing,False,False,False,False,False,False,False,False,False,True,0.0,0.0,0.0,0.0,0.0,0.0,0.0,0.0,0.0,0.0,RUTLAND TOWN,local
DR-4207-0002-R,HMGP,2015,4207.0,RUTLAND,200.1: Acquisition of Private Real Property (Structures and Land) - Riverine,Closed,Rutland,2019-07-11T00:00:00.000Z,102383.0,76786.87,0.75,0.0,0.0,1,1,104313.35320652886,1.0,acquisition,True,False,False,False,False,False,False,False,False,False,104313.35320652886,0.0,0.0,0.0,0.0,0.0,0.0,0.0,0.0,0.0,RUTLAND CITY,local
DR-1307-0006-R,HMGP,2000,1307.0,RUTLAND,"402.1: Infrastructure Protective Measures (Roads and Bridges); 
403.1: Stormwater Management - Culverts",Closed,Castleton (Town of),2006-09-20T00:00:00.000Z,4074.0,3056.0,0.75,1.02,4406.0,0,0,5714.07207577884,1.0,"roads_bridges_protection,stormwater_culverts",False,False,False,False,False,True,True,False,False,False,0.0,0.0,0.0,0.0,0.0,2857.03603788942,2857.03603788942,0.0,0.0,0.0,CASTLETON TOWN,local
DR-4207-0003-R,HMGP,2015,4207.0,WASHINGTON,200.1: Acquisition of Private Real Property (Structures and Land) - Riverine,Closed,Barre,2019-05-21T00:00:00.000Z,99904.0,74928.18,0.75,0.0,0.0,1,1,101788.36180537599,1.0,acquisition,True,False,False,False,False,False,False,False,False,False,101788.36180537599,0.0,0.0,0.0,0.0,0.0,0.0,0.0,0.0,0.0,BARRE CITY,local
PDMC-PJ-01-VT-2006-002,PDM,2006,,WASHINGTON,403.2: Stormwater Management - Diversions,Not Approved / Denied,Town of Plainfield,,30000.0,,0.75,2.4,86718.0,1,1,,1.0,stormwater_diversions,False,False,False,False,False,False,True,False,False,False,0.0,0.0,0.0,0.0,0.0,0.0,0.0,0.0,0.0,0.0,PLAINFIELD TOWN,local
DR-4232-0004-R,HMGP,2015,4232.0,WASHINGTON,200.1: Acquisition of Private Real Property (Structures and Land) - Riverine,Closed,Barre,2018-12-11T00:00:00.000Z,79195.0,59396.74,0.75,0.0,0.0,1,1,80689.22615202783,1.0,acquisition,True,False,False,False,False,False,False,False,False,False,80689.22615202783,0.0,0.0,0.0,0.0,0.0,0.0,0.0,0.0,0.0,BARRE CITY,local
DR-1698-0002-R,HMGP,2007,1698.0,WASHINGTON,403.2: Stormwater Management - Diversions,Closed,Montpelier,2008-05-13T00:00:00.000Z,582800.0,437100.0,0.75,1.89,1288593.0,0,0,678724.425799149,1.0,stormwater_diversions,False,False,False,False,False,False,True,False,False,False,0.0,0.0,0.0,0.0,0.0,0.0,678724.425799149,0.0,0.0,0.0,MONTPELIER CITY,local
DR-4043-0001-R,HMGP,2012,4043.0,RUTLAND,200.1: Acquisition of Private Real Property (Structures and Land) - Riverine,Closed,Rutland,2018-11-09T00:00:00.000Z,154700.0,116025.0,0.75,0.0,0.0,1,1,162708.60132247882,1.0,acquisition,True,False,False,False,False,False,False,False,False,False,162708.60132247882,0.0,0.0,0.0,0.0,0.0,0.0,0.0,0.0,0.0,RUTLAND CITY,local
DR-1428-0008-R,HMGP,2002,1428.0,WASHINGTON,"301.1: Shoreline Stabilization (Riprap, etc.)",Closed,Plainfield (Town of),2007-10-18T00:00:00.000Z,100000.0,75000.0,0.75,11.65,1165181.0,0,0,134250.2400768246,1.0,shoreline_stabilization,False,False,True,False,False,False,False,False,False,False,0.0,0.0,134250.2400768246,0.0,0.0,0.0,0.0,0.0,0.0,0.0,PLAINFIELD TOWN,local
DR-1428-0006-R,HMGP,2002,1428.0,WASHINGTON,"301.1: Shoreline Stabilization (Riprap, etc.)",Closed,Middlesex (Town of),2006-10-23T00:00:00.000Z,11128.0,8346.0,0.75,2.35,32920.0,0,0,14939.36671574904,1.0,shoreline_stabilization,False,False,True,False,False,False,False,False,False,False,0.0,0.0,14939.36671574904,0.0,0.0,0.0,0.0,0.0,0.0,0.0,MIDDLESEX TOWN,local
DR-4445-0003-R,HMGP,2019,4445.0,RUTLAND,200.3: Acquisition of Public Real Property (Structures and Land) - Riverine,Closed,Rutland,2024-03-25T00:00:00.000Z,195641.86,146731.4,0.75,0.0,0.0,1,1,184789.53371648627,1.0,acquisition,True,False,False,False,False,False,False,False,False,False,184789.53371648627,0.0,0.0,0.0,0.0,0.0,0.0,0.0,0.0,0.0,RUTLAND CITY,local
DR-1778-0001-R,HMGP,2008,1778.0,RUTLAND,403.1: Stormwater Management - Culverts,Closed,Pawlet (Town of),2009-08-24T00:00:00.000Z,60331.0,45248.0,0.75,1.42,88161.0,0,0,67678.72161662525,1.0,stormwater_culverts,False,False,False,False,False,False,True,False,False,False,0.0,0.0,0.0,0.0,0.0,0.0,67678.72161662525,0.0,0.0,0.0,PAWLET TOWN,local
DR-1778-0002-R,HMGP,2008,1778.0,RUTLAND,403.1: Stormwater Management - Culverts,Closed,Pawlet (Town of),2009-08-24T00:00:00.000Z,69815.0,0.0,0.75,1.21,86058.0,0,0,0.0,1.0,stormwater_culverts,False,False,False,False,False,False,True,False,False,False,0.0,0.0,0.0,0.0,0.0,0.0,0.0,0.0,0.0,0.0,PAWLET TOWN,local
DR-1715-0001-R,HMGP,2007,1715.0,WASHINGTON,200.1: Acquisition of Private Real Property (Structures and Land) - Riverine,Closed,Barre (Town of),2012-01-03T00:00:00.000Z,396916.0,297687.0,0.75,1.69,737444.0,3,3,462245.3400660518,1.0,acquisition,True,False,False,False,False,False,False,False,False,False,462245.3400660518,0.0,0.0,0.0,0.0,0.0,0.0,0.0,0.0,0.0,BARRE TOWN,local
DR-4720-0015-R,HMGP,2023,4720.0,WASHINGTON,200.6: Acquisition of Private Real Property (Structures and Land) - Landslide,Approved,Barre,2024-08-03T00:00:00.000Z,568000.0,426000.0,0.75,12.52,4481328.0,0,2,450129.382620871,1.0,acquisition,True,False,False,False,False,False,False,False,False,False,450129.382620871,0.0,0.0,0.0,0.0,0.0,0.0,0.0,0.0,0.0,BARRE CITY,local
DR-4120-0002-P,HMGP,2013,4120.0,RUTLAND,91.1: Local Multihazard Mitigation Plan,Closed,Proctor (Town of),2021-03-08T00:00:00.000Z,6227.49,4670.62,0.75,0.0,0.0,0,0,6455.24977527828,0.0,local_mitigation_planning,False,False,False,False,False,False,False,False,True,False,0.0,0.0,0.0,0.0,0.0,0.0,0.0,0.0,6455.24977527828,0.0,PROCTOR TOWN,local
DR-4022-0005-R,HMGP,2011,4022.0,RUTLAND,200.1: Acquisition of Private Real Property (Structures and Land) - Riverine,Closed,Danby (Town of),2012-10-03T00:00:00.000Z,76859.0,57644.0,0.75,0.0,0.0,1,1,82513.44810284571,1.0,acquisition,True,False,False,False,False,False,False,False,False,False,82513.44810284571,0.0,0.0,0.0,0.0,0.0,0.0,0.0,0.0,0.0,DANBY TOWN,local
DR-1715-0003-R,HMGP,2007,1715.0,WASHINGTON,403.1: Stormwater Management - Culverts,Closed,Moretown (Town of),2012-05-03T00:00:00.000Z,332314.0,248964.0,0.75,1.8,552149.0,0,0,386588.7621703485,1.0,stormwater_culverts,False,False,False,False,False,False,True,False,False,False,0.0,0.0,0.0,0.0,0.0,0.0,386588.7621703485,0.0,0.0,0.0,MORETOWN TOWN,local
DR-4720-0024-R,HMGP,2023,4720.0,LAMOILLE,200.1: Acquisition of Private Real Property (Structures and Land) - Riverine,Approved,Wolcott (Town of),2024-10-10T00:00:00.000Z,916622.0,687466.5,0.75,0.0,0.0,1,3,726405.8009801197,1.0,acquisition,True,False,False,False,False,False,False,False,False,False,726405.8009801197,0.0,0.0,0.0,0.0,0.0,0.0,0.0,0.0,0.0,WOLCOTT TOWN,local
DR-4720-0011-R,HMGP,2023,4720.0,LAMOILLE,200.1: Acquisition of Private Real Property (Structures and Land) - Riverine,Approved,Morristown (Town of),2024-10-02T00:00:00.000Z,457500.0,343125.0,0.75,0.0,0.0,1,1,362560.19814973325,1.0,acquisition,True,False,False,False,False,False,False,False,False,False,362560.19814973325,0.0,0.0,0.0,0.0,0.0,0.0,0.0,0.0,0.0,MORRISTOWN TOWN,local
DR-4720-0085,HMGP,2023,4720.0,LAMOILLE,200.1: Acquisition of Private Real Property (Structures and Land) - Riverine,Pending,Statewide,,264000.0,,0.75,0.0,0.0,1,1,,1.0,acquisition,True,False,False,False,False,False,False,False,False,False,0.0,0.0,0.0,0.0,0.0,0.0,0.0,0.0,0.0,0.0,,statewide
DR-4621-0004-R,HMGP,2021,4621.0,LAMOILLE,200.1: Acquisition of Private Real Property (Structures and Land) - Riverine,Approved,Hyde Park (Town of),2024-01-26T00:00:00.000Z,238630.0,214767.0,0.9,0.0,0.0,0,2,255179.25034981212,1.0,acquisition,True,False,False,False,False,False,False,False,False,False,255179.25034981212,0.0,0.0,0.0,0.0,0.0,0.0,0.0,0.0,0.0,HYDE PARK TOWN,local
DR-1228-0002-R,HMGP,1998,1228.0,LAMOILLE,200.1: Acquisition of Private Real Property (Structures and Land) - Riverine,Closed,Cambridge (Town of ),1998-09-24T00:00:00.000Z,217475.0,137230.0,0.63,0.0,0.0,2,2,271046.46665024565,1.0,acquisition,True,False,False,False,False,False,False,False,False,False,271046.46665024565,0.0,0.0,0.0,0.0,0.0,0.0,0.0,0.0,0.0,CAMBRIDGE TOWN,local
DR-9005-0005-R,PDM,2000,9005.0,LAMOILLE,90.4: Mitigation Plan - Local Multihazard Mitigation Plan,Closed,,2002-08-12T00:00:00.000Z,15010.0,12000.0,0.8,0.0,0.0,0,0,22437.45579494309,0.0,local_mitigation_planning,False,False,False,False,False,False,False,False,True,False,0.0,0.0,0.0,0.0,0.0,0.0,0.0,0.0,22437.45579494309,0.0,,unknown
DR-4022-0134-R,HMGP,2011,4022.0,LAMOILLE,403.1: Stormwater Management - Culverts,Closed,Belvidere (Town of),2023-07-19T00:00:00.000Z,16147.6,12110.45,0.75,1.7,131746.0,0,0,17335.281860681214,1.0,stormwater_culverts,False,False,False,False,False,False,True,False,False,False,0.0,0.0,0.0,0.0,0.0,0.0,17335.281860681214,0.0,0.0,0.0,BELVIDERE TOWN,local
DR-4022-0149-R,HMGP,2011,4022.0,LAMOILLE,402.1: Infrastructure Protective Measures (Roads and Bridges),Closed,Cambridge (Town of),2023-11-29T00:00:00.000Z,830363.57,622772.67,0.75,1.02,901830.0,0,0,891456.5329594695,1.0,roads_bridges_protection,False,False,False,False,False,True,False,False,False,False,0.0,0.0,0.0,0.0,0.0,891456.5329594695,0.0,0.0,0.0,0.0,CAMBRIDGE TOWN,local
DR-1063-0008-R,HMGP,1995,1063.0,LAMOILLE,300.6: Vegetation Management - Erosion,Closed,CAMBRIDGE (TOWN OF),1997-07-24T00:00:00.000Z,14312.0,10734.0,0.75,1.26,20044.0,0,0,22679.24619172144,1.0,erosion_control,False,False,True,False,False,False,False,False,False,False,0.0,0.0,22679.24619172144,0.0,0.0,0.0,0.0,0.0,0.0,0.0,CAMBRIDGE TOWN,local
DR-4762-0002,HMGP,2024,4762.0,LAMOILLE,200.1: Acquisition of Private Real Property (Structures and Land) - Riverine,Pending,Statewide,,264000.0,,0.75,0.0,0.0,1,1,,1.0,acquisition,True,False,False,False,False,False,False,False,False,False,0.0,0.0,0.0,0.0,0.0,0.0,0.0,0.0,0.0,0.0,,statewide
DR-1184-0001-R,HMGP,1997,1184.0,LAMOILLE,200.1: Acquisition of Private Real Property (Structures and Land) - Riverine,Closed,WOLCOTT (TOWN OF),1998-03-13T00:00:00.000Z,32100.0,24075.0,0.75,0.0,0.0,1,1,48286.765060667414,1.0,acquisition,True,False,False,False,False,False,False,False,False,False,48286.765060667414,0.0,0.0,0.0,0.0,0.0,0.0,0.0,0.0,0.0,WOLCOTT TOWN,local
DR-1184-0003-R,HMGP,1997,1184.0,LAMOILLE,200.1: Acquisition of Private Real Property (Structures and Land) - Riverine,Closed,WOLCOTT (TOWN OF),1998-03-13T00:00:00.000Z,206832.0,155124.0,0.75,0.0,0.0,2,2,311129.2271348275,1.0,acquisition,True,False,False,False,False,False,False,False,False,False,311129.2271348275,0.0,0.0,0.0,0.0,0.0,0.0,0.0,0.0,0.0,WOLCOTT TOWN,local
DR-1228-0006-R,HMGP,1998,1228.0,LAMOILLE,203.3: Wet Floodproofing Public Structures - Riverine,Withdrawn,Johnson (Town of),,0.0,0.0,0.0,1.58,11715.0,0,1,0.0,1.0,wet_floodproofing,False,False,False,False,False,False,False,False,False,True,0.0,0.0,0.0,0.0,0.0,0.0,0.0,0.0,0.0,0.0,JOHNSON TOWN,local
DR-1228-0015-R,HMGP,1998,1228.0,LAMOILLE,403.1: Stormwater Management - Culverts,Closed,STOWE (TOWN OF),2000-05-03T00:00:00.000Z,617200.0,252200.0,0.41,1.97,1380375.0,0,0,498126.6405974783,1.0,stormwater_culverts,False,False,False,False,False,False,True,False,False,False,0.0,0.0,0.0,0.0,0.0,0.0,498126.6405974783,0.0,0.0,0.0,STOWE TOWN,local
DR-0875-0003-R,HMGP,1990,875.0,LAMOILLE,402.1: Infrastructure Protective Measures (Roads and Bridges),Closed,STOWE (TOWN OF),1993-11-16T00:00:00.000Z,54719.0,27360.0,0.5,0.0,0.0,0,0,67419.1810655828,1.0,roads_bridges_protection,False,False,False,False,False,True,False,False,False,False,0.0,0.0,0.0,0.0,0.0,67419.1810655828,0.0,0.0,0.0,0.0,STOWE TOWN,local
DR-4720-0030-R,HMGP,2023,4720.0,LAMOILLE,200.1: Acquisition of Private Real Property (Structures and Land) - Riverine,Approved,Cambridge (Town of),2024-08-28T00:00:00.000Z,444115.0,,0.75,0.0,0.0,0,1,,1.0,acquisition,True,False,False,False,False,False,False,False,False,False,0.0,0.0,0.0,0.0,0.0,0.0,0.0,0.0,0.0,0.0,CAMBRIDGE TOWN,local
DR-1184-0015-R,HMGP,1997,1184.0,LAMOILLE,200.1: Acquisition of Private Real Property (Structures and Land) - Riverine,Closed,Cambridge (Town of ),1999-07-16T00:00:00.000Z,60000.0,45000.0,0.75,0.0,0.0,1,1,90255.63562741573,1.0,acquisition,True,False,False,False,False,False,False,False,False,False,90255.63562741573,0.0,0.0,0.0,0.0,0.0,0.0,0.0,0.0,0.0,CAMBRIDGE TOWN,local
DR-1201-0011-R,HMGP,1998,1201.0,LAMOILLE,302.1: Landslide Stabilization - Structural,Closed,CAMBRIDGE (TOWN OF),1999-06-07T00:00:00.000Z,38517.0,28888.0,0.75,1.86,93068.0,0,0,57057.42424099902,1.0,slope_stabilization,False,False,True,False,False,False,False,False,False,False,0.0,0.0,57057.42424099902,0.0,0.0,0.0,0.0,0.0,0.0,0.0,CAMBRIDGE TOWN,local
DR-1995-0002-P,HMGP,2011,1995.0,LAMOILLE,91.1: Local Multihazard Mitigation Plan,Closed,Jeffersonville,2016-12-13T00:00:00.000Z,37944.0,28458.0,0.75,0.0,0.0,0,0,40735.68291775004,0.0,local_mitigation_planning,False,False,False,False,False,False,False,False,True,False,0.0,0.0,0.0,0.0,0.0,0.0,0.0,0.0,40735.68291775004,0.0,CAMBRIDGE TOWN,local
DR-4022-0055-F,HMGP,2011,4022.0,LAMOILLE,"100.1: Public Awareness and Education (Brochures, Workshops, Videos, etc.)",Closed,Statewide,2015-08-13T00:00:00.000Z,0.0,0.0,0.75,0.0,0.0,0,0,0.0,0.0,public_awareness,False,False,False,False,False,False,False,False,True,False,0.0,0.0,0.0,0.0,0.0,0.0,0.0,0.0,0.0,0.0,,statewide
DR-4720-0057-R,HMGP,2023,4720.0,LAMOILLE,200.1: Acquisition of Private Real Property (Structures and Land) - Riverine,Approved,Statewide,2025-02-14T00:00:00.000Z,5627892.0,4220919.0,0.75,2.11,11991166.0,16,16,4459999.21024109,1.0,acquisition,True,False,False,False,False,False,False,False,False,False,4459999.21024109,0.0,0.0,0.0,0.0,0.0,0.0,0.0,0.0,0.0,,statewide
DR-4445-0002-P,HMGP,2019,4445.0,LAMOILLE,91.5: Local Multijurisdictional Multihazard Mitigation Plan - UPDATE,Closed,Lamoille (County),2025-02-18T00:00:00.000Z,19894.92,14921.17,0.75,0.0,0.0,0,0,18791.315606641958,0.0,local_multijurisdictional_mitigation_planning,False,False,False,False,False,False,False,False,True,False,0.0,0.0,0.0,0.0,0.0,0.0,0.0,0.0,18791.315606641958,0.0,,regional
DR-4720-0059-R,HMGP,2023,4720.0,LAMOILLE,200.1: Acquisition of Private Real Property (Structures and Land) - Riverine,Approved,Statewide,2024-12-19T00:00:00.000Z,499592.0,374694.0,0.75,1.0,1.0,1,1,395917.32134212356,1.0,acquisition,True,False,False,False,False,False,False,False,False,False,395917.32134212356,0.0,0.0,0.0,0.0,0.0,0.0,0.0,0.0,0.0,,statewide
DR-4720-0061-R,HMGP,2023,4720.0,LAMOILLE,200.1: Acquisition of Private Real Property (Structures and Land) - Riverine,Approved,Statewide,2025-02-14T00:00:00.000Z,400840.0,300630.0,0.75,1.0,1.0,1,1,317658.2072706865,1.0,acquisition,True,False,False,False,False,False,False,False,False,False,317658.2072706865,0.0,0.0,0.0,0.0,0.0,0.0,0.0,0.0,0.0,,statewide
PDMC-PL-01-VT-2018-007,PDM,2018,,LAMOILLE,904.2: Advance Assistance (FMA and PDMC),Not Approved / Denied,Village of Jeffersonville,,115248.0,,0.75,,,0,0,,0.0,technical_assistance,False,False,False,False,False,False,False,False,True,False,0.0,0.0,0.0,0.0,0.0,0.0,0.0,0.0,0.0,0.0,CAMBRIDGE TOWN,local
DR-1184-0008-R,HMGP,1997,1184.0,LAMOILLE,200.1: Acquisition of Private Real Property (Structures and Land) - Riverine,Closed,WOLCOTT (TOWN OF),1998-08-21T00:00:00.000Z,46672.0,35004.0,0.75,0.0,0.0,1,1,70206.85043337912,1.0,acquisition,True,False,False,False,False,False,False,False,False,False,70206.85043337912,0.0,0.0,0.0,0.0,0.0,0.0,0.0,0.0,0.0,WOLCOTT TOWN,local
PDMC-PL-01-VT-2016-005,PDM,2016,,LAMOILLE,91.3: Local Multihazard Mitigation Plan - UPDATE,Closed,Town of Eden,2017-03-07T00:00:00.000Z,12987.44,9740.58,0.75,,,0,0,13066.770642132287,0.0,local_mitigation_planning,False,False,False,False,False,False,False,False,True,False,0.0,0.0,0.0,0.0,0.0,0.0,0.0,0.0,13066.770642132287,0.0,EDEN TOWN,local
DR-4720-0002-R,HMGP,2023,4720.0,LAMOILLE,904.1: Advanced Assistance,Approved,Cambridge (Town of),2025-12-11T00:00:00.000Z,26525.0,19893.75,0.75,0.0,0.0,0,0,21020.566679610216,0.0,technical_assistance,False,False,False,False,False,False,False,False,True,False,0.0,0.0,0.0,0.0,0.0,0.0,0.0,0.0,21020.566679610216,0.0,CAMBRIDGE TOWN,local
DR-1101-0003-R,HMGP,1996,1101.0,LAMOILLE,405.1: Other Minor Flood Control,Closed,WOLCOTT (TOWN OF),1998-03-17T00:00:00.000Z,57683.0,43262.0,0.75,1.85,126585.0,0,0,88798.0626537167,1.0,minor_flood_control,False,False,False,False,True,False,False,False,False,False,0.0,0.0,0.0,0.0,88798.0626537167,0.0,0.0,0.0,0.0,0.0,WOLCOTT TOWN,local
DR-4330-0002-P,HMGP,2017,4330.0,LAMOILLE,91.5: Local Multijurisdictional Multihazard Mitigation Plan - UPDATE,Closed,Hyde Park (Town of),2024-12-17T00:00:00.000Z,10194.38,7645.78,0.75,0.0,0.0,0,0,10042.590905263485,0.0,local_multijurisdictional_mitigation_planning,False,False,False,False,False,False,False,False,True,False,0.0,0.0,0.0,0.0,0.0,0.0,0.0,0.0,10042.590905263485,0.0,HYDE PARK TOWN,local
DR-4022-0054-F,HMGP,2011,4022.0,LAMOILLE,"100.1: Public Awareness and Education (Brochures, Workshops, Videos, etc.)",Closed,Statewide,2015-08-13T00:00:00.000Z,0.0,0.0,0.75,0.0,0.0,0,0,0.0,0.0,public_awareness,False,False,False,False,False,False,False,False,True,False,0.0,0.0,0.0,0.0,0.0,0.0,0.0,0.0,0.0,0.0,,statewide
DR-4532-0001-R,HMGP,2020,4532.0,LAMOILLE,402.1: Infrastructure Protective Measures (Roads and Bridges),Approved,VERMONT AGENCY OF TRANSPORTATION,2023-06-20T00:00:00.000Z,539700.0,485730.0,0.9,7.15,3958509.0,0,0,604145.5834097844,1.0,roads_bridges_protection,False,False,False,False,False,True,False,False,False,False,0.0,0.0,0.0,0.0,0.0,604145.5834097844,0.0,0.0,0.0,0.0,,statewide
DR-4120-0005-R,HMGP,2013,4120.0,LAMOILLE,202.1: Elevation of Private Structures - Riverine,Closed,Cambridge (Town of),2023-04-05T00:00:00.000Z,197875.8,148406.85,0.75,0.0,0.0,1,1,205112.6585147705,1.0,elevation,False,False,False,False,False,False,False,False,False,True,0.0,0.0,0.0,0.0,0.0,0.0,0.0,0.0,0.0,205112.6585147705,CAMBRIDGE TOWN,local
FMA-PJ-01-VT-2023-002,FMA,2023,,LAMOILLE,200.1: Acquisition of Private Real Property (Structures and Land) - Riverine,Obligated,Vermont Emergency Management,2024-09-25T00:00:00.000Z,997560.9,872865.79,0.88,2.0,2.0,2,2,922306.4299614527,1.0,acquisition,True,False,False,False,False,False,False,False,False,False,922306.4299614527,0.0,0.0,0.0,0.0,0.0,0.0,0.0,0.0,0.0,,statewide
FMA-PJ-01-VT-2005-001,FMA,2005,,LAMOILLE,200.1: Acquisition of Private Real Property (Structures and Land) - Riverine,Closed,Town of Belvidere,2006-04-26T00:00:00.000Z,34999.65,26249.65,0.75,4.54,159012.0,1,1,43281.2602951597,1.0,acquisition,True,False,False,False,False,False,False,False,False,False,43281.2602951597,0.0,0.0,0.0,0.0,0.0,0.0,0.0,0.0,0.0,BELVIDERE TOWN,local
FMA-PJ-01-VT-2004-001,FMA,2004,,LAMOILLE,200.1: Acquisition of Private Real Property (Structures and Land) - Riverine,Not Approved / Denied,Town of Belvidere,,34999.65,,0.75,4.54,159012.0,1,1,,1.0,acquisition,True,False,False,False,False,False,False,False,False,False,0.0,0.0,0.0,0.0,0.0,0.0,0.0,0.0,0.0,0.0,BELVIDERE TOWN,local
FMA-PJ-01-VT-2023-009,FMA,2023,,LAMOILLE,200.1: Acquisition of Private Real Property (Structures and Land) - Riverine,Pending,Vermont Emergency Management,,2044450.0,,1.0,1.15,2359449.0,1,1,,1.0,acquisition,True,False,False,False,False,False,False,False,False,False,0.0,0.0,0.0,0.0,0.0,0.0,0.0,0.0,0.0,0.0,,statewide
DR-1428-0003-R,HMGP,2002,1428.0,LAMOILLE,403.1: Stormwater Management - Culverts,Closed,Belvidere (Town of),2005-02-07T00:00:00.000Z,3780.0,2835.0,0.75,1.45,5465.0,0,0,5074.65907490397,1.0,stormwater_culverts,False,False,False,False,False,False,True,False,False,False,0.0,0.0,0.0,0.0,0.0,0.0,5074.65907490397,0.0,0.0,0.0,BELVIDERE TOWN,local
DR-1428-0013-R,HMGP,2002,1428.0,LAMOILLE,403.1: Stormwater Management - Culverts,Closed,Belvidere (Town of),2005-02-07T00:00:00.000Z,7130.0,5269.0,0.75,3.26,23252.0,0,0,9431.526866197184,1.0,stormwater_culverts,False,False,False,False,False,False,True,False,False,False,0.0,0.0,0.0,0.0,0.0,0.0,9431.526866197184,0.0,0.0,0.0,BELVIDERE TOWN,local
LPDM-PJ-01-VT-2023-003,LPDM,2023,,LAMOILLE,500.3: Flood Control - Dam,Obligated,Town of Stowe Electric Department,2023-09-12T00:00:00.000Z,2593730.0,1200000.0,0.46,1.36,3520519.0,1,1,1267970.0918897775,1.0,dam,False,False,False,False,True,False,False,False,False,False,0.0,0.0,0.0,0.0,1267970.0918897775,0.0,0.0,0.0,0.0,0.0,STOWE TOWN,local
DR-1358-0004-R,HMGP,2001,1358.0,LAMOILLE,403.1: Stormwater Management - Culverts,Closed,Hyde Park (Town of),2004-11-16T00:00:00.000Z,22667.0,17000.0,0.75,1.05,27409.0,0,0,30915.617535676847,1.0,stormwater_culverts,False,False,False,False,False,False,True,False,False,False,0.0,0.0,0.0,0.0,0.0,0.0,30915.617535676847,0.0,0.0,0.0,HYDE PARK TOWN,local
DR-1428-0009-R,HMGP,2002,1428.0,LAMOILLE,403.2: Stormwater Management - Diversions,Closed,Hyde Park (Town of),2005-02-07T00:00:00.000Z,975.0,731.0,0.75,3.25,6958.0,0,0,1308.4923399487836,1.0,stormwater_diversions,False,False,False,False,False,False,True,False,False,False,0.0,0.0,0.0,0.0,0.0,0.0,1308.4923399487836,0.0,0.0,0.0,HYDE PARK TOWN,local
DR-4022-0154-R,HMGP,2011,4022.0,LAMOILLE,403.1: Stormwater Management - Culverts,Closed,Jeffersonville,2024-02-09T00:00:00.000Z,582909.64,391267.66,0.67,1.01,708422.0,0,0,560072.9261975553,1.0,stormwater_culverts,False,False,False,False,False,False,True,False,False,False,0.0,0.0,0.0,0.0,0.0,0.0,560072.9261975553,0.0,0.0,0.0,CAMBRIDGE TOWN,local
DR-4001-0004-M,HMGP,2011,4001.0,STATEWIDE,"700.1: Management Costs - Salaries; 
700.2: Management Costs - Equipment; 
700.4: Management Costs - Supplies",Closed,Statewide,2017-02-23T00:00:00.000Z,19715.0,19715.0,1.0,0.0,0.0,0,0,28220.675687801042,0.0,"equipment,salaries,supplies",False,True,False,False,False,False,False,False,False,False,0.0,28220.675687801042,0.0,0.0,0.0,0.0,0.0,0.0,0.0,0.0,,statewide
DR-4720-0058-R,HMGP,2023,4720.0,CHITTENDEN,200.1: Acquisition of Private Real Property (Structures and Land) - Riverine,Approved,Statewide,2025-01-02T00:00:00.000Z,1165515.0,874136.25,0.75,0.0,0.0,2,2,923648.8510305713,1.0,acquisition,True,False,False,False,False,False,False,False,False,False,923648.8510305713,0.0,0.0,0.0,0.0,0.0,0.0,0.0,0.0,0.0,,statewide
DR-1428-0012-R,HMGP,2002,1428.0,LAMOILLE,403.1: Stormwater Management - Culverts,Closed,Eden,2006-11-30T00:00:00.000Z,6875.0,5156.0,0.75,1.54,10590.0,0,0,9229.256504481435,1.0,stormwater_culverts,False,False,False,False,False,False,True,False,False,False,0.0,0.0,0.0,0.0,0.0,0.0,9229.256504481435,0.0,0.0,0.0,EDEN TOWN,local
DR-4356-0002-R,HMGP,2018,4356.0,STATEWIDE,904.1: Advanced Assistance,Closed,Statewide,2022-12-29T00:00:00.000Z,30550.0,18750.0,0.61,1.0,25000.0,0,0,24041.409064751402,0.0,technical_assistance,False,False,False,False,False,False,False,False,True,False,0.0,0.0,0.0,0.0,0.0,0.0,0.0,0.0,24041.409064751402,0.0,,statewide
DR-1790-0007-R,HMGP,2008,1790.0,CHITTENDEN,403.1: Stormwater Management - Culverts,Closed,Underhill (Town of),2015-05-19T00:00:00.000Z,0.0,0.0,0.75,4.27,387078.0,0,0,0.0,1.0,stormwater_culverts,False,False,False,False,False,False,True,False,False,False,0.0,0.0,0.0,0.0,0.0,0.0,0.0,0.0,0.0,0.0,UNDERHILL TOWN,local
DR-4022-0078-R,HMGP,2011,4022.0,CHITTENDEN,403.1: Stormwater Management - Culverts,Closed,Williston (Town of),2017-03-02T00:00:00.000Z,148370.0,111278.0,0.75,1.29,265168.0,0,0,159286.85514517495,1.0,stormwater_culverts,False,False,False,False,False,False,True,False,False,False,0.0,0.0,0.0,0.0,0.0,0.0,159286.85514517495,0.0,0.0,0.0,WILLISTON TOWN,local
FMA-MC-01-VT-2023-010,FMA,2023,,,700.1: Management Costs - Salaries,Obligated,Vermont Emergency Management,2024-11-25T00:00:00.000Z,972273.51,782680.17,0.8,,,0,0,827012.5392293389,0.0,salaries,False,True,False,False,False,False,False,False,False,False,0.0,827012.5392293389,0.0,0.0,0.0,0.0,0.0,0.0,0.0,0.0,,statewide
DR-4163-0001-R,HMGP,2014,4163.0,STATEWIDE,904.1: Advanced Assistance,Closed,Statewide,2016-03-10T00:00:00.000Z,0.0,0.0,0.75,1.0,104991.0,0,0,0.0,0.0,technical_assistance,False,False,False,False,False,False,False,False,True,False,0.0,0.0,0.0,0.0,0.0,0.0,0.0,0.0,0.0,0.0,,statewide
DR-4022-0063-R,HMGP,2011,4022.0,CHITTENDEN,"403.1: Stormwater Management - Culverts; 
403.2: Stormwater Management - Diversions",Closed,Westford (Town of),2016-05-11T00:00:00.000Z,0.0,0.0,0.75,3.0,280171.0,0,0,0.0,1.0,"stormwater_culverts,stormwater_diversions",False,False,False,False,False,False,True,False,False,False,0.0,0.0,0.0,0.0,0.0,0.0,0.0,0.0,0.0,0.0,WESTFORD TOWN,local
DR-4720-0053-R,HMGP,2023,4720.0,CHITTENDEN,200.1: Acquisition of Private Real Property (Structures and Land) - Riverine,Approved,Statewide,2025-02-14T00:00:00.000Z,532000.0,,0.75,0.0,0.0,1,1,,1.0,acquisition,True,False,False,False,False,False,False,False,False,False,0.0,0.0,0.0,0.0,0.0,0.0,0.0,0.0,0.0,0.0,,statewide
DR-4720-0082,HMGP,2023,4720.0,CHITTENDEN,200.1: Acquisition of Private Real Property (Structures and Land) - Riverine,Pending,Statewide,,3832100.0,,0.75,0.0,0.0,10,10,,1.0,acquisition,True,False,False,False,False,False,False,False,False,False,0.0,0.0,0.0,0.0,0.0,0.0,0.0,0.0,0.0,0.0,,statewide
DR-4022-0022-R,HMGP,2011,4022.0,CHITTENDEN,200.1: Acquisition of Private Real Property (Structures and Land) - Riverine,Closed,Burlington,2017-05-23T00:00:00.000Z,201870.0,151403.0,0.75,0.0,0.0,1,1,216723.0515424875,1.0,acquisition,True,False,False,False,False,False,False,False,False,False,216723.0515424875,0.0,0.0,0.0,0.0,0.0,0.0,0.0,0.0,0.0,BURLINGTON CITY,local
DR-4066-0001-M,HMGP,2012,4066.0,STATEWIDE,"700.1: Management Costs - Salaries; 
700.2: Management Costs - Equipment; 
700.4: Management Costs - Supplies",Closed,Statewide,2018-11-05T00:00:00.000Z,864.0,863.76,1.0,0.0,0.0,0,0,1211.300853077391,0.0,"equipment,salaries,supplies",False,True,False,False,False,False,False,False,False,False,0.0,1211.300853077391,0.0,0.0,0.0,0.0,0.0,0.0,0.0,0.0,,statewide
DR-4720-0025-R,HMGP,2023,4720.0,LAMOILLE,200.1: Acquisition of Private Real Property (Structures and Land) - Riverine,Approved,Cambridge (Town of),2024-10-01T00:00:00.000Z,444115.0,333086.25,0.75,0.0,0.0,0,1,351952.83584976784,1.0,acquisition,True,False,False,False,False,False,False,False,False,False,351952.83584976784,0.0,0.0,0.0,0.0,0.0,0.0,0.0,0.0,0.0,CAMBRIDGE TOWN,local
FMA-PL-01-VT-2007-001,FMA,2007,,,95.1: FMA or CRS Plan,Obligated,Vermont Emergency Management,2007-05-31T00:00:00.000Z,0.0,10500.0,0.75,,,0,0,16304.29300135224,0.0,mitigation_planning,False,False,False,False,False,False,False,False,True,False,0.0,0.0,0.0,0.0,0.0,0.0,0.0,0.0,16304.29300135224,0.0,,statewide
DR-4232-0001-M,HMGP,2015,4232.0,STATEWIDE,700.1: Management Costs - Salaries,Closed,Statewide,2018-11-05T00:00:00.000Z,7540.0,7539.64,1.0,0.0,0.0,0,0,10242.442886004774,0.0,salaries,False,True,False,False,False,False,False,False,False,False,0.0,10242.442886004774,0.0,0.0,0.0,0.0,0.0,0.0,0.0,0.0,,statewide
PDMC-MC-01-VT-2016-004,PDM,2016,,,700.1: Management Costs - Salaries,Closed,Vermont Division of Emergency Management & Homeland Security,2019-05-15T00:00:00.000Z,61550.0,46162.49,0.75,,,0,0,61925.94990233901,0.0,salaries,False,True,False,False,False,False,False,False,False,False,0.0,61925.94990233901,0.0,0.0,0.0,0.0,0.0,0.0,0.0,0.0,,statewide
DR-4532-0003-R,HMGP,2020,4532.0,CHITTENDEN,200.6: Acquisition of Private Real Property (Structures and Land) - Landslide,Approved,Burlington,2026-02-13T00:00:00.000Z,629045.0,530775.0,0.9,4.43,2059809.0,1,1,660172.0545042066,1.0,acquisition,True,False,False,False,False,False,False,False,False,False,660172.0545042066,0.0,0.0,0.0,0.0,0.0,0.0,0.0,0.0,0.0,BURLINGTON CITY,local
DR-1228-M001-M,HMGP,1998,1228.0,STATEWIDE,700.1: Management Costs - Salaries,Closed,DEPT. OF PUBLIC SAFE,2000-05-22T00:00:00.000Z,66932.0,50199.0,0.75,0.0,0.0,0,0,99149.32288403178,0.0,salaries,False,True,False,False,False,False,False,False,False,False,0.0,99149.32288403178,0.0,0.0,0.0,0.0,0.0,0.0,0.0,0.0,,statewide
PDMC-TA-01-VT-2007-004,PDM,2007,,,"700.1: Management Costs - Salaries; 
700.2: Management Costs - Equipment; 
700.4: Management Costs - Supplies",Closed,Vermont Emergency Management,2008-07-14T00:00:00.000Z,75839.96,59009.95,0.75,,,0,0,91630.0490281091,0.0,"equipment,salaries,supplies",False,True,False,False,False,False,False,False,False,False,0.0,91630.0490281091,0.0,0.0,0.0,0.0,0.0,0.0,0.0,0.0,,statewide
DR-1101-0023-F,HMGP,1996,1101.0,STATEWIDE,"100.1: Public Awareness and Education (Brochures, Workshops, Videos, etc.)",Closed,VT AGENCY OF COMMUNIITY AFFAIRS & DEVELOPMENT,1999-12-27T00:00:00.000Z,750.0,562.0,0.75,0.0,0.0,0,0,1153.541473149387,0.0,public_awareness,False,False,False,False,False,False,False,False,True,False,0.0,0.0,0.0,0.0,0.0,0.0,0.0,0.0,1153.541473149387,0.0,,statewide
DR-1228-0023-F,HMGP,1998,1228.0,STATEWIDE,90.6: Mitigation Plan - State Multihazard Mitigation Plan,Closed,DEPT. OF PUBLIC SAFE,2001-06-26T00:00:00.000Z,23301.0,17476.0,0.75,0.0,0.0,0,0,34517.292510236046,0.0,state_mitigation_planning,False,False,False,False,False,False,False,False,True,False,0.0,0.0,0.0,0.0,0.0,0.0,0.0,0.0,34517.292510236046,0.0,,statewide
DR-4720-0097,HMGP,2023,4720.0,STATEWIDE,"700.1: Management Costs - Salaries; 
700.2: Management Costs - Equipment; 
700.3: Management Costs - Office Space Rental; 
700.4: Management Costs - Supplies",Pending,Statewide,,3746270.29,,1.0,0.0,0.0,0,0,,0.0,"equipment,office_space_rental,salaries,supplies",False,True,False,False,False,False,False,False,False,False,0.0,0.0,0.0,0.0,0.0,0.0,0.0,0.0,0.0,0.0,,statewide
DR-4720-0072-R,HMGP,2023,4720.0,CHITTENDEN,200.1: Acquisition of Private Real Property (Structures and Land) - Riverine,Approved,Statewide,2025-04-28T00:00:00.000Z,1981194.0,,0.75,0.0,0.0,5,5,,1.0,acquisition,True,False,False,False,False,False,False,False,False,False,0.0,0.0,0.0,0.0,0.0,0.0,0.0,0.0,0.0,0.0,,statewide
DR-1228-0021-F,HMGP,1998,1228.0,STATEWIDE,90.4: Mitigation Plan - Local Multihazard Mitigation Plan,Closed,DEPT. OF PUBLIC SAFE,2001-03-08T00:00:00.000Z,10905.0,8179.0,0.75,0.0,0.0,0,0,16154.551123896808,0.0,local_mitigation_planning,False,False,False,False,False,False,False,False,True,False,0.0,0.0,0.0,0.0,0.0,0.0,0.0,0.0,16154.551123896808,0.0,,statewide
DR-9005-0003-R,PDM,2000,9005.0,,90.4: Mitigation Plan - Local Multihazard Mitigation Plan,Closed,,2002-08-12T00:00:00.000Z,20200.0,13300.0,0.66,0.0,0.0,0,0,24868.180172728593,0.0,local_mitigation_planning,False,False,False,False,False,False,False,False,True,False,0.0,0.0,0.0,0.0,0.0,0.0,0.0,0.0,24868.180172728593,0.0,,unknown
DR-9005-0014-R,PDM,2000,9005.0,,90.4: Mitigation Plan - Local Multihazard Mitigation Plan,Closed,,2002-08-12T00:00:00.000Z,20450.0,20450.0,1.0,0.0,0.0,0,0,38237.16425054885,0.0,local_mitigation_planning,False,False,False,False,False,False,False,False,True,False,0.0,0.0,0.0,0.0,0.0,0.0,0.0,0.0,38237.16425054885,0.0,,unknown
DR-4720-0103,HMGP,2023,4720.0,ADDISON; BENNINGTON; CALEDONIA; CHITTENDEN; ESSEX; FRANKLIN; GRAND ISLE; LAMOILLE; ORANGE; ORLEANS; RUTLAND; STATEWIDE; WASHINGTON; WINDHAM; WINDSOR,95.2: Planning Related Activities,Pending,Statewide,,2400000.0,,0.75,0.0,0.0,0,0,,0.0,planning_related,False,False,False,False,False,False,False,False,True,False,0.0,0.0,0.0,0.0,0.0,0.0,0.0,0.0,0.0,0.0,,statewide
DR-9005-0001-R,PDM,2000,9005.0,STATEWIDE,90.6: Mitigation Plan - State Multihazard Mitigation Plan,Closed,VERMONT DEPARTMENT OF PUBLIC SAFETY,2002-08-12T00:00:00.000Z,62350.0,47850.0,0.77,0.0,0.0,0,0,89469.35498233557,0.0,state_mitigation_planning,False,False,False,False,False,False,False,False,True,False,0.0,0.0,0.0,0.0,0.0,0.0,0.0,0.0,89469.35498233557,0.0,,statewide
DR-9005-0006-R,PDM,2000,9005.0,"ORLEANS, ESSEX & CALEDONIA CTY",90.4: Mitigation Plan - Local Multihazard Mitigation Plan,Closed,,2002-08-12T00:00:00.000Z,18500.0,11000.0,0.59,0.0,0.0,0,0,20567.667812031166,0.0,local_mitigation_planning,False,False,False,False,False,False,False,False,True,False,0.0,0.0,0.0,0.0,0.0,0.0,0.0,0.0,20567.667812031166,0.0,,unknown
DR-9079-0001-R,PDM,2003,9079.0,SEE ABOVE DESCRIPTION,90.4: Mitigation Plan - Local Multihazard Mitigation Plan,Closed,DEPT. OF PUBLIC SAFE,2003-06-26T00:00:00.000Z,325326.44,248375.0,0.76,,,0,0,434604.8324481225,0.0,local_mitigation_planning,False,False,False,False,False,False,False,False,True,False,0.0,0.0,0.0,0.0,0.0,0.0,0.0,0.0,434604.8324481225,0.0,,statewide
DR-9005-0013-R,PDM,2000,9005.0,,90.4: Mitigation Plan - Local Multihazard Mitigation Plan,Closed,,2002-08-12T00:00:00.000Z,3402.0,3402.0,1.0,0.0,0.0,0,0,6361.018717866366,0.0,local_mitigation_planning,False,False,False,False,False,False,False,False,True,False,0.0,0.0,0.0,0.0,0.0,0.0,0.0,0.0,6361.018717866366,0.0,,unknown
DR-4022-0106-P,HMGP,2011,4022.0,STATEWIDE,91.1: Local Multihazard Mitigation Plan,Closed,Statewide,2024-09-13T00:00:00.000Z,642806.26,484270.19,0.75,0.0,0.0,0,0,693199.6945097535,0.0,local_mitigation_planning,False,False,False,False,False,False,False,False,True,False,0.0,0.0,0.0,0.0,0.0,0.0,0.0,0.0,693199.6945097535,0.0,,statewide
FMA-MC-01-VT-2017-002,FMA,2017,,,700.1: Management Costs - Salaries,Closed,Vermont Emergency Management,2018-08-21T00:00:00.000Z,3675.0,2756.25,0.75,,,0,0,3620.2835005234892,0.0,salaries,False,True,False,False,False,False,False,False,False,False,0.0,3620.2835005234892,0.0,0.0,0.0,0.0,0.0,0.0,0.0,0.0,,statewide
DR-4022-0116-F,HMGP,2011,4022.0,STATEWIDE,"100.1: Public Awareness and Education (Brochures, Workshops, Videos, etc.)",Closed,Statewide,2023-11-03T00:00:00.000Z,0.0,,0.75,0.0,0.0,0,0,,0.0,public_awareness,False,False,False,False,False,False,False,False,True,False,0.0,0.0,0.0,0.0,0.0,0.0,0.0,0.0,0.0,0.0,,statewide
DR-4022-0039-R,HMGP,2011,4022.0,STATEWIDE; WINDSOR,200.1: Acquisition of Private Real Property (Structures and Land) - Riverine,Closed,Hartford (Town of),2023-11-02T00:00:00.000Z,592585.24,444438.92,0.75,0.0,0.0,2,2,636183.9525415446,1.0,acquisition,True,False,False,False,False,False,False,False,False,False,636183.9525415446,0.0,0.0,0.0,0.0,0.0,0.0,0.0,0.0,0.0,HARTFORD TOWN,local
DR-4022-0003-P,HMGP,2011,4022.0,STATEWIDE,91.1: Local Multihazard Mitigation Plan,Closed,Statewide,2023-11-08T00:00:00.000Z,97610.56,67998.5,0.7,0.0,0.0,0,0,97335.20749464566,0.0,local_mitigation_planning,False,False,False,False,False,False,False,False,True,False,0.0,0.0,0.0,0.0,0.0,0.0,0.0,0.0,97335.20749464566,0.0,,statewide
DR-1101-0022-F,HMGP,1996,1101.0,STATEWIDE,90.6: Mitigation Plan - State Multihazard Mitigation Plan,Closed,VT AGENCY OF NATURAL,1999-09-02T00:00:00.000Z,2943.0,2207.0,0.75,0.0,0.0,0,0,4530.010731745013,0.0,state_mitigation_planning,False,False,False,False,False,False,False,False,True,False,0.0,0.0,0.0,0.0,0.0,0.0,0.0,0.0,4530.010731745013,0.0,,statewide
DR-4720-0099,HMGP,2023,4720.0,CHITTENDEN,200.1: Acquisition of Private Real Property (Structures and Land) - Riverine,Pending,Richmond (Town of),,1288800.0,,0.75,0.0,0.0,0,2,,1.0,acquisition,True,False,False,False,False,False,False,False,False,False,0.0,0.0,0.0,0.0,0.0,0.0,0.0,0.0,0.0,0.0,RICHMOND TOWN,local
DR-4770-0002,HMGP,2024,4770.0,CHITTENDEN,200.1: Acquisition of Private Real Property (Structures and Land) - Riverine,Pending,Huntington,,437306.0,,0.75,0.0,0.0,0,1,,1.0,acquisition,True,False,False,False,False,False,False,False,False,False,0.0,0.0,0.0,0.0,0.0,0.0,0.0,0.0,0.0,0.0,HUNTINGTON TOWN,local
DR-4380-0002-P,HMGP,2018,4380.0,STATEWIDE,91.5: Local Multijurisdictional Multihazard Mitigation Plan - UPDATE,Closed,Statewide,2023-09-08T00:00:00.000Z,15903.24,11927.43,0.75,0.0,0.0,0,0,15293.451931796684,0.0,local_multijurisdictional_mitigation_planning,False,False,False,False,False,False,False,False,True,False,0.0,0.0,0.0,0.0,0.0,0.0,0.0,0.0,15293.451931796684,0.0,,statewide
DR-4022-0127-R,HMGP,2011,4022.0,CHITTENDEN,202.1: Elevation of Private Structures - Riverine,Closed,Bolton (Town of),2023-12-08T00:00:00.000Z,129262.61,96946.95,0.75,0.0,0.0,4,5,138772.93608275236,1.0,elevation,False,False,False,False,False,False,False,False,False,True,0.0,0.0,0.0,0.0,0.0,0.0,0.0,0.0,0.0,138772.93608275236,BOLTON TOWN,local
DR-1816-0003-F,HMGP,2009,1816.0,STATEWIDE,"100.1: Public Awareness and Education (Brochures, Workshops, Videos, etc.)",Closed,TOW-RIVERS-OTTAUQECHEE REGIONAL COMMISSION,,0.0,0.0,0.75,0.0,0.0,0,0,0.0,0.0,public_awareness,False,False,False,False,False,False,False,False,True,False,0.0,0.0,0.0,0.0,0.0,0.0,0.0,0.0,0.0,0.0,,regional
PDMC-MC-01-VT-2017-005,PDM,2017,,,"700.1: Management Costs - Salaries; 
700.4: Management Costs - Supplies",Closed,Vermont Emergency Management,2020-12-07T00:00:00.000Z,88025.0,66018.74,0.75,,,0,0,86714.39642534245,0.0,"salaries,supplies",False,True,False,False,False,False,False,False,False,False,0.0,86714.39642534245,0.0,0.0,0.0,0.0,0.0,0.0,0.0,0.0,,statewide
DR-9005-0004-R,PDM,2000,9005.0,CHITTENDEN,90.4: Mitigation Plan - Local Multihazard Mitigation Plan,Closed,,2002-08-12T00:00:00.000Z,18600.0,12900.0,0.69,0.0,0.0,0,0,24120.26497956382,0.0,local_mitigation_planning,False,False,False,False,False,False,False,False,True,False,0.0,0.0,0.0,0.0,0.0,0.0,0.0,0.0,24120.26497956382,0.0,,unknown
DR-9005-0010-R,PDM,2000,9005.0,,90.4: Mitigation Plan - Local Multihazard Mitigation Plan,Closed,,2002-08-12T00:00:00.000Z,21800.0,13700.0,0.63,0.0,0.0,0,0,25616.09536589336,0.0,local_mitigation_planning,False,False,False,False,False,False,False,False,True,False,0.0,0.0,0.0,0.0,0.0,0.0,0.0,0.0,25616.09536589336,0.0,,unknown
DR-9005-0016-R,PDM,2000,9005.0,,90.4: Mitigation Plan - Local Multihazard Mitigation Plan,Closed,,2002-08-12T00:00:00.000Z,18000.0,15000.0,0.83,0.0,0.0,0,0,28046.81974367886,0.0,local_mitigation_planning,False,False,False,False,False,False,False,False,True,False,0.0,0.0,0.0,0.0,0.0,0.0,0.0,0.0,28046.81974367886,0.0,,unknown
DR-4720-0001-R,HMGP,2023,4720.0,STATEWIDE,904.1: Advanced Assistance,Approved,Statewide,2023-10-26T00:00:00.000Z,800000.0,600000.0,0.75,0.0,0.0,0,0,633985.0459448887,0.0,technical_assistance,False,False,False,False,False,False,False,False,True,False,0.0,0.0,0.0,0.0,0.0,0.0,0.0,0.0,633985.0459448887,0.0,,statewide
DR-0875-0008-R,HMGP,1990,875.0,STATEWIDE,"100.1: Public Awareness and Education (Brochures, Workshops, Videos, etc.)",Closed,DEPT. OF PUBLIC SAFE,1995-03-01T00:00:00.000Z,149400.0,43205.0,0.29,0.0,0.0,0,0,106463.6592813781,0.0,public_awareness,False,False,False,False,False,False,False,False,True,False,0.0,0.0,0.0,0.0,0.0,0.0,0.0,0.0,106463.6592813781,0.0,,statewide
DR-1063-M001-M,HMGP,1995,1063.0,STATEWIDE,700.1: Management Costs - Salaries,Closed,DEPT. OF PUBLIC SAFE,1996-02-05T00:00:00.000Z,51685.0,38700.0,0.75,0.0,0.0,0,0,81766.98599027573,0.0,salaries,False,True,False,False,False,False,False,False,False,False,0.0,81766.98599027573,0.0,0.0,0.0,0.0,0.0,0.0,0.0,0.0,,statewide
DR-1228-0022-F,HMGP,1998,1228.0,STATEWIDE,"100.1: Public Awareness and Education (Brochures, Workshops, Videos, etc.)",Closed,VT AGENCY OF NATURAL,2001-06-26T00:00:00.000Z,20000.0,15000.0,0.75,0.0,0.0,0,0,29626.881875345658,0.0,public_awareness,False,False,False,False,False,False,False,False,True,False,0.0,0.0,0.0,0.0,0.0,0.0,0.0,0.0,29626.881875345658,0.0,,statewide
DR-1816-0005-F,HMGP,2009,1816.0,STATEWIDE,"100.1: Public Awareness and Education (Brochures, Workshops, Videos, etc.)",Closed,Statewide,2014-08-12T00:00:00.000Z,4677.0,3508.0,0.75,0.0,0.0,0,0,5263.8786927837255,0.0,public_awareness,False,False,False,False,False,False,False,False,True,False,0.0,0.0,0.0,0.0,0.0,0.0,0.0,0.0,5263.8786927837255,0.0,,statewide
DR-4532-0011-R,HMGP,2020,4532.0,CHITTENDEN,303.2: Floodplain and Stream Restoration,Approved,Jericho (Town of),2024-04-03T00:00:00.000Z,893000.0,803700.0,0.9,2.49,2149050.0,0,0,999633.1406057762,1.0,floodplain_restoration,False,False,True,False,False,False,False,False,False,False,0.0,0.0,999633.1406057762,0.0,0.0,0.0,0.0,0.0,0.0,0.0,JERICHO TOWN,local
DR-4380-0001-M,HMGP,2018,4380.0,STATEWIDE,"700.1: Management Costs - Salaries; 
700.2: Management Costs - Equipment; 
700.4: Management Costs - Supplies",Closed,Statewide,2023-10-03T00:00:00.000Z,16442.94,16442.94,1.0,0.0,0.0,0,0,21083.277160915382,0.0,"equipment,salaries,supplies",False,True,False,False,False,False,False,False,False,False,0.0,21083.277160915382,0.0,0.0,0.0,0.0,0.0,0.0,0.0,0.0,,statewide
DR-4022-0050-F,HMGP,2011,4022.0,STATEWIDE,"100.1: Public Awareness and Education (Brochures, Workshops, Videos, etc.)",Closed,Statewide,2023-11-03T00:00:00.000Z,71613.15,50657.67,0.71,0.0,0.0,0,0,72512.99397259184,0.0,public_awareness,False,False,False,False,False,False,False,False,True,False,0.0,0.0,0.0,0.0,0.0,0.0,0.0,0.0,72512.99397259184,0.0,,statewide
DR-4022-0089-R,HMGP,2011,4022.0,CHITTENDEN,403.1: Stormwater Management - Culverts,Closed,VERMONT AGENCY OF TRANSPORTATION,2023-11-07T00:00:00.000Z,457617.06,337500.0,0.74,3.05,602982.0,0,0,483108.1939960868,1.0,stormwater_culverts,False,False,False,False,False,False,True,False,False,False,0.0,0.0,0.0,0.0,0.0,0.0,483108.1939960868,0.0,0.0,0.0,,statewide
DR-9005-0007-R,PDM,2000,9005.0,GRAND ISLE & FRANKLIN COUNTIES,90.4: Mitigation Plan - Local Multihazard Mitigation Plan,Closed,,2002-08-12T00:00:00.000Z,11000.0,8000.0,0.73,0.0,0.0,0,0,14958.303863295394,0.0,local_mitigation_planning,False,False,False,False,False,False,False,False,True,False,0.0,0.0,0.0,0.0,0.0,0.0,0.0,0.0,14958.303863295394,0.0,,unknown
DR-9005-0011-R,PDM,2000,9005.0,,90.4: Mitigation Plan - Local Multihazard Mitigation Plan,Closed,,2002-08-12T00:00:00.000Z,5900.0,5000.0,0.85,0.0,0.0,0,0,9348.939914559622,0.0,local_mitigation_planning,False,False,False,False,False,False,False,False,True,False,0.0,0.0,0.0,0.0,0.0,0.0,0.0,0.0,9348.939914559622,0.0,,unknown
DR-9005-0015-R,PDM,2000,9005.0,,90.4: Mitigation Plan - Local Multihazard Mitigation Plan,Closed,,2002-08-12T00:00:00.000Z,57375.0,50000.0,0.87,0.0,0.0,0,0,93489.39914559621,0.0,local_mitigation_planning,False,False,False,False,False,False,False,False,True,False,0.0,0.0,0.0,0.0,0.0,0.0,0.0,0.0,93489.39914559621,0.0,,unknown
DR-1228-0005-R,HMGP,1998,1228.0,STATEWIDE,"301.1: Shoreline Stabilization (Riprap, etc.)",Closed,VT DEPT. OF ENVIRON. CONSERVATION,1999-11-02T00:00:00.000Z,243617.0,182500.0,0.75,1.04,60861.0,0,0,360460.3961500388,1.0,shoreline_stabilization,False,False,True,False,False,False,False,False,False,False,0.0,0.0,360460.3961500388,0.0,0.0,0.0,0.0,0.0,0.0,0.0,,statewide
DR-0840-0006-R,HMGP,1989,840.0,,"100.1: Public Awareness and Education (Brochures, Workshops, Videos, etc.)",Closed,VT AGENCY OF COMMUNIITY AFFAIRS & DEVELOPMENT,1994-06-01T00:00:00.000Z,25000.0,12500.0,0.5,0.0,0.0,0,0,32471.112999150388,0.0,public_awareness,False,False,False,False,False,False,False,False,True,False,0.0,0.0,0.0,0.0,0.0,0.0,0.0,0.0,32471.112999150388,0.0,,statewide
DR-1184-M000-M,HMGP,1997,1184.0,CHITTENDEN,700.1: Management Costs - Salaries,Closed,UNIV OF VERMONT,1998-11-17T00:00:00.000Z,71013.0,53259.0,0.75,0.0,0.0,0,0,106820.5532862341,0.0,salaries,False,True,False,False,False,False,False,False,False,False,0.0,106820.5532862341,0.0,0.0,0.0,0.0,0.0,0.0,0.0,0.0,,unknown
DR-4140-0003-M,HMGP,2013,4140.0,STATEWIDE,"700.1: Management Costs - Salaries; 
700.2: Management Costs - Equipment; 
700.4: Management Costs - Supplies",Closed,Statewide,2019-02-26T00:00:00.000Z,16206.0,16205.86,1.0,0.0,0.0,0,0,22398.070089879133,0.0,"equipment,salaries,supplies",False,True,False,False,False,False,False,False,False,False,0.0,22398.070089879133,0.0,0.0,0.0,0.0,0.0,0.0,0.0,0.0,,statewide
DR-4022-0079-R,HMGP,2011,4022.0,CHITTENDEN,200.1: Acquisition of Private Real Property (Structures and Land) - Riverine,Closed,Underhill (Town of),2023-10-11T00:00:00.000Z,272418.75,204311.07,0.75,0.0,0.0,1,1,292457.33938106097,1.0,acquisition,True,False,False,False,False,False,False,False,False,False,292457.33938106097,0.0,0.0,0.0,0.0,0.0,0.0,0.0,0.0,0.0,UNDERHILL TOWN,local
DR-1995-0009-R,HMGP,2011,1995.0,CHITTENDEN,200.1: Acquisition of Private Real Property (Structures and Land) - Riverine,Closed,Richmond (Town of),2013-12-11T00:00:00.000Z,301029.0,225772.0,0.75,0.0,0.0,1,1,323177.1945922504,1.0,acquisition,True,False,False,False,False,False,False,False,False,False,323177.1945922504,0.0,0.0,0.0,0.0,0.0,0.0,0.0,0.0,0.0,RICHMOND TOWN,local
DR-4762-0001,HMGP,2024,4762.0,CHITTENDEN,200.1: Acquisition of Private Real Property (Structures and Land) - Riverine,Pending,Statewide,,499000.0,,0.75,1.24,619582.0,1,1,,1.0,acquisition,True,False,False,False,False,False,False,False,False,False,0.0,0.0,0.0,0.0,0.0,0.0,0.0,0.0,0.0,0.0,,statewide
DR-1101-0012-F,HMGP,1996,1101.0,STATEWIDE,"100.1: Public Awareness and Education (Brochures, Workshops, Videos, etc.)",Closed,VT AGENCY OF TRANSPORTATION,1998-04-06T00:00:00.000Z,10000.0,7500.0,0.75,0.0,0.0,0,0,15394.236741317443,0.0,public_awareness,False,False,False,False,False,False,False,False,True,False,0.0,0.0,0.0,0.0,0.0,0.0,0.0,0.0,15394.236741317443,0.0,,statewide
DR-1063-0011-F,HMGP,1995,1063.0,STATEWIDE,602.1: Other Equipment Purchase and Installation,Closed,DEPT. OF PUBLIC SAFE,1998-04-28T00:00:00.000Z,18482.0,13862.0,0.75,,,0,0,29288.21601543158,0.0,other_equipment,False,False,False,True,False,False,False,False,False,False,0.0,0.0,0.0,29288.21601543158,0.0,0.0,0.0,0.0,0.0,0.0,,statewide
DR-4043-0003-M,HMGP,2012,4043.0,STATEWIDE,"700.1: Management Costs - Salaries; 
700.2: Management Costs - Equipment; 
700.4: Management Costs - Supplies",Closed,Statewide,2018-11-06T00:00:00.000Z,316.0,315.75,1.0,0.0,0.0,0,0,442.7945776132099,0.0,"equipment,salaries,supplies",False,True,False,False,False,False,False,False,False,False,0.0,442.79457761321,0.0,0.0,0.0,0.0,0.0,0.0,0.0,0.0,,statewide
DR-4207-0007-M,HMGP,2015,4207.0,STATEWIDE,700.1: Management Costs - Salaries,Closed,Statewide,2019-04-29T00:00:00.000Z,8584.0,8584.76,1.0,0.0,0.0,0,0,11662.216497081869,0.0,salaries,False,True,False,False,False,False,False,False,False,False,0.0,11662.216497081869,0.0,0.0,0.0,0.0,0.0,0.0,0.0,0.0,,statewide
DR-1201-M001-M,HMGP,1998,1201.0,CHITTENDEN,700.1: Management Costs - Salaries,Closed,UNIV OF VERMONT,1998-03-16T00:00:00.000Z,52130.0,39097.0,0.75,0.0,0.0,0,0,77221.48004535928,0.0,salaries,False,True,False,False,False,False,False,False,False,False,0.0,77221.48004535928,0.0,0.0,0.0,0.0,0.0,0.0,0.0,0.0,,unknown
DR-1228-0004-F,HMGP,1998,1228.0,STATEWIDE,"103.1: Feasibility, Engineering and Design Studies",Closed,VT DEPT. OF ENVIRON. CONSERVATION,1998-12-09T00:00:00.000Z,38700.0,29000.0,0.75,0.0,0.0,0,0,57278.63829233494,0.0,feasibility_study,False,False,False,False,False,False,False,False,True,False,0.0,0.0,0.0,0.0,0.0,0.0,0.0,0.0,57278.63829233494,0.0,,statewide
DR-4330-0001-M,HMGP,2017,4330.0,STATEWIDE,"700.2: Management Costs - Equipment; 
700.4: Management Costs - Supplies",Approved,Statewide,2025-09-02T00:00:00.000Z,52935.22,52935.22,1.0,0.0,0.0,0,0,69529.43439912237,0.0,"equipment,supplies",False,True,False,False,False,False,False,False,False,False,0.0,69529.43439912237,0.0,0.0,0.0,0.0,0.0,0.0,0.0,0.0,,statewide
DR-4770-0001-M,HMGP,2024,4770.0,STATEWIDE,"700.1: Management Costs - Salaries; 
700.2: Management Costs - Equipment; 
700.3: Management Costs - Office Space Rental; 
700.4: Management Costs - Supplies",Approved,Statewide,2025-10-16T00:00:00.000Z,39295.67,39295.67,1.0,0.0,0.0,0,0,40330.83478504985,0.0,"equipment,office_space_rental,salaries,supplies",False,True,False,False,False,False,False,False,False,False,0.0,40330.83478504985,0.0,0.0,0.0,0.0,0.0,0.0,0.0,0.0,,statewide
DR-1228-0009-R,HMGP,1998,1228.0,CHITTENDEN,403.1: Stormwater Management - Culverts,Closed,RICHMOND (TOWN OF),1999-08-10T00:00:00.000Z,40800.0,30600.0,0.75,1.36,55564.0,0,0,60438.839025705136,1.0,stormwater_culverts,False,False,False,False,False,False,True,False,False,False,0.0,0.0,0.0,0.0,0.0,0.0,60438.839025705136,0.0,0.0,0.0,RICHMOND TOWN,local
FMA-PL-01-VT-2004-001,FMA,2004,,,95.1: FMA or CRS Plan,Closed,Vermont Emergency Management,2005-09-14T00:00:00.000Z,13500.0,10125.0,0.75,,,0,0,17256.32888726695,0.0,mitigation_planning,False,False,False,False,False,False,False,False,True,False,0.0,0.0,0.0,0.0,0.0,0.0,0.0,0.0,17256.32888726695,0.0,,statewide
DR-1063-0009-R,HMGP,1995,1063.0,CHITTENDEN,"301.1: Shoreline Stabilization (Riprap, etc.)",Closed,COLCHESTER (TOWN OF),1997-08-22T00:00:00.000Z,308500.0,231375.0,0.75,1.28,393321.0,0,0,488858.821279071,1.0,shoreline_stabilization,False,False,True,False,False,False,False,False,False,False,0.0,0.0,488858.821279071,0.0,0.0,0.0,0.0,0.0,0.0,0.0,COLCHESTER TOWN,local
FMA-TA-01-VT-2007-001,FMA,2007,,,701.1: Technical Assistance - Outreach/Training,Obligated,Vermont Emergency Management,2007-05-31T00:00:00.000Z,0.0,11039.74,0.75,,,0,0,17142.39577321413,0.0,technical_assistance,False,False,False,False,False,False,False,False,True,False,0.0,0.0,0.0,0.0,0.0,0.0,0.0,0.0,17142.39577321413,0.0,,statewide
DR-1184-0012-R,HMGP,1997,1184.0,CHITTENDEN,403.1: Stormwater Management - Culverts,Closed,"ESSEX, Town of",1999-03-05T00:00:00.000Z,95245.0,12592.0,0.13,2.26,215132.0,0,0,25255.532529342643,1.0,stormwater_culverts,False,False,False,False,False,False,True,False,False,False,0.0,0.0,0.0,0.0,0.0,0.0,25255.532529342643,0.0,0.0,0.0,ESSEX TOWN,local
DR-1201-0002-R,HMGP,1998,1201.0,CHITTENDEN,204.3: Dry Floodproofing Public Structures - Riverine,Closed,Ethan Allen Homestead Trust,1999-06-14T00:00:00.000Z,10920.0,8190.0,0.75,1.0,10920.0,1,1,16176.277503938729,1.0,dry_floodproofing,False,False,False,False,False,False,False,False,False,True,0.0,0.0,0.0,0.0,0.0,0.0,0.0,0.0,0.0,16176.277503938729,BURLINGTON CITY,local
DR-4330-0005-R,HMGP,2017,4330.0,CHITTENDEN,200.3: Acquisition of Public Real Property (Structures and Land) - Riverine,Closed,Winooski,2024-02-06T00:00:00.000Z,50345.0,37758.0,0.75,0.0,0.0,1,1,49594.43606812369,1.0,acquisition,True,False,False,False,False,False,False,False,False,False,49594.43606812369,0.0,0.0,0.0,0.0,0.0,0.0,0.0,0.0,0.0,WINOOSKI CITY,local
PDMC-PL-01-VT-2017-003,PDM,2017,,,"91.2: Local Multihazard Mitigation Plan - NEW; 
91.3: Local Multihazard Mitigation Plan - UPDATE; 
91.5: Local Multijurisdictional Multihazard Mitigation Plan - UPDATE",Closed,Vermont Emergency Management,2018-05-31T00:00:00.000Z,156250.0,117187.5,0.75,,,0,0,153923.61821953612,0.0,"local_mitigation_planning,local_multijurisdictional_mitigation_planning",False,False,False,False,False,False,False,False,True,False,0.0,0.0,0.0,0.0,0.0,0.0,0.0,0.0,153923.61821953612,0.0,,statewide
DR-1063-0012-R,HMGP,1995,1063.0,CHITTENDEN,403.1: Stormwater Management - Culverts,Closed,"ESSEX, Town of",1999-03-05T00:00:00.000Z,86689.0,52425.0,0.6,2.26,215132.0,0,0,110765.7426496177,1.0,stormwater_culverts,False,False,False,False,False,False,True,False,False,False,0.0,0.0,0.0,0.0,0.0,0.0,110765.7426496177,0.0,0.0,0.0,ESSEX TOWN,local
PDMC-PJ-01-VT-2018-006,PDM,2018,,CHITTENDEN,200.6: Acquisition of Private Real Property (Structures and Land) - Landslide,Closed,Town of Huntington VT,2019-08-14T00:00:00.000Z,390285.0,292713.75,0.75,7.19,2030463.0,2,2,375320.0534734601,1.0,acquisition,True,False,False,False,False,False,False,False,False,False,375320.0534734601,0.0,0.0,0.0,0.0,0.0,0.0,0.0,0.0,0.0,HUNTINGTON TOWN,local
DR-1184-0018-R,HMGP,1997,1184.0,CHITTENDEN,"301.1: Shoreline Stabilization (Riprap, etc.)",Closed,JERICHO (TOWN OF),2000-01-05T00:00:00.000Z,135485.0,101614.0,0.75,1.04,145186.0,0,0,203805.24796987162,1.0,shoreline_stabilization,False,False,True,False,False,False,False,False,False,False,0.0,0.0,203805.24796987162,0.0,0.0,0.0,0.0,0.0,0.0,0.0,JERICHO TOWN,local
PDMC-PL-01-VT-2019-003,BRIC,2019,,,"91.3: Local Multihazard Mitigation Plan - UPDATE; 
91.5: Local Multijurisdictional Multihazard Mitigation Plan - UPDATE",Closed,Vermont Emergency Management,2020-07-14T00:00:00.000Z,253750.0,190312.5,0.75,,,0,0,239674.38554678002,0.0,"local_mitigation_planning,local_multijurisdictional_mitigation_planning",False,False,False,False,False,False,False,False,True,False,0.0,0.0,0.0,0.0,0.0,0.0,0.0,0.0,239674.38554678002,0.0,,statewide
DR-4022-0132-R,HMGP,2011,4022.0,CHITTENDEN,202.1: Elevation of Private Structures - Riverine,Closed,Richmond (Town of),2021-04-12T00:00:00.000Z,0.0,0.0,0.75,0.0,0.0,7,7,0.0,1.0,elevation,False,False,False,False,False,False,False,False,False,True,0.0,0.0,0.0,0.0,0.0,0.0,0.0,0.0,0.0,0.0,RICHMOND TOWN,local
DR-1101-0020-R,HMGP,1996,1101.0,CHITTENDEN,403.1: Stormwater Management - Culverts,Closed,HUNTINGTON (TOWN OF),1999-06-10T00:00:00.000Z,12645.0,9484.0,0.75,4.07,51440.0,0,0,19466.525500620617,1.0,stormwater_culverts,False,False,False,False,False,False,True,False,False,False,0.0,0.0,0.0,0.0,0.0,0.0,19466.525500620617,0.0,0.0,0.0,HUNTINGTON TOWN,local
DR-1063-0004-R,HMGP,1995,1063.0,CHITTENDEN,403.1: Stormwater Management - Culverts,Closed,UNDERHILL (TOWN OF),1997-08-21T00:00:00.000Z,96000.0,72000.0,0.75,1.09,104832.0,0,0,152124.62509818742,1.0,stormwater_culverts,False,False,False,False,False,False,True,False,False,False,0.0,0.0,0.0,0.0,0.0,0.0,152124.62509818742,0.0,0.0,0.0,UNDERHILL TOWN,local
DR-1124-0001-R,HMGP,1996,1124.0,,800.1: Miscellaneous,Void,VERMONT AGENCY OF DE,,,,,,,0,0,,0.0,other,False,False,False,False,False,False,False,True,False,False,0.0,0.0,0.0,0.0,0.0,0.0,0.0,0.0,0.0,0.0,,statewide
DR-1184-0011-R,HMGP,1997,1184.0,STATEWIDE,90.6: Mitigation Plan - State Multihazard Mitigation Plan,Withdrawn,UNIV OF VERMONT,,,,,,,0,0,,0.0,state_mitigation_planning,False,False,False,False,False,False,False,False,True,False,0.0,0.0,0.0,0.0,0.0,0.0,0.0,0.0,0.0,0.0,,unknown
DR-4022-0150-R,HMGP,2011,4022.0,CHITTENDEN,202.3: Elevation of Public Structures - Riverine,Closed,Richmond (Town of),2019-12-05T00:00:00.000Z,114987.0,86239.76,0.75,0.0,0.0,1,1,123446.3250496473,1.0,elevation,False,False,False,False,False,False,False,False,False,True,0.0,0.0,0.0,0.0,0.0,0.0,0.0,0.0,0.0,123446.3250496473,RICHMOND TOWN,local
DR-4532-0020-M,HMGP,2020,4532.0,STATEWIDE,"700.1: Management Costs - Salaries; 
700.4: Management Costs - Supplies",Approved,Statewide,2024-01-29T00:00:00.000Z,548401.63,548401.63,1.0,0.0,0.0,0,0,682095.8612793665,0.0,"salaries,supplies",False,True,False,False,False,False,False,False,False,False,0.0,682095.8612793665,0.0,0.0,0.0,0.0,0.0,0.0,0.0,0.0,,statewide
DR-4445-0004-M,HMGP,2019,4445.0,STATEWIDE,700.1: Management Costs - Salaries,Closed,Statewide,2025-12-03T00:00:00.000Z,21432.76,21432.76,1.0,0.0,0.0,0,0,26991.83492188692,0.0,salaries,False,True,False,False,False,False,False,False,False,False,0.0,26991.83492188692,0.0,0.0,0.0,0.0,0.0,0.0,0.0,0.0,,statewide
DR-4356-0001-M,HMGP,2018,4356.0,STATEWIDE,"700.1: Management Costs - Salaries; 
700.2: Management Costs - Equipment; 
700.4: Management Costs - Supplies",Closed,Statewide,2021-05-20T00:00:00.000Z,14978.55,14978.55,1.0,0.0,0.0,0,0,19205.623879831048,0.0,"equipment,salaries,supplies",False,True,False,False,False,False,False,False,False,False,0.0,19205.623879831048,0.0,0.0,0.0,0.0,0.0,0.0,0.0,0.0,,statewide
DR-4474-0003-P,HMGP,2020,4474.0,STATEWIDE,95.2: Planning Related Activities,Closed,VERMONT DEPARTMENT OF PUBLIC SERVICE,2024-02-02T00:00:00.000Z,0.0,0.0,0.75,0.0,0.0,0,0,0.0,0.0,planning_related,False,False,False,False,False,False,False,False,True,False,0.0,0.0,0.0,0.0,0.0,0.0,0.0,0.0,0.0,0.0,,statewide
DR-1201-0012-R,HMGP,1998,1201.0,CHITTENDEN,403.1: Stormwater Management - Culverts,Closed,HINESBURG (TOWN OF),1999-12-20T00:00:00.000Z,14036.0,10527.0,0.75,1.59,22254.0,0,0,20792.14570011758,1.0,stormwater_culverts,False,False,False,False,False,False,True,False,False,False,0.0,0.0,0.0,0.0,0.0,0.0,20792.14570011758,0.0,0.0,0.0,HINESBURG TOWN,local
DR-1063-0013-R,HMGP,1995,1063.0,CALDONIA,403.1: Stormwater Management - Culverts,Closed,"GROTON, Town of",1999-03-05T00:00:00.000Z,1850.0,1387.0,0.75,7.96,15194.0,0,0,2930.51187515536,1.0,stormwater_culverts,False,False,False,False,False,False,True,False,False,False,0.0,0.0,0.0,0.0,0.0,0.0,2930.51187515536,0.0,0.0,0.0,GROTON TOWN,local
DR-1201-0001-F,HMGP,1998,1201.0,STATEWIDE,90.4: Mitigation Plan - Local Multihazard Mitigation Plan,Withdrawn,UNIV OF VERMONT,,0.0,0.0,0.0,,,0,0,0.0,0.0,local_mitigation_planning,False,False,False,False,False,False,False,False,True,False,0.0,0.0,0.0,0.0,0.0,0.0,0.0,0.0,0.0,0.0,,unknown
DR-1201-0009-R,HMGP,1998,1201.0,CHITTENDEN,"301.1: Shoreline Stabilization (Riprap, etc.)",Closed,Cabot (Town of),1999-03-22T00:00:00.000Z,6666.0,5000.0,0.75,2.35,15680.0,0,0,9875.627291781886,1.0,shoreline_stabilization,False,False,True,False,False,False,False,False,False,False,0.0,0.0,9875.627291781886,0.0,0.0,0.0,0.0,0.0,0.0,0.0,CABOT TOWN,local
DR-4695-0002-M,HMGP,2023,4695.0,STATEWIDE,"700.1: Management Costs - Salaries; 
700.2: Management Costs - Equipment; 
700.3: Management Costs - Office Space Rental; 
700.4: Management Costs - Supplies",Approved,Statewide,2025-08-21T00:00:00.000Z,22216.1,22216.1,1.0,0.0,0.0,0,0,23474.45863202707,0.0,"equipment,office_space_rental,salaries,supplies",False,True,False,False,False,False,False,False,False,False,0.0,23474.45863202707,0.0,0.0,0.0,0.0,0.0,0.0,0.0,0.0,,statewide
DR-0840-0004-R,HMGP,1989,840.0,STATEWIDE,"100.1: Public Awareness and Education (Brochures, Workshops, Videos, etc.)",Closed,VT AGENCY OF TRANSPORTATION,1993-10-27T00:00:00.000Z,32000.0,16000.0,0.5,0.0,0.0,0,0,41563.024638912495,0.0,public_awareness,False,False,False,False,False,False,False,False,True,False,0.0,0.0,0.0,0.0,0.0,0.0,0.0,0.0,41563.024638912495,0.0,,statewide
DR-1101-0021-R,HMGP,1996,1101.0,STATEWIDE,90.4: Mitigation Plan - Local Multihazard Mitigation Plan,Closed,DEPT. OF PUBLIC SAFE,1999-01-27T00:00:00.000Z,34094.0,12552.0,0.37,7.27,327104.0,0,0,25763.794610268873,0.0,local_mitigation_planning,False,False,False,False,False,False,False,False,True,False,0.0,0.0,0.0,0.0,0.0,0.0,0.0,0.0,25763.794610268873,0.0,,statewide
DR-4022-0131-R,HMGP,2011,4022.0,CHITTENDEN,202.1: Elevation of Private Structures - Riverine,Closed,Richmond (Town of),2021-04-12T00:00:00.000Z,0.0,0.0,0.75,0.0,0.0,10,10,0.0,1.0,elevation,False,False,False,False,False,False,False,False,False,True,0.0,0.0,0.0,0.0,0.0,0.0,0.0,0.0,0.0,0.0,RICHMOND TOWN,local
FMA-PJ-01VT-2003001,FMA,2003,,,200.1: Acquisition of Private Real Property (Structures and Land) - Riverine,,,,156045.0,0.0,1.0,,,0,0,0.0,1.0,acquisition,True,False,False,False,False,False,False,False,False,False,0.0,0.0,0.0,0.0,0.0,0.0,0.0,0.0,0.0,0.0,,unknown
FMA-PJ-01VT-2003002,FMA,2003,,,201.1: Relocation of Private Structures - Riverine,,,,6.0,0.0,1.0,,,0,0,0.0,1.0,relocation,True,False,False,False,False,False,False,False,False,False,0.0,0.0,0.0,0.0,0.0,0.0,0.0,0.0,0.0,0.0,,unknown
FMA-PJ-01VT-2001002,FMA,2001,,,106.2: Other Non Construction,Awarded,,2004-06-15T00:00:00.000Z,51375.0,51375.0,1.0,,,0,0,93428.81475855282,0.0,other_nonconstruction,False,False,False,False,False,False,False,False,True,False,0.0,0.0,0.0,0.0,0.0,0.0,0.0,0.0,93428.81475855282,0.0,,unknown
LPDM-MC-01-VT-2022-002,LPDM,2022,,,700.1: Management Costs - Salaries,Obligated,Vermont Emergency Management,2022-09-15T00:00:00.000Z,16000.0,12000.0,0.75,,,0,0,13202.987457868183,0.0,salaries,False,True,False,False,False,False,False,False,False,False,0.0,13202.987457868183,0.0,0.0,0.0,0.0,0.0,0.0,0.0,0.0,,statewide
PDMC-PL-01-VT-2019-004,BRIC,2019,,,91.5: Local Multijurisdictional Multihazard Mitigation Plan - UPDATE,Closed,Vermont Emergency Management,2020-07-14T00:00:00.000Z,128000.0,96000.0,0.75,,,0,0,120899.78857138066,0.0,local_multijurisdictional_mitigation_planning,False,False,False,False,False,False,False,False,True,False,0.0,0.0,0.0,0.0,0.0,0.0,0.0,0.0,120899.78857138066,0.0,,statewide
FMA-TA-01-VT-2005-001,FMA,2005,,,701.1: Technical Assistance - Outreach/Training,Obligated,Vermont Emergency Management,2005-08-17T00:00:00.000Z,739.23,10500.0,0.75,,,0,0,17312.734954529937,0.0,technical_assistance,False,False,False,False,False,False,False,False,True,False,0.0,0.0,0.0,0.0,0.0,0.0,0.0,0.0,17312.734954529937,0.0,,statewide
DR-4720-0004-R,HMGP,2023,4720.0,CHITTENDEN,904.1: Advanced Assistance,Approved,Richmond (Town of),2024-03-27T00:00:00.000Z,125000.0,93750.0,0.75,0.0,0.0,0,0,99060.16342888886,0.0,technical_assistance,False,False,False,False,False,False,False,False,True,False,0.0,0.0,0.0,0.0,0.0,0.0,0.0,0.0,99060.16342888886,0.0,RICHMOND TOWN,local
FMA-PJ-01VT-2000002,FMA,2000,,,,,,,0.0,0.0,0.0,,,0,0,0.0,,,False,False,False,False,False,False,False,False,False,False,0.0,0.0,0.0,0.0,0.0,0.0,0.0,0.0,0.0,0.0,,unknown
FMA-PJ-01VT-2001001,FMA,2001,,,204.3: Dry Floodproofing Public Structures - Riverine,Completed,,2001-09-30T00:00:00.000Z,0.0,0.0,0.0,,,0,1,0.0,1.0,dry_floodproofing,False,False,False,False,False,False,False,False,False,True,0.0,0.0,0.0,0.0,0.0,0.0,0.0,0.0,0.0,0.0,,unknown
FMA-PJ-01VT-2002001,FMA,2002,,,200.3: Acquisition of Public Real Property (Structures and Land) - Riverine,Approved,,2004-06-15T00:00:00.000Z,51750.0,51750.0,1.0,,,0,0,92632.66565300897,1.0,acquisition,True,False,False,False,False,False,False,False,False,False,92632.66565300897,0.0,0.0,0.0,0.0,0.0,0.0,0.0,0.0,0.0,,unknown
FMA-PL-01VT-1999001,FMA,1999,,STATEWIDE,,Closed,Statewide,,13960.0,10470.0,0.75,,,0,0,20235.765011596708,,,False,False,False,False,False,False,False,False,False,False,0.0,0.0,0.0,0.0,0.0,0.0,0.0,0.0,0.0,0.0,,statewide
FMA-PJ-01-VT-2023-008,FMA,2023,,CHITTENDEN,200.1: Acquisition of Private Real Property (Structures and Land) - Riverine,Obligated,Vermont Emergency Management,2024-09-25T00:00:00.000Z,560524.0,175786.95,0.75,1.02,228000.0,1,1,185743.82928710312,1.0,acquisition,True,False,False,False,False,False,False,False,False,False,185743.82928710312,0.0,0.0,0.0,0.0,0.0,0.0,0.0,0.0,0.0,,statewide
FMA-PL-01VT-2001001,FMA,2001,,,,Closed,,2004-01-21T00:00:00.000Z,0.0,0.0,0.0,,,0,0,0.0,,,False,False,False,False,False,False,False,False,False,False,0.0,0.0,0.0,0.0,0.0,0.0,0.0,0.0,0.0,0.0,,unknown
FMA-PL-01VT-2002001,FMA,2002,,,,Awarded,,,0.0,0.0,0.0,,,0,0,0.0,,,False,False,False,False,False,False,False,False,False,False,0.0,0.0,0.0,0.0,0.0,0.0,0.0,0.0,0.0,0.0,,unknown
FMA-TA-01VT-2000001,FMA,2000,,STATEWIDE,,Closed,Statewide,2000-06-30T00:00:00.000Z,14147.0,10610.0,0.75,,,0,0,19838.450498695514,,,False,False,False,False,False,False,False,False,False,False,0.0,0.0,0.0,0.0,0.0,0.0,0.0,0.0,0.0,0.0,,statewide
FMA-TA-01VT-1999001,FMA,1999,,STATEWIDE,,Closed,Statewide,1999-05-15T00:00:00.000Z,14147.0,10610.0,0.75,,,0,0,20506.34830688071,,,False,False,False,False,False,False,False,False,False,False,0.0,0.0,0.0,0.0,0.0,0.0,0.0,0.0,0.0,0.0,,statewide
DR-0875-0006-R,HMGP,1990,875.0,CHITTENDEN,403.1: Stormwater Management - Culverts,Closed,RICHMOND (TOWN OF),1994-09-28T00:00:00.000Z,52016.0,26008.0,0.5,0.0,0.0,0,0,64087.64843397944,1.0,stormwater_culverts,False,False,False,False,False,False,True,False,False,False,0.0,0.0,0.0,0.0,0.0,0.0,64087.64843397944,0.0,0.0,0.0,RICHMOND TOWN,local
DR-4163-0006-M,HMGP,2014,4163.0,STATEWIDE,"700.1: Management Costs - Salaries; 
700.2: Management Costs - Equipment; 
700.4: Management Costs - Supplies",Closed,Statewide,2021-03-15T00:00:00.000Z,30583.23,30583.23,1.0,0.0,0.0,0,0,41597.005331163484,0.0,"equipment,salaries,supplies",False,True,False,False,False,False,False,False,False,False,0.0,41597.005331163484,0.0,0.0,0.0,0.0,0.0,0.0,0.0,0.0,,statewide
DR-1184-0013-R,HMGP,1997,1184.0,CALADONIA,"301.1: Shoreline Stabilization (Riprap, etc.)",Closed,"Lyndon, Town of",1999-04-08T00:00:00.000Z,40949.0,11813.0,0.29,4.64,190000.0,0,0,23693.10719259249,1.0,shoreline_stabilization,False,False,True,False,False,False,False,False,False,False,0.0,0.0,23693.10719259249,0.0,0.0,0.0,0.0,0.0,0.0,0.0,LYNDON TOWN,local
FMA-TA-01-VT-2004-001,FMA,2004,,,701.1: Technical Assistance - Outreach/Training,Closed,Vermont Emergency Management,2005-08-15T00:00:00.000Z,14000.0,10500.0,0.75,,,0,0,17895.45217938795,0.0,technical_assistance,False,False,False,False,False,False,False,False,True,False,0.0,0.0,0.0,0.0,0.0,0.0,0.0,0.0,17895.45217938795,0.0,,statewide
FMA-PL-01VT-2000001,FMA,2000,,STATEWIDE,,Closed,Statewide,2004-01-21T00:00:00.000Z,14000.0,10500.0,0.75,,,0,0,19632.773820575203,,,False,False,False,False,False,False,False,False,False,False,0.0,0.0,0.0,0.0,0.0,0.0,0.0,0.0,0.0,0.0,,statewide
DR-0938-0003-R,HMGP,1992,938.0,CHITTENDEN,501.1: Other Major Structural Projects,Closed,UNDERHILL (TOWN OF),1994-08-10T00:00:00.000Z,289908.0,144954.0,0.5,0.0,0.0,0,0,332622.2004183427,1.0,major_structural,False,False,False,False,True,False,False,False,False,False,0.0,0.0,0.0,0.0,332622.2004183427,0.0,0.0,0.0,0.0,0.0,UNDERHILL TOWN,local
DR-4022-0114-F,HMGP,2011,4022.0,STATEWIDE,"100.1: Public Awareness and Education (Brochures, Workshops, Videos, etc.)",Closed,Statewide,2017-09-27T00:00:00.000Z,0.0,0.0,0.75,0.0,0.0,0,0,0.0,0.0,public_awareness,False,False,False,False,False,False,False,False,True,False,0.0,0.0,0.0,0.0,0.0,0.0,0.0,0.0,0.0,0.0,,statewide
DR-0875-0007-R,HMGP,1990,875.0,CHITTENDEN,402.1: Infrastructure Protective Measures (Roads and Bridges),Withdrawn,HINESBURG (TOWN OF),,,,,0.0,,0,0,,1.0,roads_bridges_protection,False,False,False,False,False,True,False,False,False,False,0.0,0.0,0.0,0.0,0.0,0.0,0.0,0.0,0.0,0.0,HINESBURG TOWN,local
DR-1101-M001-M,HMGP,1996,1101.0,CHITTENDEN,700.1: Management Costs - Salaries,Closed,UNIV OF VERMONT,1996-06-18T00:00:00.000Z,59098.0,44323.0,0.75,0.0,0.0,0,0,90975.8340113884,0.0,salaries,False,True,False,False,False,False,False,False,False,False,0.0,90975.8340113884,0.0,0.0,0.0,0.0,0.0,0.0,0.0,0.0,,unknown
DR-4810-0002-P,HMGP,2024,4810.0,CHITTENDEN,91.5: Local Multijurisdictional Multihazard Mitigation Plan - UPDATE,Approved,Winooski,2025-12-22T00:00:00.000Z,131300.0,,0.75,0.0,0.0,0,0,,0.0,local_multijurisdictional_mitigation_planning,False,False,False,False,False,False,False,False,True,False,0.0,0.0,0.0,0.0,0.0,0.0,0.0,0.0,0.0,0.0,WINOOSKI CITY,local
DR-4207-0001-R,HMGP,2015,4207.0,STATEWIDE,904.1: Advanced Assistance,Closed,Statewide,2016-05-17T00:00:00.000Z,0.0,0.0,0.75,0.0,0.0,0,0,0.0,0.0,technical_assistance,False,False,False,False,False,False,False,False,True,False,0.0,0.0,0.0,0.0,0.0,0.0,0.0,0.0,0.0,0.0,,statewide
DR-1101-0009-R,HMGP,1996,1101.0,BENNINGTON ,403.1: Stormwater Management - Culverts,Closed,RUPERT (TOWN OF),1997-02-25T00:00:00.000Z,2040.0,1530.0,0.75,5.35,18051.0,0,0,3140.424295228758,1.0,stormwater_culverts,False,False,False,False,False,False,True,False,False,False,0.0,0.0,0.0,0.0,0.0,0.0,3140.424295228758,0.0,0.0,0.0,RUPERT TOWN,local
FMA-PJ-01VT-2000001,FMA,2000,,,,,,,0.0,0.0,0.0,,,0,0,0.0,,,False,False,False,False,False,False,False,False,False,False,0.0,0.0,0.0,0.0,0.0,0.0,0.0,0.0,0.0,0.0,,unknown
DR-4816-0001-M,HMGP,2024,4816.0,STATEWIDE,"700.1: Management Costs - Salaries; 
700.2: Management Costs - Equipment; 
700.3: Management Costs - Office Space Rental; 
700.4: Management Costs - Supplies",Approved,Statewide,2025-09-16T00:00:00.000Z,17621.99,17621.99,1.0,0.0,0.0,0,0,18086.205611809153,0.0,"equipment,office_space_rental,salaries,supplies",False,True,False,False,False,False,False,False,False,False,0.0,18086.205611809153,0.0,0.0,0.0,0.0,0.0,0.0,0.0,0.0,,statewide
DR-4810-0005,HMGP,2024,4810.0,CHITTENDEN,904.1: Advanced Assistance,Closed,Huntington (Town of),,125000.0,,0.75,0.0,0.0,0,0,,0.0,technical_assistance,False,False,False,False,False,False,False,False,True,False,0.0,0.0,0.0,0.0,0.0,0.0,0.0,0.0,0.0,0.0,HUNTINGTON TOWN,local
PDMC-PL-01-VT-2018-003,PDM,2018,,,"91.2: Local Multihazard Mitigation Plan - NEW; 
91.3: Local Multihazard Mitigation Plan - UPDATE; 
91.5: Local Multijurisdictional Multihazard Mitigation Plan - UPDATE",Closed,Vermont Emergency Management,2019-08-14T00:00:00.000Z,227300.0,170475.0,0.75,,,0,0,218584.49121671976,0.0,"local_mitigation_planning,local_multijurisdictional_mitigation_planning",False,False,False,False,False,False,False,False,True,False,0.0,0.0,0.0,0.0,0.0,0.0,0.0,0.0,218584.49121671973,0.0,,statewide
DR-4001-0002-R,HMGP,2011,4001.0,CHITTENDEN,200.1: Acquisition of Private Real Property (Structures and Land) - Riverine,Closed,Bolton (Town of),2016-11-23T00:00:00.000Z,79701.0,59776.0,0.75,0.0,0.0,1,1,85565.26045721506,1.0,acquisition,True,False,False,False,False,False,False,False,False,False,85565.26045721506,0.0,0.0,0.0,0.0,0.0,0.0,0.0,0.0,0.0,BOLTON TOWN,local
DR-1995-0007-M,HMGP,2011,1995.0,STATEWIDE,"700.1: Management Costs - Salaries; 
700.2: Management Costs - Equipment",Closed,Statewide,2016-12-14T00:00:00.000Z,11340.0,11338.0,1.0,0.0,0.0,0,0,16229.572454896688,0.0,"equipment,salaries",False,True,False,False,False,False,False,False,False,False,0.0,16229.572454896688,0.0,0.0,0.0,0.0,0.0,0.0,0.0,0.0,,statewide
DR-4720-0102-R,HMGP,2023,4720.0,STATEWIDE,904.1: Advanced Assistance,Approved,Statewide,2026-02-02T00:00:00.000Z,48240.0,36180.0,0.75,0.0,0.0,0,0,38229.29827047679,0.0,technical_assistance,False,False,False,False,False,False,False,False,True,False,0.0,0.0,0.0,0.0,0.0,0.0,0.0,0.0,38229.29827047679,0.0,,statewide
DR-0875-0001-R,HMGP,1990,875.0,CHITTENDEN,403.1: Stormwater Management - Culverts,Closed,HUNTINGTON (TOWN OF),1992-08-26T00:00:00.000Z,18000.0,9000.0,0.5,1.62,2468.2,0,0,22177.362192625922,1.0,stormwater_culverts,False,False,False,False,False,False,True,False,False,False,0.0,0.0,0.0,0.0,0.0,0.0,22177.362192625922,0.0,0.0,0.0,HUNTINGTON TOWN,local
DR-1063-0002-R,HMGP,1995,1063.0,CHITTENDEN,403.1: Stormwater Management - Culverts,Closed,UNDERHILL (TOWN OF),1997-08-08T00:00:00.000Z,160000.0,120000.0,0.75,1.47,234648.0,0,0,253541.04183031234,1.0,stormwater_culverts,False,False,False,False,False,False,True,False,False,False,0.0,0.0,0.0,0.0,0.0,0.0,253541.04183031234,0.0,0.0,0.0,UNDERHILL TOWN,local
DR-4022-0001-M,HMGP,2011,4022.0,STATEWIDE,700.1: Management Costs - Salaries,Closed,Statewide,2024-12-31T00:00:00.000Z,1097141.38,1097141.38,1.0,0.0,0.0,0,0,1570482.9352597757,0.0,salaries,False,True,False,False,False,False,False,False,False,False,0.0,1570482.9352597757,0.0,0.0,0.0,0.0,0.0,0.0,0.0,0.0,,statewide
FMA-PL-01-VT-2006-001,FMA,2006,,,95.1: FMA or CRS Plan,Closed,Vermont Emergency Management,2006-07-06T00:00:00.000Z,14400.0,10800.0,0.75,,,0,0,17251.524958937374,0.0,mitigation_planning,False,False,False,False,False,False,False,False,True,False,0.0,0.0,0.0,0.0,0.0,0.0,0.0,0.0,17251.524958937374,0.0,,statewide
FMA-TA-01VT-2001001,FMA,2001,,STATEWIDE,,Closed,Statewide,2001-09-21T00:00:00.000Z,14253.0,10690.0,0.75,,,0,0,19440.467732728557,,,False,False,False,False,False,False,False,False,False,False,0.0,0.0,0.0,0.0,0.0,0.0,0.0,0.0,0.0,0.0,,statewide
DR-1063-0001-R,HMGP,1995,1063.0,STATEWIDE,"104.1: Developing, Implementing and Enforcing Codes, Standards, Ordinances and Regulations",Closed,VT AGENCY OF NATURAL,1996-07-19T00:00:00.000Z,59334.0,44500.0,0.75,6.52,387000.0,0,0,94021.46967874083,0.0,codes_standards,False,False,False,False,False,False,False,False,True,False,0.0,0.0,0.0,0.0,0.0,0.0,0.0,0.0,94021.46967874083,0.0,,statewide
FMA-PL-01-VT-2005-001,FMA,2005,,,95.1: FMA or CRS Plan,Closed,Vermont Emergency Management,2005-08-29T00:00:00.000Z,0.0,0.0,0.75,,,0,0,0.0,0.0,mitigation_planning,False,False,False,False,False,False,False,False,True,False,0.0,0.0,0.0,0.0,0.0,0.0,0.0,0.0,0.0,0.0,,statewide
PDMC-PL-01-VT-2013-001,PDM,2013,,CHITTENDEN,91.1: Local Multihazard Mitigation Plan,Not Approved / Denied,Chittenden County Regional Planning Commission,,90495.68,,0.75,,,0,0,,0.0,local_mitigation_planning,False,False,False,False,False,False,False,False,True,False,0.0,0.0,0.0,0.0,0.0,0.0,0.0,0.0,0.0,0.0,,regional
DR-4810-0004,HMGP,2024,4810.0,STATEWIDE,"91.2: Local Multihazard Mitigation Plan - NEW; 
91.3: Local Multihazard Mitigation Plan - UPDATE",Pending,Statewide,,844400.0,,0.75,0.0,0.0,0,0,,0.0,local_mitigation_planning,False,False,False,False,False,False,False,False,True,False,0.0,0.0,0.0,0.0,0.0,0.0,0.0,0.0,0.0,0.0,,statewide
DR-4474-0001-M,HMGP,2020,4474.0,STATEWIDE,700.1: Management Costs - Salaries,Approved,Statewide,2026-02-06T00:00:00.000Z,37834.4,37834.4,1.0,0.0,0.0,0,0,47058.00683704763,0.0,salaries,False,True,False,False,False,False,False,False,False,False,0.0,47058.00683704763,0.0,0.0,0.0,0.0,0.0,0.0,0.0,0.0,,statewide
DR-1698-0004-M,HMGP,2007,1698.0,STATEWIDE,700.1: Management Costs - Salaries,Closed,Statewide,2014-02-03T00:00:00.000Z,0.0,0.0,0.75,0.0,0.0,0,0,0.0,0.0,salaries,False,True,False,False,False,False,False,False,False,False,0.0,0.0,0.0,0.0,0.0,0.0,0.0,0.0,0.0,0.0,,statewide
DR-4744-0002-M,HMGP,2024,4744.0,STATEWIDE,"700.1: Management Costs - Salaries; 
700.2: Management Costs - Equipment; 
700.3: Management Costs - Office Space Rental; 
700.4: Management Costs - Supplies",Approved,Statewide,2025-08-25T00:00:00.000Z,25192.84,25192.84,1.0,0.0,0.0,0,0,25856.494311108458,0.0,"equipment,office_space_rental,salaries,supplies",False,True,False,False,False,False,False,False,False,False,0.0,25856.494311108458,0.0,0.0,0.0,0.0,0.0,0.0,0.0,0.0,,statewide
DR-4140-0007,HMGP,2013,4140.0,STATEWIDE,"100.1: Public Awareness and Education (Brochures, Workshops, Videos, etc.)",Closed,Statewide,,0.0,,0.75,1.0,1.0,0,0,,0.0,public_awareness,False,False,False,False,False,False,False,False,True,False,0.0,0.0,0.0,0.0,0.0,0.0,0.0,0.0,0.0,0.0,,statewide
PDMC-PJ-01-VT-2019-001,BRIC,2019,,CHITTENDEN,200.1: Acquisition of Private Real Property (Structures and Land) - Riverine,Not Approved / Denied,Town of Huntington VT,,2587587.0,,0.75,1.0,2587587.0,9,9,,1.0,acquisition,True,False,False,False,False,False,False,False,False,False,0.0,0.0,0.0,0.0,0.0,0.0,0.0,0.0,0.0,0.0,HUNTINGTON TOWN,local
DR-4022-0067-P,HMGP,2011,4022.0,STATEWIDE,92.1: State Multihazard Mitigation Plan,Closed,Statewide,,1002962.0,,0.75,0.0,0.0,0,0,,0.0,state_mitigation_planning,False,False,False,False,False,False,False,False,True,False,0.0,0.0,0.0,0.0,0.0,0.0,0.0,0.0,0.0,0.0,,statewide
DR-1063-0005-R,HMGP,1995,1063.0,CHITTENDEN,403.1: Stormwater Management - Culverts,Closed,BOLTON (TOWN OF),1996-12-31T00:00:00.000Z,43525.0,32643.0,0.75,0.95,31085.0,0,0,68969.50190389072,1.0,stormwater_culverts,False,False,False,False,False,False,True,False,False,False,0.0,0.0,0.0,0.0,0.0,0.0,68969.50190389072,0.0,0.0,0.0,BOLTON TOWN,local
FMA-TA-01-VT-2006-001,FMA,2006,,,701.1: Technical Assistance - Outreach/Training,Obligated,Vermont Emergency Management,2006-07-07T00:00:00.000Z,14587.0,10940.0,0.75,,,0,0,17475.15583803471,0.0,technical_assistance,False,False,False,False,False,False,False,False,True,False,0.0,0.0,0.0,0.0,0.0,0.0,0.0,0.0,17475.15583803471,0.0,,statewide
DR-4720-0064-R,HMGP,2023,4720.0,CHITTENDEN,200.1: Acquisition of Private Real Property (Structures and Land) - Riverine,Closed,Statewide,2025-04-29T00:00:00.000Z,541009.0,0.0,0.75,1.0,1.0,0,1,0.0,1.0,acquisition,True,False,False,False,False,False,False,False,False,False,0.0,0.0,0.0,0.0,0.0,0.0,0.0,0.0,0.0,0.0,,statewide
DR-4810-0003,HMGP,2024,4810.0,ADDISON; CALEDONIA; CHITTENDEN; ESSEX; STATEWIDE; WASHINGTON; WINDHAM; WINDSOR,200.1: Acquisition of Private Real Property (Structures and Land) - Riverine,Pending,Statewide,,12331606.0,,0.75,0.0,0.0,37,37,,1.0,acquisition,True,False,False,False,False,False,False,False,False,False,0.0,0.0,0.0,0.0,0.0,0.0,0.0,0.0,0.0,0.0,,statewide
PDMC-PL-01-VT-2008-001,PDM,2008,,CHITTENDEN,91.1: Local Multihazard Mitigation Plan,Closed,Vermont Department of Environmental Conservation,2008-09-23T00:00:00.000Z,141920.0,106440.0,0.75,,,0,0,159205.3378905939,0.0,local_mitigation_planning,False,False,False,False,False,False,False,False,True,False,0.0,0.0,0.0,0.0,0.0,0.0,0.0,0.0,159205.3378905939,0.0,,statewide
DR-4022-0160-R,HMGP,2011,4022.0,CHITTENDEN,202.1: Elevation of Private Structures - Riverine,Closed,Bolton (Town of),2021-05-17T00:00:00.000Z,0.0,0.0,0.75,0.0,0.0,2,2,0.0,1.0,elevation,False,False,False,False,False,False,False,False,False,True,0.0,0.0,0.0,0.0,0.0,0.0,0.0,0.0,0.0,0.0,BOLTON TOWN,local
DR-4474-0005-R,HMGP,2020,4474.0,STATEWIDE,200.1: Acquisition of Private Real Property (Structures and Land) - Riverine,Closed,Huntington (Town of),2025-06-20T00:00:00.000Z,541367.75,487230.97,0.9,0.82,1104000.0,2,4,606012.473238147,1.0,acquisition,True,False,False,False,False,False,False,False,False,False,606012.473238147,0.0,0.0,0.0,0.0,0.0,0.0,0.0,0.0,0.0,HUNTINGTON TOWN,local
DR-4330-0004-R,HMGP,2017,4330.0,STATEWIDE,303.2: Floodplain and Stream Restoration,Closed,VERMONT AGENCY OF TRANSPORTATION,2024-06-26T00:00:00.000Z,56933.0,42699.75,0.75,4.76,170972.0,0,0,56085.33347899423,1.0,floodplain_restoration,False,False,True,False,False,False,False,False,False,False,0.0,0.0,56085.33347899423,0.0,0.0,0.0,0.0,0.0,0.0,0.0,,statewide
PDMC-MC-01-VT-2018-008,PDM,2018,,,700.1: Management Costs - Salaries,Obligated,Vermont Emergency Management,2019-08-14T00:00:00.000Z,46300.0,34725.0,0.75,,,0,0,44524.6895879196,0.0,salaries,False,True,False,False,False,False,False,False,False,False,0.0,44524.6895879196,0.0,0.0,0.0,0.0,0.0,0.0,0.0,0.0,,statewide
DR-1715-0004-M,HMGP,2007,1715.0,STATEWIDE,700.4: Management Costs - Supplies,Closed,Statewide,2014-02-03T00:00:00.000Z,0.0,0.0,0.75,0.0,0.0,0,0,0.0,0.0,supplies,False,True,False,False,False,False,False,False,False,False,0.0,0.0,0.0,0.0,0.0,0.0,0.0,0.0,0.0,0.0,,statewide
FMA-MC-01-VT-2018-002,FMA,2018,,,700.1: Management Costs - Salaries,Pending,Vermont Emergency Management,,2680.0,,0.75,,,0,0,,0.0,salaries,False,True,False,False,False,False,False,False,False,False,0.0,0.0,0.0,0.0,0.0,0.0,0.0,0.0,0.0,0.0,,statewide
PDMC-MC-01-VT-2008-002,PDM,2008,,,"700.1: Management Costs - Salaries; 
700.2: Management Costs - Equipment; 
700.4: Management Costs - Supplies",Closed,Vermont Emergency Management,2008-09-23T00:00:00.000Z,14191.84,10643.88,0.75,,,0,0,15920.354301643501,0.0,"equipment,salaries,supplies",False,True,False,False,False,False,False,False,False,False,0.0,15920.354301643503,0.0,0.0,0.0,0.0,0.0,0.0,0.0,0.0,,statewide
DR-4356-0003-P,HMGP,2018,4356.0,STATEWIDE,91.3: Local Multihazard Mitigation Plan - UPDATE,Closed,Statewide,2023-04-27T00:00:00.000Z,56835.36,42524.19,0.75,0.0,0.0,0,0,54524.87716998459,0.0,local_mitigation_planning,False,False,False,False,False,False,False,False,True,False,0.0,0.0,0.0,0.0,0.0,0.0,0.0,0.0,54524.87716998459,0.0,,statewide
PDMC-PL-01-VT-2009-001,PDM,2009,,,92.1: State Multihazard Mitigation Plan,Closed,VT Department of Environmental Conservation,2009-09-25T00:00:00.000Z,123509.08,92628.15,0.75,,,0,0,138991.83156698255,0.0,state_mitigation_planning,False,False,False,False,False,False,False,False,True,False,0.0,0.0,0.0,0.0,0.0,0.0,0.0,0.0,138991.83156698255,0.0,,statewide
DR-4022-0066-R,HMGP,2011,4022.0,STATEWIDE,"103.1: Feasibility, Engineering and Design Studies; 
106.1: Other Non Construction (Regular Project Only)",Closed,Statewide,2024-06-10T00:00:00.000Z,50924.15,38193.11,0.75,0.0,0.0,0,0,54670.827837611505,0.0,"feasibility_study,other_nonconstruction",False,False,False,False,False,False,False,False,True,False,0.0,0.0,0.0,0.0,0.0,0.0,0.0,0.0,54670.827837611505,0.0,,statewide
DR-1336-0017-R,HMGP,2000,1336.0,CHITTENDEN,"301.1: Shoreline Stabilization (Riprap, etc.)",Closed,Montpelier,,0.0,,0.75,5.0,500.0,0,0,,1.0,shoreline_stabilization,False,False,True,False,False,False,False,False,False,False,0.0,0.0,0.0,0.0,0.0,0.0,0.0,0.0,0.0,0.0,MONTPELIER CITY,local
DR-4120-0003-M,HMGP,2013,4120.0,STATEWIDE,"700.1: Management Costs - Salaries; 
700.2: Management Costs - Equipment; 
700.3: Management Costs - Office Space Rental",Closed,Statewide,2022-04-26T00:00:00.000Z,5464.22,5464.22,1.0,0.0,0.0,0,0,7552.081934961758,0.0,"equipment,office_space_rental,salaries",False,True,False,False,False,False,False,False,False,False,0.0,7552.081934961758,0.0,0.0,0.0,0.0,0.0,0.0,0.0,0.0,,statewide
FMA-PL-01-VT-2008-001,FMA,2008,,,95.1: FMA or CRS Plan,Closed,Vermont Emergency Management,2008-07-08T00:00:00.000Z,14132.96,10599.72,0.75,,,0,0,15854.302932597573,0.0,mitigation_planning,False,False,False,False,False,False,False,False,True,False,0.0,0.0,0.0,0.0,0.0,0.0,0.0,0.0,15854.302932597573,0.0,,statewide
DR-1488-0004-M,HMGP,2003,1488.0,STATEWIDE,700.1: Management Costs - Salaries,Closed,Statewide,,0.0,,0.75,0.0,0.0,0,0,,0.0,salaries,False,True,False,False,False,False,False,False,False,False,0.0,0.0,0.0,0.0,0.0,0.0,0.0,0.0,0.0,0.0,,statewide
PDMC-TA-01-VT-2006-005,PDM,2006,,,"700.1: Management Costs - Salaries; 
700.4: Management Costs - Supplies",Not Approved / Denied,Vermont Emergency Management,,70139.9,,0.75,,,0,0,,0.0,"salaries,supplies",False,True,False,False,False,False,False,False,False,False,0.0,0.0,0.0,0.0,0.0,0.0,0.0,0.0,0.0,0.0,,statewide
FMA-PJ-01-VT-2023-005,FMA,2023,,CHITTENDEN,200.1: Acquisition of Private Real Property (Structures and Land) - Riverine,Obligated,Vermont Emergency Management,2024-09-25T00:00:00.000Z,1291500.0,968625.0,0.75,2.0,2.0,2,2,1023489.6085472797,1.0,acquisition,True,False,False,False,False,False,False,False,False,False,1023489.6085472797,0.0,0.0,0.0,0.0,0.0,0.0,0.0,0.0,0.0,,statewide
LPDM-MC-01-VT-2023-002,LPDM,2023,,,700.1: Management Costs - Salaries,Obligated,Vermont Emergency Management,2023-09-14T00:00:00.000Z,31000.0,31000.0,1.0,,,0,0,32755.894040485917,0.0,salaries,False,True,False,False,False,False,False,False,False,False,0.0,32755.894040485917,0.0,0.0,0.0,0.0,0.0,0.0,0.0,0.0,,statewide
DR-1307-0001-F,HMGP,2000,1307.0,STATEWIDE,90.4: Mitigation Plan - Local Multihazard Mitigation Plan,Closed,ENVIRONMENTAL CONSERVATION,2004-04-21T00:00:00.000Z,40000.0,6850.0,0.17,0.0,0.0,0,0,12808.04768294668,0.0,local_mitigation_planning,False,False,False,False,False,False,False,False,True,False,0.0,0.0,0.0,0.0,0.0,0.0,0.0,0.0,12808.04768294668,0.0,,statewide
DR-4022-0118-P,HMGP,2011,4022.0,STATEWIDE,92.1: State Multihazard Mitigation Plan,Closed,Statewide,2021-12-17T00:00:00.000Z,825035.19,615482.63,0.75,0.0,0.0,0,0,881021.3387118866,0.0,state_mitigation_planning,False,False,False,False,False,False,False,False,True,False,0.0,0.0,0.0,0.0,0.0,0.0,0.0,0.0,881021.3387118866,0.0,,statewide
FMA-PL-01-VT-2009-001,FMA,2009,,,"700.1: Management Costs - Salaries; 
95.1: FMA or CRS Plan",Closed,Vermont Emergency Management,2009-09-09T00:00:00.000Z,16133.0,12099.75,0.75,,,0,0,18156.104963799855,0.0,"mitigation_planning,salaries",False,True,False,False,False,False,False,False,True,False,0.0,9078.052481899927,0.0,0.0,0.0,0.0,0.0,0.0,9078.052481899927,0.0,,statewide
FMA-PJ-01-VT-2023-011,FMA,2023,,,200.3: Acquisition of Public Real Property (Structures and Land) - Riverine,Obligated,State of Vermont Building and General Services Division of Construction and Design,2024-11-25T00:00:00.000Z,1924221.6,1443166.2,0.75,2.0,2.0,1,1,1524909.649355184,1.0,acquisition,True,False,False,False,False,False,False,False,False,False,1524909.649355184,0.0,0.0,0.0,0.0,0.0,0.0,0.0,0.0,0.0,,statewide
PDMC-PJ-01-VT-2019-006,BRIC,2019,,CHITTENDEN,200.6: Acquisition of Private Real Property (Structures and Land) - Landslide,Closed,Town of Bolton,2020-09-17T00:00:00.000Z,200839.0,150629.25,0.75,7.13,1152649.5,1,1,189698.37997568375,1.0,acquisition,True,False,False,False,False,False,False,False,False,False,189698.37997568375,0.0,0.0,0.0,0.0,0.0,0.0,0.0,0.0,0.0,BOLTON TOWN,local
PDMC-MC-01-VT-2019-005,BRIC,2019,,,700.1: Management Costs - Salaries,Closed,Vermont Emergency Management,2020-07-14T00:00:00.000Z,72500.0,54375.0,0.75,,,0,0,68478.39587050857,0.0,salaries,False,True,False,False,False,False,False,False,False,False,0.0,68478.39587050857,0.0,0.0,0.0,0.0,0.0,0.0,0.0,0.0,,statewide
DR-1698-0003-M,HMGP,2007,1698.0,STATEWIDE,700.1: Management Costs - Salaries,Closed,Statewide,,3727.0,,0.75,0.0,0.0,0,0,,0.0,salaries,False,True,False,False,False,False,False,False,False,False,0.0,0.0,0.0,0.0,0.0,0.0,0.0,0.0,0.0,0.0,,statewide
PDMC-TA-01-VT-2003-006,PDM,2003,,,"700.1: Management Costs - Salaries; 
700.2: Management Costs - Equipment; 
700.3: Management Costs - Office Space Rental",Closed,"Department of Public Safety, Division of Emergency Management",2005-05-02T00:00:00.000Z,75604.5,56703.24,0.75,,,0,0,99218.93153282609,0.0,"equipment,office_space_rental,salaries",False,True,False,False,False,False,False,False,False,False,0.0,99218.93153282607,0.0,0.0,0.0,0.0,0.0,0.0,0.0,0.0,,statewide
DR-1559-0004-M,HMGP,2004,1559.0,STATEWIDE,700.1: Management Costs - Salaries,Closed,Statewide,2005-12-30T00:00:00.000Z,17600.0,1.0,0.75,0.0,0.0,0,0,1.7043287789893287,0.0,salaries,False,True,False,False,False,False,False,False,False,False,0.0,1.7043287789893287,0.0,0.0,0.0,0.0,0.0,0.0,0.0,0.0,,statewide
DR-4178-0001-M,HMGP,2014,4178.0,STATEWIDE,"700.1: Management Costs - Salaries; 
700.2: Management Costs - Equipment; 
700.4: Management Costs - Supplies",Closed,Statewide,2018-11-05T00:00:00.000Z,124.0,123.34,1.0,0.0,0.0,0,0,167.7577756680934,0.0,"equipment,salaries,supplies",False,True,False,False,False,False,False,False,False,False,0.0,167.7577756680934,0.0,0.0,0.0,0.0,0.0,0.0,0.0,0.0,,statewide
DR-1358-0002-M,HMGP,2001,1358.0,STATEWIDE,700.1: Management Costs - Salaries,Closed,Statewide,2007-09-24T00:00:00.000Z,5043.0,3782.0,0.75,0.0,0.0,0,0,6877.8156188194025,0.0,salaries,False,True,False,False,False,False,False,False,False,False,0.0,6877.8156188194025,0.0,0.0,0.0,0.0,0.0,0.0,0.0,0.0,,statewide
DR-4022-0002-F,HMGP,2011,4022.0,STATEWIDE,"100.1: Public Awareness and Education (Brochures, Workshops, Videos, etc.)",Closed,VT DEPT OF ENVIRONMENTAL CONSERVATION,2012-06-27T00:00:00.000Z,592582.0,444437.0,0.75,0.0,0.0,0,0,636181.2041927077,0.0,public_awareness,False,False,False,False,False,False,False,False,True,False,0.0,0.0,0.0,0.0,0.0,0.0,0.0,0.0,636181.2041927077,0.0,,statewide
DR-4022-0110-R,HMGP,2011,4022.0,CHITTENDEN,202.1: Elevation of Private Structures - Riverine,Closed,Huntington (Town of),2019-01-30T00:00:00.000Z,0.0,0.0,0.75,0.0,0.0,1,1,0.0,1.0,elevation,False,False,False,False,False,False,False,False,False,True,0.0,0.0,0.0,0.0,0.0,0.0,0.0,0.0,0.0,0.0,HUNTINGTON TOWN,local
DR-1336-0004-M,HMGP,2000,1336.0,STATEWIDE,700.4: Management Costs - Supplies,Closed,Statewide,2007-09-24T00:00:00.000Z,12600.0,9450.0,0.75,0.0,0.0,0,0,17669.496438517683,0.0,supplies,False,True,False,False,False,False,False,False,False,False,0.0,17669.496438517683,0.0,0.0,0.0,0.0,0.0,0.0,0.0,0.0,,statewide
DR-1307-0003-M,HMGP,2000,1307.0,STATEWIDE,700.1: Management Costs - Salaries,Closed,Statewide,2007-09-24T00:00:00.000Z,13720.0,10290.0,0.75,0.0,0.0,0,0,19240.1183441637,0.0,salaries,False,True,False,False,False,False,False,False,False,False,0.0,19240.1183441637,0.0,0.0,0.0,0.0,0.0,0.0,0.0,0.0,,statewide
DR-1428-0007-M,HMGP,2002,1428.0,STATEWIDE,700.1: Management Costs - Salaries,Closed,Statewide,2007-10-18T00:00:00.000Z,36192.0,27144.0,0.75,0.0,0.0,0,0,48587.846888604356,0.0,salaries,False,True,False,False,False,False,False,False,False,False,0.0,48587.846888604356,0.0,0.0,0.0,0.0,0.0,0.0,0.0,0.0,,statewide
DR-4621-0005-M,HMGP,2021,4621.0,STATEWIDE,700.1: Management Costs - Salaries,Approved,Statewide,2024-03-27T00:00:00.000Z,36375.0,36375.0,1.0,0.0,0.0,0,0,43219.60651065767,0.0,salaries,False,True,False,False,False,False,False,False,False,False,0.0,43219.60651065767,0.0,0.0,0.0,0.0,0.0,0.0,0.0,0.0,,statewide
DR-4474-0004-R,HMGP,2020,4474.0,CHITTENDEN,200.1: Acquisition of Private Real Property (Structures and Land) - Riverine,Approved,Underhill (Town of),2024-04-05T00:00:00.000Z,404307.16,363876.44,0.9,1.0,1.0,1,1,452585.4778022263,1.0,acquisition,True,False,False,False,False,False,False,False,False,False,452585.4778022263,0.0,0.0,0.0,0.0,0.0,0.0,0.0,0.0,0.0,UNDERHILL TOWN,local
DR-1790-0005-F,HMGP,2008,1790.0,STATEWIDE,"100.1: Public Awareness and Education (Brochures, Workshops, Videos, etc.)",Closed,CHITTENDEN REGIONAL PLANNING,2013-01-16T00:00:00.000Z,45053.0,33740.0,0.75,0.0,0.0,0,0,50465.878433189006,0.0,public_awareness,False,False,False,False,False,False,False,False,True,False,0.0,0.0,0.0,0.0,0.0,0.0,0.0,0.0,50465.878433189006,0.0,,regional
DR-4163-0002-P,HMGP,2014,4163.0,ORLEANS,91.1: Local Multihazard Mitigation Plan,Closed,Albany (Town of),2022-09-14T00:00:00.000Z,9757.11,7317.83,0.75,0.0,0.0,0,0,9953.161046839987,0.0,local_mitigation_planning,False,False,False,False,False,False,False,False,True,False,0.0,0.0,0.0,0.0,0.0,0.0,0.0,0.0,9953.161046839987,0.0,ALBANY TOWN,local
DR-4720-0018-R,HMGP,2023,4720.0,ORANGE,200.1: Acquisition of Private Real Property (Structures and Land) - Riverine,Approved,West Fairlee (Town of),2025-12-12T00:00:00.000Z,245200.0,183900.0,0.75,0.0,0.0,2,2,194316.4165821084,1.0,acquisition,True,False,False,False,False,False,False,False,False,False,194316.4165821084,0.0,0.0,0.0,0.0,0.0,0.0,0.0,0.0,0.0,WEST FAIRLEE TOWN,local
DR-4720-0032-R,HMGP,2023,4720.0,ORLEANS,200.1: Acquisition of Private Real Property (Structures and Land) - Riverine,Approved,Statewide,2024-08-26T00:00:00.000Z,717800.0,538350.0,0.75,0.0,0.0,0,2,568843.0824740514,1.0,acquisition,True,False,False,False,False,False,False,False,False,False,568843.0824740514,0.0,0.0,0.0,0.0,0.0,0.0,0.0,0.0,0.0,,statewide
DR-4022-0145-R,HMGP,2011,4022.0,ORLEANS,601.2: Generators - Regular,Closed,Charleston (Town of),2017-03-02T00:00:00.000Z,0.0,0.0,0.75,1.13,9040.0,0,0,0.0,0.0,generators,False,False,False,True,False,False,False,False,False,False,0.0,0.0,0.0,0.0,0.0,0.0,0.0,0.0,0.0,0.0,CHARLESTON TOWN,local
DR-4720-0079-R,HMGP,2023,4720.0,ORANGE,200.1: Acquisition of Private Real Property (Structures and Land) - Riverine,Approved,Statewide,2025-04-21T00:00:00.000Z,589630.0,410347.5,0.75,0.0,0.0,2,2,433590.29773478373,1.0,acquisition,True,False,False,False,False,False,False,False,False,False,433590.29773478373,0.0,0.0,0.0,0.0,0.0,0.0,0.0,0.0,0.0,,statewide
DR-1790-0006-R,HMGP,2008,1790.0,ORANGE,403.1: Stormwater Management - Culverts,Closed,Williamstown (Town of),2011-03-02T00:00:00.000Z,92296.0,69222.0,0.75,1.07,113210.0,0,0,103537.31585365173,1.0,stormwater_culverts,False,False,False,False,False,False,True,False,False,False,0.0,0.0,0.0,0.0,0.0,0.0,103537.31585365173,0.0,0.0,0.0,WILLIAMSTOWN TOWN,local
DR-4022-0146-R,HMGP,2011,4022.0,ORANGE,601.2: Generators - Regular,Closed,Statewide,2017-09-26T00:00:00.000Z,0.0,0.0,0.75,1.13,93463.0,0,0,0.0,0.0,generators,False,False,False,True,False,False,False,False,False,False,0.0,0.0,0.0,0.0,0.0,0.0,0.0,0.0,0.0,0.0,,statewide
DR-1816-0002-P,HMGP,2009,1816.0,ORANGE,91.1: Local Multihazard Mitigation Plan,Closed,TOW-RIVERS-OTTAUQECHEE REGIONAL COMMISSION,2010-08-19T00:00:00.000Z,18633.0,13975.0,0.75,0.0,0.0,0,0,20969.984245054893,0.0,local_mitigation_planning,False,False,False,False,False,False,False,False,True,False,0.0,0.0,0.0,0.0,0.0,0.0,0.0,0.0,20969.984245054893,0.0,,regional
DR-1101-0024-F,HMGP,1996,1101.0,ORLEANS,90.4: Mitigation Plan - Local Multihazard Mitigation Plan,Closed,GLOVER (TOWN OF) ,1999-12-27T00:00:00.000Z,10000.0,7500.0,0.75,0.0,0.0,0,0,15394.236741317443,0.0,local_mitigation_planning,False,False,False,False,False,False,False,False,True,False,0.0,0.0,0.0,0.0,0.0,0.0,0.0,0.0,15394.236741317443,0.0,GLOVER TOWN,local
DR-1228-0018-R,HMGP,1998,1228.0,ORLEANS,"301.1: Shoreline Stabilization (Riprap, etc.)",Closed,DERBY (TOWN OF ) ,2000-04-17T00:00:00.000Z,120000.0,33250.0,0.28,1.02,122850.0,0,0,65672.92149034954,1.0,shoreline_stabilization,False,False,True,False,False,False,False,False,False,False,0.0,0.0,65672.92149034954,0.0,0.0,0.0,0.0,0.0,0.0,0.0,DERBY TOWN,local
PDMC-PJ-01-VT-2016-003,PDM,2016,,ORLEANS,106.2: Other Non Construction,Not Approved / Denied,Town of Brownington,,30000.71,,0.75,1.39,43193.0,0,0,,0.0,other_nonconstruction,False,False,False,False,False,False,False,False,True,False,0.0,0.0,0.0,0.0,0.0,0.0,0.0,0.0,0.0,0.0,BROWNINGTON TOWN,local
DR-1201-0017-R,HMGP,1998,1201.0,ORLEANS,"301.1: Shoreline Stabilization (Riprap, etc.)",Closed,DERBY (TOWN OF ) ,2000-04-10T00:00:00.000Z,104000.0,56250.0,0.54,1.18,122850.0,0,0,111100.80703254622,1.0,shoreline_stabilization,False,False,True,False,False,False,False,False,False,False,0.0,0.0,111100.80703254622,0.0,0.0,0.0,0.0,0.0,0.0,0.0,DERBY TOWN,local
DR-0938-0001-R,HMGP,1992,938.0,ORANGE,402.1: Infrastructure Protective Measures (Roads and Bridges),Closed,STRAFFORD (TOWN OF),1994-11-21T00:00:00.000Z,21552.0,10776.0,0.5,0.0,0.0,0,0,24727.40891391794,1.0,roads_bridges_protection,False,False,False,False,False,True,False,False,False,False,0.0,0.0,0.0,0.0,0.0,24727.40891391794,0.0,0.0,0.0,0.0,STRAFFORD TOWN,local
DR-4022-0144-R,HMGP,2011,4022.0,ORLEANS,403.1: Stormwater Management - Culverts,Closed,Charleston (Town of),2023-07-28T00:00:00.000Z,99393.13,74544.84,0.75,1.05,137045.0,0,0,106705.84599741407,1.0,stormwater_culverts,False,False,False,False,False,False,True,False,False,False,0.0,0.0,0.0,0.0,0.0,0.0,106705.84599741407,0.0,0.0,0.0,CHARLESTON TOWN,local
DR-4022-0158-R,HMGP,2011,4022.0,ORANGE,200.1: Acquisition of Private Real Property (Structures and Land) - Riverine,Closed,Chelsea (Town of),2023-11-13T00:00:00.000Z,568073.93,426055.44,0.75,0.0,0.0,3,3,609869.2567721722,1.0,acquisition,True,False,False,False,False,False,False,False,False,False,609869.2567721722,0.0,0.0,0.0,0.0,0.0,0.0,0.0,0.0,0.0,CHELSEA TOWN,local
DR-4022-0061-P,HMGP,2011,4022.0,CALEDONIA; ESSEX; ORLEANS,91.1: Local Multihazard Mitigation Plan,Closed,Statewide,2023-11-07T00:00:00.000Z,244056.52,183042.39,0.75,0.0,0.0,0,0,262012.67691148855,0.0,local_mitigation_planning,False,False,False,False,False,False,False,False,True,False,0.0,0.0,0.0,0.0,0.0,0.0,0.0,0.0,262012.67691148855,0.0,,statewide
DR-1778-0003-R,HMGP,2008,1778.0,ORANGE,"100.1: Public Awareness and Education (Brochures, Workshops, Videos, etc.)",Closed,TOW-RIVERS-OTTAUQECHEE REGIONAL COMMISSION,2014-02-03T00:00:00.000Z,0.0,0.0,0.75,0.0,0.0,0,0,0.0,0.0,public_awareness,False,False,False,False,False,False,False,False,True,False,0.0,0.0,0.0,0.0,0.0,0.0,0.0,0.0,0.0,0.0,,regional
DR-1228-0020-R,HMGP,1998,1228.0,ORLEANS,402.1: Infrastructure Protective Measures (Roads and Bridges),Closed,HARTFORD (TOWN OF) ,2000-12-20T00:00:00.000Z,36172.0,27534.0,0.75,1.12,41039.0,0,0,54383.104370384484,1.0,roads_bridges_protection,False,False,False,False,False,True,False,False,False,False,0.0,0.0,0.0,0.0,0.0,54383.104370384484,0.0,0.0,0.0,0.0,HARTFORD TOWN,local
DR-1101-0001-R,HMGP,1996,1101.0,ORLEANS,405.1: Other Minor Flood Control,Void,VERMONT AGENCY OF DE,,,,,0.0,,0,0,,1.0,minor_flood_control,False,False,False,False,True,False,False,False,False,False,0.0,0.0,0.0,0.0,0.0,0.0,0.0,0.0,0.0,0.0,,statewide
DR-1228-0008-R,HMGP,1998,1228.0,ORANGE,"301.1: Shoreline Stabilization (Riprap, etc.)",Closed,"ORANGE, TOWN OF",1999-06-17T00:00:00.000Z,836.0,627.0,0.75,59.37,49636.0,0,0,1238.4036623894485,1.0,shoreline_stabilization,False,False,True,False,False,False,False,False,False,False,0.0,0.0,1238.4036623894485,0.0,0.0,0.0,0.0,0.0,0.0,0.0,ORANGE TOWN,local
DR-1184-0019-R,HMGP,1997,1184.0,ORLEANS,403.1: Stormwater Management - Culverts,Closed,GLOVER (TOWN OF) ,2000-02-15T00:00:00.000Z,7200.0,5400.0,0.75,2.79,20093.0,0,0,10830.676275289889,1.0,stormwater_culverts,False,False,False,False,False,False,True,False,False,False,0.0,0.0,0.0,0.0,0.0,0.0,10830.676275289889,0.0,0.0,0.0,GLOVER TOWN,local
DR-1201-0015-F,HMGP,1998,1201.0,ORLEANS,601.1: Generators,Closed,ORLEANS (VILLAGE OF) ,1999-08-05T00:00:00.000Z,2450.0,1837.0,0.75,0.0,0.0,0,0,3628.3054670006645,0.0,generators,False,False,False,True,False,False,False,False,False,False,0.0,0.0,0.0,3628.3054670006645,0.0,0.0,0.0,0.0,0.0,0.0,,unknown
DR-1184-0020-R,HMGP,1997,1184.0,ORLEANS,"301.1: Shoreline Stabilization (Riprap, etc.)",Closed,BARTON (TOWN OF),2000-03-21T00:00:00.000Z,13471.0,10103.0,0.75,1.26,16938.0,0,0,20263.39303875069,1.0,shoreline_stabilization,False,False,True,False,False,False,False,False,False,False,0.0,0.0,20263.39303875069,0.0,0.0,0.0,0.0,0.0,0.0,0.0,BARTON TOWN,local
DR-4022-0151-R,HMGP,2011,4022.0,ORLEANS,402.1: Infrastructure Protective Measures (Roads and Bridges),Closed,Charleston (Town of),2024-02-28T00:00:00.000Z,185664.8,139248.6,0.75,1.3,629009.0,0,0,199324.85825921036,1.0,roads_bridges_protection,False,False,False,False,False,True,False,False,False,False,0.0,0.0,0.0,0.0,0.0,199324.85825921036,0.0,0.0,0.0,0.0,CHARLESTON TOWN,local
DR-1184-0004-R,HMGP,1997,1184.0,ORLEANS,200.1: Acquisition of Private Real Property (Structures and Land) - Riverine,Closed,BARTON (TOWN OF),1998-02-13T00:00:00.000Z,31049.0,23287.0,0.75,0.0,0.0,1,1,46706.28859679178,1.0,acquisition,True,False,False,False,False,False,False,False,False,False,46706.28859679178,0.0,0.0,0.0,0.0,0.0,0.0,0.0,0.0,0.0,BARTON TOWN,local
DR-4720-0007-R,HMGP,2023,4720.0,ORLEANS,904.1: Advanced Assistance,Approved,Greensboro (Town of),2024-03-29T00:00:00.000Z,64000.0,48000.0,0.75,0.0,0.0,0,0,50718.803675591094,0.0,technical_assistance,False,False,False,False,False,False,False,False,True,False,0.0,0.0,0.0,0.0,0.0,0.0,0.0,0.0,50718.803675591094,0.0,GREENSBORO TOWN,local
DR-1184-0022-R,HMGP,1997,1184.0,ORLEANS,"301.1: Shoreline Stabilization (Riprap, etc.)",Withdrawn,DERBY (TOWN OF ) ,,0.0,,,1.18,122850.0,0,0,,1.0,shoreline_stabilization,False,False,True,False,False,False,False,False,False,False,0.0,0.0,0.0,0.0,0.0,0.0,0.0,0.0,0.0,0.0,DERBY TOWN,local
DR-4022-0093-P,HMGP,2011,4022.0,ORLEANS,91.1: Local Multihazard Mitigation Plan,Closed,Statewide,2017-03-02T00:00:00.000Z,12097.0,9073.0,0.75,0.0,0.0,0,0,12987.379686300726,0.0,local_mitigation_planning,False,False,False,False,False,False,False,False,True,False,0.0,0.0,0.0,0.0,0.0,0.0,0.0,0.0,12987.379686300726,0.0,,statewide
DR-0990-0001-R,HMGP,1993,990.0,GRAND ISLE,"301.1: Shoreline Stabilization (Riprap, etc.)",Closed,NORTH HERO (TOWN OF),1994-06-17T00:00:00.000Z,70522.0,35261.0,0.5,0.0,0.0,0,0,78578.98512860043,1.0,shoreline_stabilization,False,False,True,False,False,False,False,False,False,False,0.0,0.0,78578.98512860043,0.0,0.0,0.0,0.0,0.0,0.0,0.0,NORTH HERO TOWN,local
DR-0840-0007-R,HMGP,1989,840.0,ORANGE,"301.1: Shoreline Stabilization (Riprap, etc.)",Not Approved / Denied,BRADFORD (TOWN OF),,0.0,,,0.0,,0,0,,1.0,shoreline_stabilization,False,False,True,False,False,False,False,False,False,False,0.0,0.0,0.0,0.0,0.0,0.0,0.0,0.0,0.0,0.0,BRADFORD TOWN,local
DR-1101-0011-R,HMGP,1996,1101.0,ORLEANS,403.1: Stormwater Management - Culverts,Closed,BARTON (TOWN OF),1997-03-07T00:00:00.000Z,4548.0,3411.0,0.75,1.93,10558.0,0,0,7001.298869951173,1.0,stormwater_culverts,False,False,False,False,False,False,True,False,False,False,0.0,0.0,0.0,0.0,0.0,0.0,7001.298869951173,0.0,0.0,0.0,BARTON TOWN,local
DR-1101-0004-R,HMGP,1996,1101.0,ORLEANS,"301.1: Shoreline Stabilization (Riprap, etc.)",Withdrawn,RICHFORD (TOWN OF),,,,,0.0,,0,0,,1.0,shoreline_stabilization,False,False,True,False,False,False,False,False,False,False,0.0,0.0,0.0,0.0,0.0,0.0,0.0,0.0,0.0,0.0,RICHFORD TOWN,local
DR-0938-0006-R,HMGP,1992,938.0,ORANGE,500.1: Flood Control - Floodwall,Closed,RANDOLPH (TOWN OF),1995-01-06T00:00:00.000Z,54000.0,27000.0,0.5,0.0,0.0,0,0,61956.202735317784,1.0,floodwall,False,False,False,False,True,False,False,False,False,False,0.0,0.0,0.0,0.0,61956.202735317784,0.0,0.0,0.0,0.0,0.0,RANDOLPH TOWN,local
DR-4232-0002-P,HMGP,2015,4232.0,ORLEANS,91.3: Local Multihazard Mitigation Plan - UPDATE,Closed,Glover (Town of),2016-10-04T00:00:00.000Z,5733.0,4300.0,0.75,0.0,0.0,0,0,5841.459858802346,0.0,local_mitigation_planning,False,False,False,False,False,False,False,False,True,False,0.0,0.0,0.0,0.0,0.0,0.0,0.0,0.0,5841.459858802346,0.0,GLOVER TOWN,local
DR-1778-0004-F,HMGP,2008,1778.0,ORANGE,"100.1: Public Awareness and Education (Brochures, Workshops, Videos, etc.)",Closed,TOW-RIVERS-OTTAUQECHEE REGIONAL COMMISSION,2013-01-15T00:00:00.000Z,7823.0,7823.0,0.75,0.0,0.0,0,0,11701.083787280308,0.0,public_awareness,False,False,False,False,False,False,False,False,True,False,0.0,0.0,0.0,0.0,0.0,0.0,0.0,0.0,11701.083787280308,0.0,,regional
DR-4720-0055-R,HMGP,2023,4720.0,ORANGE,200.1: Acquisition of Private Real Property (Structures and Land) - Riverine,Approved,Statewide,2024-12-06T00:00:00.000Z,247000.0,185250.0,0.75,0.0,0.0,1,1,195742.88293548438,1.0,acquisition,True,False,False,False,False,False,False,False,False,False,195742.88293548438,0.0,0.0,0.0,0.0,0.0,0.0,0.0,0.0,0.0,,statewide
DR-4720-0063-R,HMGP,2023,4720.0,ORANGE,200.1: Acquisition of Private Real Property (Structures and Land) - Riverine,Approved,Statewide,2025-04-21T00:00:00.000Z,536100.0,402075.0,0.75,0.0,0.0,1,1,424849.22891381854,1.0,acquisition,True,False,False,False,False,False,False,False,False,False,424849.22891381854,0.0,0.0,0.0,0.0,0.0,0.0,0.0,0.0,0.0,,statewide
DR-4720-0054,HMGP,2023,4720.0,ORLEANS,200.1: Acquisition of Private Real Property (Structures and Land) - Riverine,Pending,Statewide,,221000.0,,0.75,0.0,0.0,1,1,,1.0,acquisition,True,False,False,False,False,False,False,False,False,False,0.0,0.0,0.0,0.0,0.0,0.0,0.0,0.0,0.0,0.0,,statewide
DR-4810-0001,HMGP,2024,4810.0,ORLEANS,403.1: Stormwater Management - Culverts,Withdrawn,Greensboro (Town of),,610519.66,,0.75,1.62,1125094.0,0,0,,1.0,stormwater_culverts,False,False,False,False,False,False,True,False,False,False,0.0,0.0,0.0,0.0,0.0,0.0,0.0,0.0,0.0,0.0,GREENSBORO TOWN,local
DR-4720-0027-R,HMGP,2023,4720.0,ORLEANS,200.1: Acquisition of Private Real Property (Structures and Land) - Riverine,Approved,Orleans,2025-12-18T00:00:00.000Z,314250.0,235687.5,0.75,0.0,0.0,1,1,249037.2508602266,1.0,acquisition,True,False,False,False,False,False,False,False,False,False,249037.2508602266,0.0,0.0,0.0,0.0,0.0,0.0,0.0,0.0,0.0,,unknown
DR-4022-0138-R,HMGP,2011,4022.0,ORANGE,601.2: Generators - Regular,Closed,Orange (Town of),2022-10-19T00:00:00.000Z,47592.0,35694.0,0.75,1.06,98990.0,0,0,51093.52259702614,0.0,generators,False,False,False,True,False,False,False,False,False,False,0.0,0.0,0.0,51093.52259702614,0.0,0.0,0.0,0.0,0.0,0.0,ORANGE TOWN,local
DR-4720-0042-R,HMGP,2023,4720.0,ORLEANS,200.1: Acquisition of Private Real Property (Structures and Land) - Riverine,Approved,Statewide,2024-12-20T00:00:00.000Z,479324.0,359493.0,0.75,0.0,0.0,2,2,379855.3102031098,1.0,acquisition,True,False,False,False,False,False,False,False,False,False,379855.3102031098,0.0,0.0,0.0,0.0,0.0,0.0,0.0,0.0,0.0,,statewide
PDMC-PJ-01-VT-2017-006,PDM,2017,,ORLEANS,106.2: Other Non Construction,Pending,Town of Brownington,,30000.71,,0.75,1.2,48073.0,0,0,,0.0,other_nonconstruction,False,False,False,False,False,False,False,False,True,False,0.0,0.0,0.0,0.0,0.0,0.0,0.0,0.0,0.0,0.0,BROWNINGTON TOWN,local
DR-4720-0039-R,HMGP,2023,4720.0,ORLEANS,200.1: Acquisition of Private Real Property (Structures and Land) - Riverine,Approved,Troy (Town of),2024-10-01T00:00:00.000Z,200698.0,150523.5,0.75,0.0,0.0,0,1,159049.4134388091,1.0,acquisition,True,False,False,False,False,False,False,False,False,False,159049.4134388091,0.0,0.0,0.0,0.0,0.0,0.0,0.0,0.0,0.0,TROY TOWN,local
PDMC-PJ-01-VT-2003-002,PDM,2003,,ORLEANS,200.1: Acquisition of Private Real Property (Structures and Land) - Riverine,Closed,Town of Troy,2004-06-15T00:00:00.000Z,156045.0,140440.5,0.9,2.52,392659.0,2,2,245741.80159609683,1.0,acquisition,True,False,False,False,False,False,False,False,False,False,245741.80159609683,0.0,0.0,0.0,0.0,0.0,0.0,0.0,0.0,0.0,TROY TOWN,local
DR-1336-0003-R,HMGP,2000,1336.0,ORLEANS,403.1: Stormwater Management - Culverts,Closed,Derby (Town of),2004-04-22T00:00:00.000Z,67200.0,50400.0,0.75,1.05,70368.0,0,0,94237.31433876097,1.0,stormwater_culverts,False,False,False,False,False,False,True,False,False,False,0.0,0.0,0.0,0.0,0.0,0.0,94237.31433876097,0.0,0.0,0.0,DERBY TOWN,local
DR-1307-0002-R,HMGP,2000,1307.0,CALEDONIA; ESSEX; FRANKLIN; GRAND ISLE; LAMOILLE; ORLEANS,"400.1: Utility Protective Measures (Electric, Gas, etc.)",Closed,DEPARTMENT OF PUBLIC SAFTEY,2004-04-22T00:00:00.000Z,1073.0,805.0,0.75,13.8,4140.0,0,0,1505.179326244099,1.0,utility_protection,False,False,False,False,False,True,False,False,False,False,0.0,0.0,0.0,0.0,0.0,1505.179326244099,0.0,0.0,0.0,0.0,,statewide
DR-4022-0051-R,HMGP,2011,4022.0,WINDSOR,200.1: Acquisition of Private Real Property (Structures and Land) - Riverine,Closed,Sharon,2016-05-10T00:00:00.000Z,0.0,0.0,0.75,0.0,0.0,0,1,0.0,1.0,acquisition,True,False,False,False,False,False,False,False,False,False,0.0,0.0,0.0,0.0,0.0,0.0,0.0,0.0,0.0,0.0,SHARON TOWN,local
DR-4720-0056-R,HMGP,2023,4720.0,WINDSOR,200.1: Acquisition of Private Real Property (Structures and Land) - Riverine,Approved,Statewide,2025-01-27T00:00:00.000Z,366000.0,274500.0,0.75,0.0,0.0,1,1,290048.1585197866,1.0,acquisition,True,False,False,False,False,False,False,False,False,False,290048.1585197866,0.0,0.0,0.0,0.0,0.0,0.0,0.0,0.0,0.0,,statewide
DR-1995-0008-R,HMGP,2011,1995.0,WINDSOR,200.1: Acquisition of Private Real Property (Structures and Land) - Riverine,Closed,Royalton (Town of),2016-12-13T00:00:00.000Z,86331.0,64748.0,0.75,0.0,0.0,1,1,92682.33879958112,1.0,acquisition,True,False,False,False,False,False,False,False,False,False,92682.33879958112,0.0,0.0,0.0,0.0,0.0,0.0,0.0,0.0,0.0,ROYALTON TOWN,local
DR-4720-0003-R,HMGP,2023,4720.0,ORANGE,904.1: Advanced Assistance,Approved,Tunbridge (Town of),2024-03-27T00:00:00.000Z,100000.0,75000.0,0.75,0.0,0.0,0,0,79248.13074311109,0.0,technical_assistance,False,False,False,False,False,False,False,False,True,False,0.0,0.0,0.0,0.0,0.0,0.0,0.0,0.0,79248.13074311109,0.0,TUNBRIDGE TOWN,local
DR-4720-0066-R,HMGP,2023,4720.0,WINDSOR,200.1: Acquisition of Private Real Property (Structures and Land) - Riverine,Approved,Statewide,2025-04-21T00:00:00.000Z,397000.0,297750.0,0.75,1.0,1.0,1,1,314615.07905015105,1.0,acquisition,True,False,False,False,False,False,False,False,False,False,314615.07905015105,0.0,0.0,0.0,0.0,0.0,0.0,0.0,0.0,0.0,,statewide
DR-1995-0006-R,HMGP,2011,1995.0,WINDSOR,200.1: Acquisition of Private Real Property (Structures and Land) - Riverine,Closed,Royalton (Town of),2016-12-13T00:00:00.000Z,416495.0,312371.0,0.75,0.0,0.0,3,3,447137.74716074555,1.0,acquisition,True,False,False,False,False,False,False,False,False,False,447137.74716074555,0.0,0.0,0.0,0.0,0.0,0.0,0.0,0.0,0.0,ROYALTON TOWN,local
DR-4022-0130-R,HMGP,2011,4022.0,WINDSOR,200.1: Acquisition of Private Real Property (Structures and Land) - Riverine,Closed,Royalton (Town of),2017-09-26T00:00:00.000Z,0.0,0.0,0.75,0.0,0.0,1,1,0.0,1.0,acquisition,True,False,False,False,False,False,False,False,False,False,0.0,0.0,0.0,0.0,0.0,0.0,0.0,0.0,0.0,0.0,ROYALTON TOWN,local
DR-4720-0052-R,HMGP,2023,4720.0,WINDSOR,200.1: Acquisition of Private Real Property (Structures and Land) - Riverine,Approved,Statewide,2024-12-03T00:00:00.000Z,462245.0,346683.75,0.75,0.0,0.0,1,1,366320.5219534939,1.0,acquisition,True,False,False,False,False,False,False,False,False,False,366320.5219534939,0.0,0.0,0.0,0.0,0.0,0.0,0.0,0.0,0.0,,statewide
DR-4621-0001-R,HMGP,2021,4621.0,WINDSOR,200.1: Acquisition of Private Real Property (Structures and Land) - Riverine,Approved,Barnard (Town of),2024-11-19T00:00:00.000Z,464500.0,179837.0,0.39,1.0,464500.0,1,1,213676.54642081494,1.0,acquisition,True,False,False,False,False,False,False,False,False,False,213676.54642081494,0.0,0.0,0.0,0.0,0.0,0.0,0.0,0.0,0.0,BARNARD TOWN,local
PDMC-PJ-01-VT-2009-002,PDM,2009,,BENNINGTON,"300.6: Vegetation Management - Erosion; 
303.1: Wetland Restoration/Creation; 
402.1: Infrastructure Protective Measures (Roads and Bridges)",Not Approved / Denied,"Town of Bennington, VT",,752265.0,,0.75,2.0,1547454.0,0,0,,1.0,"erosion_control,roads_bridges_protection,wetland_restoration",False,False,True,False,False,True,False,False,False,False,0.0,0.0,0.0,0.0,0.0,0.0,0.0,0.0,0.0,0.0,BENNINGTON TOWN,local
DR-4001-0001-R,HMGP,2011,4001.0,WINDSOR,200.1: Acquisition of Private Real Property (Structures and Land) - Riverine,Closed,Bethel (Town of),2017-11-14T00:00:00.000Z,116157.0,87866.0,0.75,0.0,0.0,2,2,125774.17651454863,1.0,acquisition,True,False,False,False,False,False,False,False,False,False,125774.17651454863,0.0,0.0,0.0,0.0,0.0,0.0,0.0,0.0,0.0,BETHEL TOWN,local
DR-4532-0010-R,HMGP,2020,4532.0,WINDSOR,303.2: Floodplain and Stream Restoration,Approved,Springfield (Town of),2024-10-08T00:00:00.000Z,840830.0,756747.0,0.9,2.08,1683867.0,0,0,941233.5202861755,1.0,floodplain_restoration,False,False,True,False,False,False,False,False,False,False,0.0,0.0,941233.5202861755,0.0,0.0,0.0,0.0,0.0,0.0,0.0,SPRINGFIELD TOWN,local
DR-4140-0004-P,HMGP,2013,4140.0,WINDSOR,91.4: Local Multijurisdictional Multihazard Mitigation Plan - NEW ,Closed,Weathersfield (Town of),2019-02-27T00:00:00.000Z,14525.0,10894.22,0.75,0.0,0.0,0,0,15056.868511425066,0.0,local_multijurisdictional_mitigation_planning,False,False,False,False,False,False,False,False,True,False,0.0,0.0,0.0,0.0,0.0,0.0,0.0,0.0,15056.868511425066,0.0,WEATHERSFIELD TOWN,local
PDMC-PJ-01-VT-2006-004,PDM,2006,,BENNINGTON,402.1: Infrastructure Protective Measures (Roads and Bridges),Not Approved / Denied,Town of Arlington,,231000.0,,0.9,1.98,456328.0,0,0,,1.0,roads_bridges_protection,False,False,False,False,False,True,False,False,False,False,0.0,0.0,0.0,0.0,0.0,0.0,0.0,0.0,0.0,0.0,ARLINGTON TOWN,local
DR-4022-0148-R,HMGP,2011,4022.0,WINDSOR,403.1: Stormwater Management - Culverts,Closed,Ludlow (Town of),2023-10-31T00:00:00.000Z,96581.15,72435.87,0.75,1.08,1211488.0,0,0,103686.99951477132,1.0,stormwater_culverts,False,False,False,False,False,False,True,False,False,False,0.0,0.0,0.0,0.0,0.0,0.0,103686.99951477132,0.0,0.0,0.0,LUDLOW TOWN,local
DR-4022-0095-R,HMGP,2011,4022.0,WINDSOR,200.1: Acquisition of Private Real Property (Structures and Land) - Riverine,Closed,Windsor (Town of),2023-11-15T00:00:00.000Z,119371.52,89528.64,0.75,0.0,0.0,1,1,128154.13209281724,1.0,acquisition,True,False,False,False,False,False,False,False,False,False,128154.13209281724,0.0,0.0,0.0,0.0,0.0,0.0,0.0,0.0,0.0,WINDSOR TOWN,local
DR-4022-0115-R,HMGP,2011,4022.0,BENNINGTON,601.2: Generators - Regular,Closed,Sunderland,2023-11-01T00:00:00.000Z,10063.54,4500.0,0.45,1.13,6780.0,0,0,6441.44258661449,0.0,generators,False,False,False,True,False,False,False,False,False,False,0.0,0.0,0.0,6441.44258661449,0.0,0.0,0.0,0.0,0.0,0.0,SUNDERLAND TOWN,local
DR-4022-0035-R,HMGP,2011,4022.0,BENNINGTON,200.1: Acquisition of Private Real Property (Structures and Land) - Riverine,Closed,Readsboro (Town of),2013-07-17T00:00:00.000Z,659428.0,493446.0,0.75,1.45,953960.0,3,3,706334.2396876831,1.0,acquisition,True,False,False,False,False,False,False,False,False,False,706334.2396876831,0.0,0.0,0.0,0.0,0.0,0.0,0.0,0.0,0.0,READSBORO TOWN,local
PDMC-PL-01-VT-2012-002,PDM,2012,,ADDISON; ORANGE; RUTLAND; WINDSOR,91.1: Local Multihazard Mitigation Plan,Closed,"Two Rivers-Ottauquechee Regional Commission (Barnard, Bethel, Braintree, Brookfield, Chelsea, Granville, Hancock, Hartford, Pittsfield, Pomfret, Rando",2012-09-17T00:00:00.000Z,93822.84,70367.12,0.75,,,0,0,98679.90238561538,0.0,local_mitigation_planning,False,False,False,False,False,False,False,False,True,False,0.0,0.0,0.0,0.0,0.0,0.0,0.0,0.0,98679.90238561538,0.0,,regional
DR-4022-0094-R,HMGP,2011,4022.0,WINDSOR,200.1: Acquisition of Private Real Property (Structures and Land) - Riverine,Closed,West Windsor (Town of),2023-10-31T00:00:00.000Z,61639.37,46229.53,0.75,0.0,0.0,1,1,66174.41406692716,1.0,acquisition,True,False,False,False,False,False,False,False,False,False,66174.41406692716,0.0,0.0,0.0,0.0,0.0,0.0,0.0,0.0,0.0,WEST WINDSOR TOWN,local
DR-4022-0013-F,HMGP,2011,4022.0,ADDISON; ORANGE; RUTLAND; WINDSOR,"100.1: Public Awareness and Education (Brochures, Workshops, Videos, etc.)",Closed,TWO-RIVERS-OTTAUQUECHEE REGIONAL COMMISSION,2023-11-01T00:00:00.000Z,29594.41,22195.8,0.75,0.0,0.0,0,0,31771.771414217314,0.0,public_awareness,False,False,False,False,False,False,False,False,True,False,0.0,0.0,0.0,0.0,0.0,0.0,0.0,0.0,31771.771414217314,0.0,,regional
DR-4022-0014-R,HMGP,2011,4022.0,WINDSOR,200.1: Acquisition of Private Real Property (Structures and Land) - Riverine,Closed,Sharon (Town of),2022-12-01T00:00:00.000Z,0.0,0.0,0.0,0.0,0.0,1,1,0.0,1.0,acquisition,True,False,False,False,False,False,False,False,False,False,0.0,0.0,0.0,0.0,0.0,0.0,0.0,0.0,0.0,0.0,SHARON TOWN,local
DR-4022-0123-R,HMGP,2011,4022.0,WINDSOR,200.1: Acquisition of Private Real Property (Structures and Land) - Riverine,Closed,Chester (Town of),2023-10-27T00:00:00.000Z,137522.22,103141.66,0.75,0.0,0.0,1,1,147640.24026180274,1.0,acquisition,True,False,False,False,False,False,False,False,False,False,147640.24026180274,0.0,0.0,0.0,0.0,0.0,0.0,0.0,0.0,0.0,CHESTER TOWN,local
DR-9005-0002-R,PDM,2000,9005.0,BENNINGTON,90.4: Mitigation Plan - Local Multihazard Mitigation Plan,Closed,,2002-08-12T00:00:00.000Z,16600.0,12400.0,0.75,0.0,0.0,0,0,23185.37098810786,0.0,local_mitigation_planning,False,False,False,False,False,False,False,False,True,False,0.0,0.0,0.0,0.0,0.0,0.0,0.0,0.0,23185.37098810786,0.0,,unknown
DR-4022-0011-F,HMGP,2011,4022.0,WINDSOR,200.1: Acquisition of Private Real Property (Structures and Land) - Riverine,Closed,Bethel (Town of),2023-11-03T00:00:00.000Z,375965.99,281974.49,0.75,0.0,0.0,2,2,403627.2196055337,1.0,acquisition,True,False,False,False,False,False,False,False,False,False,403627.2196055337,0.0,0.0,0.0,0.0,0.0,0.0,0.0,0.0,0.0,BETHEL TOWN,local
DR-4022-0081-R,HMGP,2011,4022.0,WINDSOR,200.1: Acquisition of Private Real Property (Structures and Land) - Riverine,Closed,Hartford (Town of),2023-11-07T00:00:00.000Z,71942.48,53956.86,0.75,0.0,0.0,1,1,77235.55907644355,1.0,acquisition,True,False,False,False,False,False,False,False,False,False,77235.55907644355,0.0,0.0,0.0,0.0,0.0,0.0,0.0,0.0,0.0,HARTFORD TOWN,local
DR-4022-0087-R,HMGP,2011,4022.0,WINDSOR,200.1: Acquisition of Private Real Property (Structures and Land) - Riverine,Closed,Stockbridge (Town of),2023-11-01T00:00:00.000Z,571913.2,428934.9,0.75,0.0,0.0,1,1,613991.0070544952,1.0,acquisition,True,False,False,False,False,False,False,False,False,False,613991.0070544952,0.0,0.0,0.0,0.0,0.0,0.0,0.0,0.0,0.0,STOCKBRIDGE TOWN,local
FMA-PJ-01-VT-2023-003,FMA,2023,,BENNINGTON,200.1: Acquisition of Private Real Property (Structures and Land) - Riverine,Obligated,Vermont Emergency Management,2024-09-25T00:00:00.000Z,1094418.0,820813.5,0.75,2.0,2.0,1,1,867305.8075161416,1.0,acquisition,True,False,False,False,False,False,False,False,False,False,867305.8075161416,0.0,0.0,0.0,0.0,0.0,0.0,0.0,0.0,0.0,,statewide
DR-9005-0009-R,PDM,2000,9005.0,WINDSOR,90.4: Mitigation Plan - Local Multihazard Mitigation Plan,Closed,,2002-08-12T00:00:00.000Z,15000.0,12000.0,0.8,0.0,0.0,0,0,22437.45579494309,0.0,local_mitigation_planning,False,False,False,False,False,False,False,False,True,False,0.0,0.0,0.0,0.0,0.0,0.0,0.0,0.0,22437.45579494309,0.0,,unknown
DR-4532-0015-R,HMGP,2020,4532.0,WINDSOR,302.1: Landslide Stabilization - Structural,Approved,Chester (Town of),2024-09-30T00:00:00.000Z,788300.0,709470.0,0.9,1.25,807518.0,0,0,882430.9123622994,1.0,slope_stabilization,False,False,True,False,False,False,False,False,False,False,0.0,0.0,882430.9123622994,0.0,0.0,0.0,0.0,0.0,0.0,0.0,CHESTER TOWN,local
DR-4022-0012-R,HMGP,2011,4022.0,WINDSOR,200.1: Acquisition of Private Real Property (Structures and Land) - Riverine,Closed,Bridgewater (Town of),2023-11-16T00:00:00.000Z,280614.15,210460.61,0.75,0.0,0.0,3,3,301259.9857908585,1.0,acquisition,True,False,False,False,False,False,False,False,False,False,301259.9857908585,0.0,0.0,0.0,0.0,0.0,0.0,0.0,0.0,0.0,BRIDGEWATER TOWN,local
DR-4022-0088-R,HMGP,2011,4022.0,BENNINGTON,"202.3: Elevation of Public Structures - Riverine; 
400.1: Utility Protective Measures (Electric, Gas, etc.); 
405.1: Other Minor Flood Control",Closed,Arlington (Town of),2025-04-16T00:00:00.000Z,12500.0,9375.0,0.75,1.08,168483.0,1,1,13419.672055446856,1.0,"elevation,minor_flood_control,utility_protection",False,False,False,False,True,True,False,False,False,True,0.0,0.0,0.0,0.0,4473.224018482285,4473.224018482285,0.0,0.0,0.0,4473.224018482285,ARLINGTON TOWN,local
DR-4022-0156-R,HMGP,2011,4022.0,WINDSOR,200.1: Acquisition of Private Real Property (Structures and Land) - Riverine,Closed,Statewide,2023-11-06T00:00:00.000Z,140289.54,103473.4,0.74,0.0,0.0,2,2,148115.10340928796,1.0,acquisition,True,False,False,False,False,False,False,False,False,False,148115.10340928796,0.0,0.0,0.0,0.0,0.0,0.0,0.0,0.0,0.0,,statewide
DR-4022-0080-R,HMGP,2011,4022.0,WINDSOR,200.1: Acquisition of Private Real Property (Structures and Land) - Riverine,Closed,Hartford (Town of),2023-11-06T00:00:00.000Z,232847.15,174635.36,0.75,0.0,0.0,1,1,249978.58778505615,1.0,acquisition,True,False,False,False,False,False,False,False,False,False,249978.58778505615,0.0,0.0,0.0,0.0,0.0,0.0,0.0,0.0,0.0,HARTFORD TOWN,local
DR-4022-0025-R,HMGP,2011,4022.0,WINDSOR,200.1: Acquisition of Private Real Property (Structures and Land) - Riverine,Closed,Stockbridge (Town of),2023-11-06T00:00:00.000Z,127018.33,95263.75,0.75,0.0,0.0,1,2,136363.55026902136,1.0,acquisition,True,False,False,False,False,False,False,False,False,False,136363.55026902136,0.0,0.0,0.0,0.0,0.0,0.0,0.0,0.0,0.0,STOCKBRIDGE TOWN,local
DR-4022-0017-F,HMGP,2011,4022.0,WINDSOR,200.1: Acquisition of Private Real Property (Structures and Land) - Riverine,Closed,Hartford (Town of),2023-11-01T00:00:00.000Z,291268.62,218451.5,0.75,0.0,0.0,1,1,312698.3989355145,1.0,acquisition,True,False,False,False,False,False,False,False,False,False,312698.3989355145,0.0,0.0,0.0,0.0,0.0,0.0,0.0,0.0,0.0,HARTFORD TOWN,local
DR-4022-0021-R,HMGP,2011,4022.0,WINDSOR,200.1: Acquisition of Private Real Property (Structures and Land) - Riverine,Closed,Bridgewater (Town of),2023-11-06T00:00:00.000Z,594286.83,445715.12,0.75,0.0,0.0,2,2,638010.7456591084,1.0,acquisition,True,False,False,False,False,False,False,False,False,False,638010.7456591084,0.0,0.0,0.0,0.0,0.0,0.0,0.0,0.0,0.0,BRIDGEWATER TOWN,local
DR-4022-0122-R,HMGP,2011,4022.0,WINDSOR,200.1: Acquisition of Private Real Property (Structures and Land) - Riverine,Closed,Chester (Town of),2023-10-11T00:00:00.000Z,168382.5,126286.87,0.75,0.0,0.0,1,1,180771.02723294398,1.0,acquisition,True,False,False,False,False,False,False,False,False,False,180771.02723294398,0.0,0.0,0.0,0.0,0.0,0.0,0.0,0.0,0.0,CHESTER TOWN,local
DR-4022-0143-R,HMGP,2011,4022.0,WINDSOR,403.1: Stormwater Management - Culverts,Closed,Stockbridge (Town of),2016-03-09T00:00:00.000Z,148064.0,0.0,0.75,1.13,172572.0,0,0,0.0,1.0,stormwater_culverts,False,False,False,False,False,False,True,False,False,False,0.0,0.0,0.0,0.0,0.0,0.0,0.0,0.0,0.0,0.0,STOCKBRIDGE TOWN,local
DR-1816-0004-R,HMGP,2009,1816.0,WINDSOR,402.1: Infrastructure Protective Measures (Roads and Bridges),Closed,Windsor (Town of),2014-03-06T00:00:00.000Z,0.0,0.0,0.75,2.78,154461.0,0,0,0.0,1.0,roads_bridges_protection,False,False,False,False,False,True,False,False,False,False,0.0,0.0,0.0,0.0,0.0,0.0,0.0,0.0,0.0,0.0,WINDSOR TOWN,local
DR-4140-0005-P,HMGP,2013,4140.0,WINDSOR,91.1: Local Multihazard Mitigation Plan,Closed,West Windsor (Town of),2019-02-28T00:00:00.000Z,11945.0,8958.62,0.75,0.0,0.0,0,0,12381.681605826103,0.0,local_mitigation_planning,False,False,False,False,False,False,False,False,True,False,0.0,0.0,0.0,0.0,0.0,0.0,0.0,0.0,12381.681605826103,0.0,WEST WINDSOR TOWN,local
DR-4140-0002-P,HMGP,2013,4140.0,WINDSOR,91.4: Local Multijurisdictional Multihazard Mitigation Plan - NEW ,Closed,Ludlow (Town of),2019-02-28T00:00:00.000Z,13290.0,9967.45,0.75,0.0,0.0,0,0,13775.982497526558,0.0,local_multijurisdictional_mitigation_planning,False,False,False,False,False,False,False,False,True,False,0.0,0.0,0.0,0.0,0.0,0.0,0.0,0.0,13775.982497526558,0.0,LUDLOW TOWN,local
DR-4140-0001-P,HMGP,2013,4140.0,WINDSOR,91.1: Local Multihazard Mitigation Plan,Closed,Andover (Town of),2019-02-28T00:00:00.000Z,10924.0,8192.58,0.75,0.0,0.0,0,0,11322.940038784858,0.0,local_mitigation_planning,False,False,False,False,False,False,False,False,True,False,0.0,0.0,0.0,0.0,0.0,0.0,0.0,0.0,11322.940038784858,0.0,ANDOVER TOWN,local
DR-1101-0014-R,HMGP,1996,1101.0,WINDSOR,302.1: Landslide Stabilization - Structural,Closed,BETHEL (TOWN OF),1999-06-10T00:00:00.000Z,15696.0,11772.0,0.75,1.49,44584.0,0,0,24162.79398917186,1.0,slope_stabilization,False,False,True,False,False,False,False,False,False,False,0.0,0.0,24162.79398917186,0.0,0.0,0.0,0.0,0.0,0.0,0.0,BETHEL TOWN,local
DR-1101-0013-R,HMGP,1996,1101.0,WINDSOR,"301.1: Shoreline Stabilization (Riprap, etc.)",Withdrawn,Royalton (Town of),,0.0,0.0,0.0,1.01,190510.0,0,0,0.0,1.0,shoreline_stabilization,False,False,True,False,False,False,False,False,False,False,0.0,0.0,0.0,0.0,0.0,0.0,0.0,0.0,0.0,0.0,ROYALTON TOWN,local
DR-4120-0004-R,HMGP,2013,4120.0,WINDSOR,200.1: Acquisition of Private Real Property (Structures and Land) - Riverine,Closed,Windsor (Town of),2015-06-02T00:00:00.000Z,143440.0,107580.0,0.75,0.0,0.0,1,1,148685.99261435043,1.0,acquisition,True,False,False,False,False,False,False,False,False,False,148685.99261435043,0.0,0.0,0.0,0.0,0.0,0.0,0.0,0.0,0.0,WINDSOR TOWN,local
DR-4720-0094,HMGP,2023,4720.0,WINDSOR,200.1: Acquisition of Private Real Property (Structures and Land) - Riverine,Pending,Statewide,,321280.0,,0.75,0.0,0.0,1,1,,1.0,acquisition,True,False,False,False,False,False,False,False,False,False,0.0,0.0,0.0,0.0,0.0,0.0,0.0,0.0,0.0,0.0,,statewide
DR-1201-0008-R,HMGP,1998,1201.0,WINDSOR,500.3: Flood Control - Dam,Closed,Windsor (Town of),1999-06-07T00:00:00.000Z,235477.0,176607.0,0.75,3.79,893451.0,0,0,348820.98182394466,1.0,dam,False,False,False,False,True,False,False,False,False,False,0.0,0.0,0.0,0.0,348820.98182394466,0.0,0.0,0.0,0.0,0.0,WINDSOR TOWN,local
PDMC-PL-01-VT-2019-002,BRIC,2019,,WINDSOR,904.2: Advance Assistance (FMA and PDMC),Closed,"Town of Chester, VT",2020-09-17T00:00:00.000Z,74200.0,55650.0,0.75,,,0,0,70084.09618747223,0.0,technical_assistance,False,False,False,False,False,False,False,False,True,False,0.0,0.0,0.0,0.0,0.0,0.0,0.0,0.0,70084.09618747223,0.0,CHESTER TOWN,local
DR-1101-0002-R,HMGP,1996,1101.0,BENNINGTON,403.1: Stormwater Management - Culverts,Closed,RUPERT (TOWN OF),1997-10-30T00:00:00.000Z,2462.0,1847.0,0.75,1.82,4482.0,0,0,3791.0873681617754,1.0,stormwater_culverts,False,False,False,False,False,False,True,False,False,False,0.0,0.0,0.0,0.0,0.0,0.0,3791.0873681617754,0.0,0.0,0.0,RUPERT TOWN,local
DR-1307-0011-R,HMGP,2000,1307.0,BENNINGTON,403.1: Stormwater Management - Culverts,Closed,Rupert (Town of),2005-03-03T00:00:00.000Z,31988.0,23991.0,0.75,1.09,39902.0,0,0,44858.083498039974,1.0,stormwater_culverts,False,False,False,False,False,False,True,False,False,False,0.0,0.0,0.0,0.0,0.0,0.0,44858.083498039974,0.0,0.0,0.0,RUPERT TOWN,local
PDMC-PL-01-VT-2012-001,PDM,2012,,ADDISON; BENNINGTON; CALEDONIA; ESSEX; FRANKLIN; LAMOILLE; ORLEANS; RUTLAND; WASHINGTON; WINDHAM; WINDSOR,91.1: Local Multihazard Mitigation Plan,Closed,Northwest Regional Planning Commission,2012-09-27T00:00:00.000Z,336900.0,252675.0,0.75,,,0,0,354340.8389498585,0.0,local_mitigation_planning,False,False,False,False,False,False,False,False,True,False,0.0,0.0,0.0,0.0,0.0,0.0,0.0,0.0,354340.8389498585,0.0,,regional
DR-4163-0008-R,HMGP,2014,4163.0,WINDSOR,200.1: Acquisition of Private Real Property (Structures and Land) - Riverine,Closed,Andover (Town of),2022-08-17T00:00:00.000Z,142423.4,106817.55,0.75,0.0,0.0,1,1,145285.18396558578,1.0,acquisition,True,False,False,False,False,False,False,False,False,False,145285.18396558578,0.0,0.0,0.0,0.0,0.0,0.0,0.0,0.0,0.0,ANDOVER TOWN,local
DR-4621-0002-R,HMGP,2021,4621.0,WINDSOR,200.1: Acquisition of Private Real Property (Structures and Land) - Riverine,Closed,West Windsor (Town of),2025-09-02T00:00:00.000Z,0.0,0.0,0.9,1.18,323000.0,1,1,0.0,1.0,acquisition,True,False,False,False,False,False,False,False,False,False,0.0,0.0,0.0,0.0,0.0,0.0,0.0,0.0,0.0,0.0,WEST WINDSOR TOWN,local
DR-1428-0004-R,HMGP,2002,1428.0,BENNINGTON,403.1: Stormwater Management - Culverts,Closed,Rupert (Town of),2005-02-07T00:00:00.000Z,40364.0,30273.0,0.75,1.14,52515.0,0,0,54188.766904609474,1.0,stormwater_culverts,False,False,False,False,False,False,True,False,False,False,0.0,0.0,0.0,0.0,0.0,0.0,54188.766904609474,0.0,0.0,0.0,RUPERT TOWN,local
PDMC-PJ-01-VT-2005-002,PDM,2005,,BENNINGTON,403.1: Stormwater Management - Culverts,Not Approved / Denied,Town of Rupert- Highway Department,,25000.0,,0.75,1.3,32595.0,1,1,,1.0,stormwater_culverts,False,False,False,False,False,False,True,False,False,False,0.0,0.0,0.0,0.0,0.0,0.0,0.0,0.0,0.0,0.0,RUPERT TOWN,local
DR-4022-0068-R,HMGP,2011,4022.0,WINDSOR,200.1: Acquisition of Private Real Property (Structures and Land) - Riverine,Closed,Stockbridge (Town of),2024-01-17T00:00:00.000Z,464563.8,348422.85,0.75,0.0,0.0,4,4,498743.5075865761,1.0,acquisition,True,False,False,False,False,False,False,False,False,False,498743.5075865761,0.0,0.0,0.0,0.0,0.0,0.0,0.0,0.0,0.0,STOCKBRIDGE TOWN,local
FMA-PJ-01-VT-2023-007,FMA,2023,,WINDSOR,"202.1: Elevation of Private Structures - Riverine; 
700.1: Management Costs - Salaries",Obligated,Town of Woodstock,2024-09-25T00:00:00.000Z,302917.91,227188.43,0.75,5.8,1697627.0,1,1,240056.77871949523,1.0,"elevation,salaries",False,True,False,False,False,False,False,False,False,True,0.0,120028.38935974761,0.0,0.0,0.0,0.0,0.0,0.0,0.0,120028.38935974761,WOODSTOCK TOWN,local
FMA-PL-01-VT-2010-001,FMA,2010,,ADDISON; ORANGE; RUTLAND; WINDSOR,91.1: Local Multihazard Mitigation Plan,Not Approved / Denied,Vermont Emergency Management,,90808.84,,0.75,,,0,0,,0.0,local_mitigation_planning,False,False,False,False,False,False,False,False,True,False,0.0,0.0,0.0,0.0,0.0,0.0,0.0,0.0,0.0,0.0,,statewide
DR-1307-0004-R,HMGP,2000,1307.0,BENNINGTON,403.1: Stormwater Management - Culverts,Closed,Rupert (Town of),2004-06-08T00:00:00.000Z,3755.0,2816.0,0.75,1.52,12000.0,0,0,5265.322959879978,1.0,stormwater_culverts,False,False,False,False,False,False,True,False,False,False,0.0,0.0,0.0,0.0,0.0,0.0,5265.322959879978,0.0,0.0,0.0,RUPERT TOWN,local
DR-4022-0147-R,HMGP,2011,4022.0,BENNINGTON,601.2: Generators - Regular,Closed,Stamford (Town of),2023-02-09T00:00:00.000Z,47376.0,34280.0,0.72,1.0,46595.0,0,0,49069.47819314327,0.0,generators,False,False,False,True,False,False,False,False,False,False,0.0,0.0,0.0,49069.47819314327,0.0,0.0,0.0,0.0,0.0,0.0,STAMFORD TOWN,local
PDMC-PL-01-VT-2010-001,PDM,2010,,ADDISON; BENNINGTON; CHITTENDEN; FRANKLIN; LAMOILLE; ORANGE; RUTLAND; WASHINGTON; WINDSOR,91.1: Local Multihazard Mitigation Plan,Not Approved / Denied,Chittenden County Regional Planning Commission,,396125.0,,0.75,,,0,0,,0.0,local_mitigation_planning,False,False,False,False,False,False,False,False,True,False,0.0,0.0,0.0,0.0,0.0,0.0,0.0,0.0,0.0,0.0,,regional
DR-4720-0021-R,HMGP,2023,4720.0,WINDSOR,200.1: Acquisition of Private Real Property (Structures and Land) - Riverine,Approved,Chester (Town of),2024-08-27T00:00:00.000Z,622131.0,466598.25,0.75,1.13,720000.0,2,2,493027.18827342446,1.0,acquisition,True,False,False,False,False,False,False,False,False,False,493027.18827342446,0.0,0.0,0.0,0.0,0.0,0.0,0.0,0.0,0.0,CHESTER TOWN,local
DR-4120-0001-P,HMGP,2013,4120.0,WINDSOR,91.1: Local Multihazard Mitigation Plan,Closed,Baltimore (Town of),2021-03-08T00:00:00.000Z,11356.43,8517.32,0.75,0.0,0.0,0,0,11771.762210578723,0.0,local_mitigation_planning,False,False,False,False,False,False,False,False,True,False,0.0,0.0,0.0,0.0,0.0,0.0,0.0,0.0,11771.762210578723,0.0,BALTIMORE TOWN,local
DR-4022-0159-F,HMGP,2011,4022.0,ADDISON; ORANGE; RUTLAND; WINDSOR,"100.1: Public Awareness and Education (Brochures, Workshops, Videos, etc.)",Closed,TWO-RIVERS-OTTAUQUECHEE REGIONAL COMMISSION,2020-06-12T00:00:00.000Z,33520.0,25140.0,0.75,0.0,0.0,0,0,35986.19258388629,0.0,public_awareness,False,False,False,False,False,False,False,False,True,False,0.0,0.0,0.0,0.0,0.0,0.0,0.0,0.0,35986.19258388629,0.0,,regional
DR-0938-0010-R,HMGP,1992,938.0,WINDSOR,106.1: Other Non Construction (Regular Project Only),Withdrawn,SPRINGFIELD (TOWN OF,,,,,0.0,,0,0,,0.0,other_nonconstruction,False,False,False,False,False,False,False,False,True,False,0.0,0.0,0.0,0.0,0.0,0.0,0.0,0.0,0.0,0.0,SPRINGFIELD TOWN,local
FMA-PJ-01-VT-2023-001,FMA,2023,,WINDSOR,200.1: Acquisition of Private Real Property (Structures and Land) - Riverine,Obligated,Vermont Emergency Management,2024-09-25T00:00:00.000Z,921900.0,829710.0,0.9,2.0,2.0,1,1,876706.2207848893,1.0,acquisition,True,False,False,False,False,False,False,False,False,False,876706.2207848893,0.0,0.0,0.0,0.0,0.0,0.0,0.0,0.0,0.0,,statewide
PDMC-PJ-01-VT-2003-001,PDM,2003,,BENNINGTON,403.1: Stormwater Management - Culverts,Not Approved / Denied,Town of Rupert,,23830.0,,0.75,2.04,48581.0,0,0,,1.0,stormwater_culverts,False,False,False,False,False,False,True,False,False,False,0.0,0.0,0.0,0.0,0.0,0.0,0.0,0.0,0.0,0.0,RUPERT TOWN,local
PDMC-PL-01-VT-2007-002,PDM,2007,,ADDISON; BENNINGTON; CALEDONIA; CHITTENDEN; ESSEX; FRANKLIN; GRAND ISLE; LAMOILLE; ORANGE; ORLEANS; RUTLAND; WASHINGTON; WINDHAM; WINDSOR,91.1: Local Multihazard Mitigation Plan,Closed,Northwest Regional Planning Commission,2007-12-18T00:00:00.000Z,626149.6,469612.2,0.75,,,0,0,729209.0386485361,0.0,local_mitigation_planning,False,False,False,False,False,False,False,False,True,False,0.0,0.0,0.0,0.0,0.0,0.0,0.0,0.0,729209.0386485361,0.0,,regional
DR-4720-0010-R,HMGP,2023,4720.0,WINDSOR,200.6: Acquisition of Private Real Property (Structures and Land) - Landslide,Approved,Hartford (Town of),2025-05-27T00:00:00.000Z,478849.0,359136.75,0.75,3.74,2127527.0,0,1,379478.88158208004,1.0,acquisition,True,False,False,False,False,False,False,False,False,False,379478.88158208004,0.0,0.0,0.0,0.0,0.0,0.0,0.0,0.0,0.0,HARTFORD TOWN,local
DR-0938-0007-R,HMGP,1992,938.0,WINDSOR,"301.1: Shoreline Stabilization (Riprap, etc.)",Closed,BETHEL (TOWN OF),1995-06-27T00:00:00.000Z,36174.0,18087.0,0.5,0.0,0.0,0,0,41503.771810136765,1.0,shoreline_stabilization,False,False,True,False,False,False,False,False,False,False,0.0,0.0,41503.771810136765,0.0,0.0,0.0,0.0,0.0,0.0,0.0,BETHEL TOWN,local
DR-4001-0006-R,HMGP,2011,4001.0,WINDSOR,200.1: Acquisition of Private Real Property (Structures and Land) - Riverine,Closed,Chester (Town of),2017-06-21T00:00:00.000Z,87797.0,65848.0,0.75,0.0,0.0,2,2,94256.91365408688,1.0,acquisition,True,False,False,False,False,False,False,False,False,False,94256.91365408688,0.0,0.0,0.0,0.0,0.0,0.0,0.0,0.0,0.0,CHESTER TOWN,local
DR-1101-0010-R,HMGP,1996,1101.0,BENNINGTON,403.1: Stormwater Management - Culverts,Closed,RUPERT (TOWN OF),1997-02-25T00:00:00.000Z,2463.0,1846.0,0.75,8.75,30124.0,0,0,3789.034803262933,1.0,stormwater_culverts,False,False,False,False,False,False,True,False,False,False,0.0,0.0,0.0,0.0,0.0,0.0,3789.034803262933,0.0,0.0,0.0,RUPERT TOWN,local
DR-4445-0005-R,HMGP,2019,4445.0,BENNINGTON,200.1: Acquisition of Private Real Property (Structures and Land) - Riverine,Closed,Dorset (Town of),2025-11-21T00:00:00.000Z,1282024.95,723589.78,0.56,1.3,1031201.0,1,1,911269.28556679,1.0,acquisition,True,False,False,False,False,False,False,False,False,False,911269.28556679,0.0,0.0,0.0,0.0,0.0,0.0,0.0,0.0,0.0,DORSET TOWN,local
DR-4001-0003-R,HMGP,2011,4001.0,WINDSOR,200.1: Acquisition of Private Real Property (Structures and Land) - Riverine,Closed,Rochester (Town of),2016-11-23T00:00:00.000Z,315273.0,236455.0,0.75,0.0,0.0,2,2,338469.1792928732,1.0,acquisition,True,False,False,False,False,False,False,False,False,False,338469.1792928732,0.0,0.0,0.0,0.0,0.0,0.0,0.0,0.0,0.0,ROCHESTER TOWN,local
DR-4022-0020-R,HMGP,2011,4022.0,WINDSOR,200.1: Acquisition of Private Real Property (Structures and Land) - Riverine,Closed,Plymouth (Town of),2017-10-10T00:00:00.000Z,687749.0,515812.0,0.75,0.0,0.0,3,3,738349.640774843,1.0,acquisition,True,False,False,False,False,False,False,False,False,False,738349.640774843,0.0,0.0,0.0,0.0,0.0,0.0,0.0,0.0,0.0,PLYMOUTH TOWN,local
DR-4720-0060-R,HMGP,2023,4720.0,BENNINGTON,200.1: Acquisition of Private Real Property (Structures and Land) - Riverine,Approved,Statewide,2025-02-14T00:00:00.000Z,566459.0,424844.25,0.75,1.0,1.0,1,1,448908.16892611963,1.0,acquisition,True,False,False,False,False,False,False,False,False,False,448908.16892611963,0.0,0.0,0.0,0.0,0.0,0.0,0.0,0.0,0.0,,statewide
DR-4720-0101,HMGP,2023,4720.0,ADDISON; CALEDONIA; CHITTENDEN; ESSEX; ORANGE; ORLEANS; WASHINGTON; WINDSOR,200.1: Acquisition of Private Real Property (Structures and Land) - Riverine,Pending,Statewide,,24208751.0,,0.75,0.0,0.0,2,53,,1.0,acquisition,True,False,False,False,False,False,False,False,False,False,0.0,0.0,0.0,0.0,0.0,0.0,0.0,0.0,0.0,0.0,,statewide
DR-4022-0023-R,HMGP,2011,4022.0,WINDSOR,200.1: Acquisition of Private Real Property (Structures and Land) - Riverine,Closed,Hartford (Town of),2013-11-06T00:00:00.000Z,383123.0,287342.0,0.75,0.0,0.0,2,2,411310.44349399576,1.0,acquisition,True,False,False,False,False,False,False,False,False,False,411310.44349399576,0.0,0.0,0.0,0.0,0.0,0.0,0.0,0.0,0.0,HARTFORD TOWN,local
DR-4022-0052-F,HMGP,2011,4022.0,BENNINGTON,"100.1: Public Awareness and Education (Brochures, Workshops, Videos, etc.)",Closed,Statewide,2015-08-12T00:00:00.000Z,0.0,0.0,0.75,0.0,0.0,0,0,0.0,0.0,public_awareness,False,False,False,False,False,False,False,False,True,False,0.0,0.0,0.0,0.0,0.0,0.0,0.0,0.0,0.0,0.0,,statewide
DR-4140-0006,HMGP,2013,4140.0,WINDSOR,91.3: Local Multihazard Mitigation Plan - UPDATE,Closed,Springfield (Town of),,18280.0,,0.75,0.0,0.0,0,0,,0.0,local_mitigation_planning,False,False,False,False,False,False,False,False,True,False,0.0,0.0,0.0,0.0,0.0,0.0,0.0,0.0,0.0,0.0,SPRINGFIELD TOWN,local
DR-0938-0002-R,HMGP,1992,938.0,WINDSOR,"301.1: Shoreline Stabilization (Riprap, etc.)",Withdrawn,BRIDGEWATER (TOWN OF,,,,,0.0,,0,0,,1.0,shoreline_stabilization,False,False,True,False,False,False,False,False,False,False,0.0,0.0,0.0,0.0,0.0,0.0,0.0,0.0,0.0,0.0,BRIDGEWATER TOWN,local
DR-1101-0007-R,HMGP,1996,1101.0,WINDSOR,402.1: Infrastructure Protective Measures (Roads and Bridges),Withdrawn,HARTLAND (TOWN OF),,,,,,,0,0,,1.0,roads_bridges_protection,False,False,False,False,False,True,False,False,False,False,0.0,0.0,0.0,0.0,0.0,0.0,0.0,0.0,0.0,0.0,HARTLAND TOWN,local
DR-0938-0008-R,HMGP,1992,938.0,WINDSOR,403.2: Stormwater Management - Diversions,Withdrawn,LUDLOW (TOWN OF),,0.0,0.0,0.0,0.0,,0,0,0.0,1.0,stormwater_diversions,False,False,False,False,False,False,True,False,False,False,0.0,0.0,0.0,0.0,0.0,0.0,0.0,0.0,0.0,0.0,LUDLOW TOWN,local
DR-0938-0004-R,HMGP,1992,938.0,WINDSOR,402.1: Infrastructure Protective Measures (Roads and Bridges),Withdrawn,STOCKBRIDGE (TOWN OF,,,,,0.0,,0,0,,1.0,roads_bridges_protection,False,False,False,False,False,True,False,False,False,False,0.0,0.0,0.0,0.0,0.0,0.0,0.0,0.0,0.0,0.0,STOCKBRIDGE TOWN,local
DR-4022-0034-R,HMGP,2011,4022.0,WINDSOR,403.1: Stormwater Management - Culverts,Closed,Weathersfield (Town of),2016-05-10T00:00:00.000Z,0.0,0.0,0.75,1.02,122882.0,0,0,0.0,1.0,stormwater_culverts,False,False,False,False,False,False,True,False,False,False,0.0,0.0,0.0,0.0,0.0,0.0,0.0,0.0,0.0,0.0,WEATHERSFIELD TOWN,local
DR-4720-0098,HMGP,2023,4720.0,BENNINGTON,303.2: Floodplain and Stream Restoration,Pending,Manchester (Town of),,1338697.5,,0.75,9.38,12845712.0,0,0,,1.0,floodplain_restoration,False,False,True,False,False,False,False,False,False,False,0.0,0.0,0.0,0.0,0.0,0.0,0.0,0.0,0.0,0.0,MANCHESTER TOWN,local
DR-4022-0044-P,HMGP,2011,4022.0,ORANGE; WINDSOR,91.1: Local Multihazard Mitigation Plan,Closed,TWO-RIVERS-OTTAUQUECHEE REGIONAL COMMISSION,2015-08-26T00:00:00.000Z,130000.0,97500.0,0.75,0.0,0.0,0,0,139564.5893766473,0.0,local_mitigation_planning,False,False,False,False,False,False,False,False,True,False,0.0,0.0,0.0,0.0,0.0,0.0,0.0,0.0,139564.5893766473,0.0,,regional
DR-4022-0028-P,HMGP,2011,4022.0,WINDSOR,91.1: Local Multihazard Mitigation Plan,Closed,SOUTHERN WINDSOR COUNTY REG. PLAN. COMMIS.,2015-08-12T00:00:00.000Z,0.0,0.0,0.75,0.0,0.0,0,0,0.0,0.0,local_mitigation_planning,False,False,False,False,False,False,False,False,True,False,0.0,0.0,0.0,0.0,0.0,0.0,0.0,0.0,0.0,0.0,,regional
DR-4532-0016-R,HMGP,2020,4532.0,WINDSOR,402.1: Infrastructure Protective Measures (Roads and Bridges),Approved,Springfield (Town of),2025-12-18T00:00:00.000Z,518225.0,466402.5,0.9,1.92,965538.0,0,0,580106.253404735,1.0,roads_bridges_protection,False,False,False,False,False,True,False,False,False,False,0.0,0.0,0.0,0.0,0.0,580106.253404735,0.0,0.0,0.0,0.0,SPRINGFIELD TOWN,local
DR-4532-0017-R,HMGP,2020,4532.0,WINDSOR,601.1: Generators,Approved,Chester (Town of),2025-12-11T00:00:00.000Z,242095.0,90000.0,0.9,3.52,887176.0,0,0,111941.0011876569,0.0,generators,False,False,False,True,False,False,False,False,False,False,0.0,0.0,0.0,111941.0011876569,0.0,0.0,0.0,0.0,0.0,0.0,CHESTER TOWN,local
DR-4720-0026-R,HMGP,2023,4720.0,WINDSOR,200.1: Acquisition of Private Real Property (Structures and Land) - Riverine,Approved,Weston (Town of),2026-01-06T00:00:00.000Z,618158.91,463619.18,0.75,0.0,0.0,0,2,489879.37855538604,1.0,acquisition,True,False,False,False,False,False,False,False,False,False,489879.37855538604,0.0,0.0,0.0,0.0,0.0,0.0,0.0,0.0,0.0,WESTON TOWN,local
DR-4022-0133-R,HMGP,2011,4022.0,WINDSOR,601.2: Generators - Regular,Closed,Norwich (Town of),2015-12-17T00:00:00.000Z,0.0,0.0,0.75,1.13,82124.0,0,0,0.0,0.0,generators,False,False,False,True,False,False,False,False,False,False,0.0,0.0,0.0,0.0,0.0,0.0,0.0,0.0,0.0,0.0,NORWICH TOWN,local
DR-1307-0008-R,HMGP,2000,1307.0,WINDSOR,"301.1: Shoreline Stabilization (Riprap, etc.)",Closed,Moretown (Town of),2001-09-14T00:00:00.000Z,14192.0,0.0,0.75,,,0,0,0.0,1.0,shoreline_stabilization,False,False,True,False,False,False,False,False,False,False,0.0,0.0,0.0,0.0,0.0,0.0,0.0,0.0,0.0,0.0,MORETOWN TOWN,local
DR-1307-0013-R,HMGP,2000,1307.0,BENNINGTON,403.1: Stormwater Management - Culverts,Closed,Rupert (Town of),2004-06-07T00:00:00.000Z,3387.0,2540.0,0.75,1.43,11266.0,0,0,4749.261476596287,1.0,stormwater_culverts,False,False,False,False,False,False,True,False,False,False,0.0,0.0,0.0,0.0,0.0,0.0,4749.261476596287,0.0,0.0,0.0,RUPERT TOWN,local
PDMC-PL-01-VT-2018-001,PDM,2018,,WINDSOR,904.2: Advance Assistance (FMA and PDMC),Not Approved / Denied,"Town of Weathersfield, Vermont",,30000.0,,0.75,,,0,0,,0.0,technical_assistance,False,False,False,False,False,False,False,False,True,False,0.0,0.0,0.0,0.0,0.0,0.0,0.0,0.0,0.0,0.0,WEATHERSFIELD TOWN,local
FMA-PL-01-VT-2018-001,FMA,2018,,WINDSOR,904.2: Advance Assistance (FMA and PDMC),Not Approved / Denied,"Town of Springfield, Vermont",,36144.0,,0.75,,,0,0,,0.0,technical_assistance,False,False,False,False,False,False,False,False,True,False,0.0,0.0,0.0,0.0,0.0,0.0,0.0,0.0,0.0,0.0,SPRINGFIELD TOWN,local
PDMC-PJ-01-VT-2007-003,PDM,2007,,BENNINGTON,403.1: Stormwater Management - Culverts,Not Approved / Denied,Town of Rupert- Highway Department,,28000.0,,0.75,1.3,32595.0,1,1,,1.0,stormwater_culverts,False,False,False,False,False,False,True,False,False,False,0.0,0.0,0.0,0.0,0.0,0.0,0.0,0.0,0.0,0.0,RUPERT TOWN,local
DR-1307-0005-R,HMGP,2000,1307.0,BENNINGTON,403.1: Stormwater Management - Culverts,Closed,Rupert (Town of),2004-04-22T00:00:00.000Z,3301.0,2476.0,0.75,1.02,8000.0,0,0,4629.5950456899245,1.0,stormwater_culverts,False,False,False,False,False,False,True,False,False,False,0.0,0.0,0.0,0.0,0.0,0.0,4629.5950456899245,0.0,0.0,0.0,RUPERT TOWN,local
DR-1358-0003-R,HMGP,2001,1358.0,BENNINGTON,402.1: Infrastructure Protective Measures (Roads and Bridges),Closed,Rupert (Town of),2005-02-07T00:00:00.000Z,40273.0,30205.0,0.75,1.29,58323.0,0,0,54929.77809794819,1.0,roads_bridges_protection,False,False,False,False,False,True,False,False,False,False,0.0,0.0,0.0,0.0,0.0,54929.77809794819,0.0,0.0,0.0,0.0,RUPERT TOWN,local
DR-1488-0003-F,HMGP,2003,1488.0,WINDSOR,"103.1: Feasibility, Engineering and Design Studies",Closed,Rochester (Town of),2006-11-30T00:00:00.000Z,5700.0,3473.0,0.61,0.0,0.0,0,0,6077.031034090909,0.0,feasibility_study,False,False,False,False,False,False,False,False,True,False,0.0,0.0,0.0,0.0,0.0,0.0,0.0,0.0,6077.031034090909,0.0,ROCHESTER TOWN,local
PDMC-PL-01-VT-2006-001,PDM,2006,,BENNINGTON; WINDHAM; WINDSOR,"91.1: Local Multihazard Mitigation Plan; 
92.1: State Multihazard Mitigation Plan",Not Approved / Denied,VT Department of Environmental Conservation,,328000.0,,0.75,,,0,0,,0.0,"local_mitigation_planning,state_mitigation_planning",False,False,False,False,False,False,False,False,True,False,0.0,0.0,0.0,0.0,0.0,0.0,0.0,0.0,0.0,0.0,,statewide
FMA-PJ-01-VT-2006-001,FMA,2006,,BENNINGTON,403.1: Stormwater Management - Culverts,Pending,Town of Rupert,,30500.0,,0.75,1.12,32595.0,1,1,,1.0,stormwater_culverts,False,False,False,False,False,False,True,False,False,False,0.0,0.0,0.0,0.0,0.0,0.0,0.0,0.0,0.0,0.0,RUPERT TOWN,local
DR-4356-0004-R,HMGP,2018,4356.0,WINDSOR,200.1: Acquisition of Private Real Property (Structures and Land) - Riverine,Closed,Weathersfield (Town of),2022-01-31T00:00:00.000Z,0.0,0.0,0.75,0.0,0.0,1,1,0.0,1.0,acquisition,True,False,False,False,False,False,False,False,False,False,0.0,0.0,0.0,0.0,0.0,0.0,0.0,0.0,0.0,0.0,WEATHERSFIELD TOWN,local
DR-1358-0001-F,HMGP,2001,1358.0,WINDSOR,"103.1: Feasibility, Engineering and Design Studies",Closed,"WHITE RIVER VALLEY AMBULANCE, INC.",2007-12-06T00:00:00.000Z,4667.0,3500.0,0.75,0.0,0.0,0,0,6364.980080874645,0.0,feasibility_study,False,False,False,False,False,False,False,False,True,False,0.0,0.0,0.0,0.0,0.0,0.0,0.0,0.0,6364.980080874645,0.0,,unknown
DR-1336-0015-R,HMGP,2000,1336.0,WINDSOR,405.1: Other Minor Flood Control,Closed,Rochester (Town of),2006-10-24T00:00:00.000Z,24120.0,18090.0,0.75,1.42,35596.0,0,0,33824.464610876705,1.0,minor_flood_control,False,False,False,False,True,False,False,False,False,False,0.0,0.0,0.0,0.0,33824.464610876705,0.0,0.0,0.0,0.0,0.0,ROCHESTER TOWN,local
DR-4022-0043-R,HMGP,2011,4022.0,WINDSOR,402.1: Infrastructure Protective Measures (Roads and Bridges),Closed,Chester (Town of),2019-08-08T00:00:00.000Z,181535.0,136151.75,0.75,1.05,234309.0,0,0,194891.92904268653,1.0,roads_bridges_protection,False,False,False,False,False,True,False,False,False,False,0.0,0.0,0.0,0.0,0.0,194891.92904268653,0.0,0.0,0.0,0.0,CHESTER TOWN,local
DR-1307-0014-R,HMGP,2000,1307.0,WINDSOR,"301.1: Shoreline Stabilization (Riprap, etc.)",Closed,Cavendish (Town of),2006-10-25T00:00:00.000Z,0.0,0.0,0.75,3.94,55841.0,0,0,0.0,1.0,shoreline_stabilization,False,False,True,False,False,False,False,False,False,False,0.0,0.0,0.0,0.0,0.0,0.0,0.0,0.0,0.0,0.0,CAVENDISH TOWN,local
DR-1488-0002-R,HMGP,2003,1488.0,WINDSOR,403.1: Stormwater Management - Culverts,Closed,Norwich (Town of),2006-10-05T00:00:00.000Z,71973.0,31860.0,0.44,2.81,215393.0,0,0,55748.40447628458,1.0,stormwater_culverts,False,False,False,False,False,False,True,False,False,False,0.0,0.0,0.0,0.0,0.0,0.0,55748.40447628458,0.0,0.0,0.0,NORWICH TOWN,local
DR-1336-0011-R,HMGP,2000,1336.0,BENNINGTON,403.1: Stormwater Management - Culverts,Closed,Sandgate (Town of),2007-01-08T00:00:00.000Z,21037.0,15778.0,0.75,1.78,37357.0,0,0,29501.51479438434,1.0,stormwater_culverts,False,False,False,False,False,False,True,False,False,False,0.0,0.0,0.0,0.0,0.0,0.0,29501.51479438434,0.0,0.0,0.0,SANDGATE TOWN,local
DR-4532-0007-R,HMGP,2020,4532.0,WINDSOR,200.1: Acquisition of Private Real Property (Structures and Land) - Riverine,Approved,Ludlow (Town of),2024-01-22T00:00:00.000Z,1960508.0,1764457.2,0.9,1.19,2328383.0,1,1,2194612.2835641084,1.0,acquisition,True,False,False,False,False,False,False,False,False,False,2194612.2835641084,0.0,0.0,0.0,0.0,0.0,0.0,0.0,0.0,0.0,LUDLOW TOWN,local
DR-4022-0018-R,HMGP,2011,4022.0,WINDSOR,200.1: Acquisition of Private Real Property (Structures and Land) - Riverine,Closed,Hartford (Town of),2012-09-11T00:00:00.000Z,712847.0,534635.0,0.75,0.0,0.0,1,1,765293.4793988084,1.0,acquisition,True,False,False,False,False,False,False,False,False,False,765293.4793988084,0.0,0.0,0.0,0.0,0.0,0.0,0.0,0.0,0.0,HARTFORD TOWN,local
DR-4720-0022-R,HMGP,2023,4720.0,CALEDONIA,200.1: Acquisition of Private Real Property (Structures and Land) - Riverine,Approved,Statewide,2024-08-03T00:00:00.000Z,756500.0,567375.0,0.75,0.0,0.0,3,3,599512.1090716354,1.0,acquisition,True,False,False,False,False,False,False,False,False,False,599512.1090716354,0.0,0.0,0.0,0.0,0.0,0.0,0.0,0.0,0.0,,statewide
DR-4720-0051-R,HMGP,2023,4720.0,WINDHAM,200.1: Acquisition of Private Real Property (Structures and Land) - Riverine,Approved,Statewide,2024-12-03T00:00:00.000Z,289035.0,216776.25,0.75,0.0,0.0,1,1,229054.83469335115,1.0,acquisition,True,False,False,False,False,False,False,False,False,False,229054.83469335115,0.0,0.0,0.0,0.0,0.0,0.0,0.0,0.0,0.0,,statewide
DR-4022-0045-R,HMGP,2011,4022.0,BENNINGTON,200.1: Acquisition of Private Real Property (Structures and Land) - Riverine,Closed,Woodford (Town of),2013-04-24T00:00:00.000Z,474800.0,356100.0,0.75,0.0,0.0,2,2,509732.82335409336,1.0,acquisition,True,False,False,False,False,False,False,False,False,False,509732.82335409336,0.0,0.0,0.0,0.0,0.0,0.0,0.0,0.0,0.0,WOODFORD TOWN,local
DR-4022-0033-R,HMGP,2011,4022.0,WINDHAM,200.1: Acquisition of Private Real Property (Structures and Land) - Riverine,Closed,Newfane (Town of),2016-11-28T00:00:00.000Z,97599.0,73199.0,0.75,0.0,0.0,1,1,104779.36797724314,1.0,acquisition,True,False,False,False,False,False,False,False,False,False,104779.36797724314,0.0,0.0,0.0,0.0,0.0,0.0,0.0,0.0,0.0,NEWFANE TOWN,local
DR-4720-0044-R,HMGP,2023,4720.0,WINDHAM,200.1: Acquisition of Private Real Property (Structures and Land) - Riverine,Approved,Statewide,2024-12-05T00:00:00.000Z,359800.0,269850.0,0.75,0.0,0.0,1,1,285134.7744137137,1.0,acquisition,True,False,False,False,False,False,False,False,False,False,285134.7744137137,0.0,0.0,0.0,0.0,0.0,0.0,0.0,0.0,0.0,,statewide
DR-4445-0001-R,HMGP,2019,4445.0,BENNINGTON,904.1: Advanced Assistance,Closed,Dorset (Town of),2024-04-01T00:00:00.000Z,61206.79,45905.09,0.75,1.0,69500.0,0,0,57811.62161823125,0.0,technical_assistance,False,False,False,False,False,False,False,False,True,False,0.0,0.0,0.0,0.0,0.0,0.0,0.0,0.0,57811.62161823125,0.0,DORSET TOWN,local
DR-4022-0015-R,HMGP,2011,4022.0,WINDSOR,200.1: Acquisition of Private Real Property (Structures and Land) - Riverine,Closed,Stockbridge (Town of),2024-01-03T00:00:00.000Z,1062648.77,796986.58,0.75,0.0,0.0,12,12,1140831.843860497,1.0,acquisition,True,False,False,False,False,False,False,False,False,False,1140831.843860497,0.0,0.0,0.0,0.0,0.0,0.0,0.0,0.0,0.0,STOCKBRIDGE TOWN,local
DR-4720-0037-R,HMGP,2023,4720.0,CALEDONIA,200.1: Acquisition of Private Real Property (Structures and Land) - Riverine,Approved,Statewide,2024-10-01T00:00:00.000Z,226100.0,169575.0,0.75,0.0,0.0,1,1,179180.02361017416,1.0,acquisition,True,False,False,False,False,False,False,False,False,False,179180.02361017416,0.0,0.0,0.0,0.0,0.0,0.0,0.0,0.0,0.0,,statewide
DR-4022-0030-R,HMGP,2011,4022.0,WINDHAM,"103.1: Feasibility, Engineering and Design Studies; 
200.1: Acquisition of Private Real Property (Structures and Land) - Riverine",Closed,Londonderry (Town of),2024-09-23T00:00:00.000Z,467449.84,350587.38,0.75,0.0,0.0,4,5,501841.88441368827,1.0,"acquisition,feasibility_study",True,False,False,False,False,False,False,False,True,False,250920.94220684413,0.0,0.0,0.0,0.0,0.0,0.0,0.0,250920.94220684413,0.0,LONDONDERRY TOWN,local
DR-4720-0048-R,HMGP,2023,4720.0,CALEDONIA,200.1: Acquisition of Private Real Property (Structures and Land) - Riverine,Approved,Statewide,2024-12-09T00:00:00.000Z,1476270.0,1107202.5,0.75,0.0,0.0,5,5,1169916.379721326,1.0,acquisition,True,False,False,False,False,False,False,False,False,False,1169916.379721326,0.0,0.0,0.0,0.0,0.0,0.0,0.0,0.0,0.0,,statewide
DR-4022-0037-R,HMGP,2011,4022.0,WINDHAM,403.1: Stormwater Management - Culverts,Closed,Newfane (Town of),2016-05-10T00:00:00.000Z,0.0,0.0,0.75,1.03,92700.0,0,0,0.0,1.0,stormwater_culverts,False,False,False,False,False,False,True,False,False,False,0.0,0.0,0.0,0.0,0.0,0.0,0.0,0.0,0.0,0.0,NEWFANE TOWN,local
PDMC-PJ-01-VT-2017-001,PDM,2017,,WINDHAM,200.1: Acquisition of Private Real Property (Structures and Land) - Riverine,Closed,Town of Wardsboro,2018-09-21T00:00:00.000Z,78100.0,58575.0,0.75,1.0,78100.0,1,1,76937.18133085292,1.0,acquisition,True,False,False,False,False,False,False,False,False,False,76937.18133085292,0.0,0.0,0.0,0.0,0.0,0.0,0.0,0.0,0.0,WARDSBORO TOWN,local
DR-4720-0086-R,HMGP,2023,4720.0,CALEDONIA,200.1: Acquisition of Private Real Property (Structures and Land) - Riverine,Approved,Statewide,2025-04-21T00:00:00.000Z,225900.0,169425.0,0.75,0.0,0.0,1,1,179021.52734868796,1.0,acquisition,True,False,False,False,False,False,False,False,False,False,179021.52734868796,0.0,0.0,0.0,0.0,0.0,0.0,0.0,0.0,0.0,,statewide
DR-4022-0119-R,HMGP,2011,4022.0,WINDHAM,200.1: Acquisition of Private Real Property (Structures and Land) - Riverine,Closed,Newfane (Town of),2018-04-05T00:00:00.000Z,92139.0,69104.0,0.75,0.0,0.0,1,1,98917.65522342395,1.0,acquisition,True,False,False,False,False,False,False,False,False,False,98917.65522342395,0.0,0.0,0.0,0.0,0.0,0.0,0.0,0.0,0.0,NEWFANE TOWN,local
DR-1995-0005-R,HMGP,2011,1995.0,WINDHAM,201.1: Relocation of Private Structures - Riverine,Closed,Grafton (Town of),2016-01-28T00:00:00.000Z,216739.0,162553.0,0.75,0.0,0.0,1,1,232683.5148404323,1.0,relocation,True,False,False,False,False,False,False,False,False,False,232683.5148404323,0.0,0.0,0.0,0.0,0.0,0.0,0.0,0.0,0.0,GRAFTON TOWN,local
DR-9005-0012-R,PDM,2000,9005.0,WINDHAM,90.4: Mitigation Plan - Local Multihazard Mitigation Plan,Closed,,2002-08-12T00:00:00.000Z,21800.0,13700.0,0.63,0.0,0.0,0,0,25616.09536589336,0.0,local_mitigation_planning,False,False,False,False,False,False,False,False,True,False,0.0,0.0,0.0,0.0,0.0,0.0,0.0,0.0,25616.09536589336,0.0,,unknown
DR-4022-0129-R,HMGP,2011,4022.0,WINDHAM,204.1: Dry Floodproofing Private Structures - Riverine (Commercial),Closed,Wilmington (Town of),2023-02-02T00:00:00.000Z,0.0,0.0,0.75,1.2,172523.0,1,1,0.0,1.0,dry_floodproofing,False,False,False,False,False,False,False,False,False,True,0.0,0.0,0.0,0.0,0.0,0.0,0.0,0.0,0.0,0.0,WILMINGTON TOWN,local
DR-4022-0139-R,HMGP,2011,4022.0,WINDHAM,601.2: Generators - Regular,Closed,Dover (Town of),2023-10-31T00:00:00.000Z,72247.84,46725.0,0.65,1.06,66794.0,0,0,66883.64552434713,0.0,generators,False,False,False,True,False,False,False,False,False,False,0.0,0.0,0.0,66883.64552434713,0.0,0.0,0.0,0.0,0.0,0.0,DOVER TOWN,local
DR-4532-0018,HMGP,2020,4532.0,WINDHAM,403.1: Stormwater Management - Culverts,Pending,Rockingham (Town of),,899495.0,,0.9,1.07,328951.0,0,0,,1.0,stormwater_culverts,False,False,False,False,False,False,True,False,False,False,0.0,0.0,0.0,0.0,0.0,0.0,0.0,0.0,0.0,0.0,ROCKINGHAM TOWN,local
DR-4022-0090-P,HMGP,2011,4022.0,CALEDONIA,91.1: Local Multihazard Mitigation Plan,Closed,Waterford (Town of),2023-01-17T00:00:00.000Z,13472.33,10104.25,0.75,0.0,0.0,0,0,14463.54361239988,0.0,local_mitigation_planning,False,False,False,False,False,False,False,False,True,False,0.0,0.0,0.0,0.0,0.0,0.0,0.0,0.0,14463.54361239988,0.0,WATERFORD TOWN,local
DR-4022-0083-R,HMGP,2011,4022.0,WINDHAM,200.1: Acquisition of Private Real Property (Structures and Land) - Riverine,Closed,Grafton (Town of),2023-10-31T00:00:00.000Z,90391.93,67793.95,0.75,0.0,0.0,1,1,97042.40814329188,1.0,acquisition,True,False,False,False,False,False,False,False,False,False,97042.40814329188,0.0,0.0,0.0,0.0,0.0,0.0,0.0,0.0,0.0,GRAFTON TOWN,local
DR-4022-0007-R,HMGP,2011,4022.0,WINDHAM,403.1: Stormwater Management - Culverts,Closed,Brattleboro (Town of),2023-11-06T00:00:00.000Z,24226.0,18169.5,0.75,1.69,87372.0,0,0,26008.398017220443,1.0,stormwater_culverts,False,False,False,False,False,False,True,False,False,False,0.0,0.0,0.0,0.0,0.0,0.0,26008.398017220443,0.0,0.0,0.0,BRATTLEBORO TOWN,local
DR-4022-0135-R,HMGP,2011,4022.0,WINDHAM,601.2: Generators - Regular,Closed,Londonderry (Town of),2022-12-01T00:00:00.000Z,26485.0,19863.75,0.75,1.13,37855.0,0,0,28433.6011510808,0.0,generators,False,False,False,True,False,False,False,False,False,False,0.0,0.0,0.0,28433.6011510808,0.0,0.0,0.0,0.0,0.0,0.0,LONDONDERRY TOWN,local
DR-4621-0003-R,HMGP,2021,4621.0,WINDHAM,200.1: Acquisition of Private Real Property (Structures and Land) - Riverine,Approved,Newfane (Town of),2024-01-29T00:00:00.000Z,306900.0,276210.0,0.9,0.0,0.0,0,1,328183.84919061867,1.0,acquisition,True,False,False,False,False,False,False,False,False,False,328183.84919061867,0.0,0.0,0.0,0.0,0.0,0.0,0.0,0.0,0.0,NEWFANE TOWN,local
DR-1184-0023-R,HMGP,1997,1184.0,WINDHAM,200.1: Acquisition of Private Real Property (Structures and Land) - Riverine,Closed,NEWFANE (TOWN OF),2001-06-25T00:00:00.000Z,80800.0,60600.0,0.75,1.21,98000.0,1,1,121544.25597825319,1.0,acquisition,True,False,False,False,False,False,False,False,False,False,121544.25597825319,0.0,0.0,0.0,0.0,0.0,0.0,0.0,0.0,0.0,NEWFANE TOWN,local
DR-4022-0027-R,HMGP,2011,4022.0,WINDHAM,200.1: Acquisition of Private Real Property (Structures and Land) - Riverine,Closed,Barre,2023-11-06T00:00:00.000Z,385534.37,289151.0,0.75,0.0,0.0,2,2,413899.9034138148,1.0,acquisition,True,False,False,False,False,False,False,False,False,False,413899.9034138148,0.0,0.0,0.0,0.0,0.0,0.0,0.0,0.0,0.0,BARRE CITY,local
DR-4022-0031-R,HMGP,2011,4022.0,WINDHAM,200.1: Acquisition of Private Real Property (Structures and Land) - Riverine,Closed,Wilmington (Town of),2023-11-08T00:00:00.000Z,227686.3,170764.72,0.75,0.0,0.0,2,2,244438.0310442887,1.0,acquisition,True,False,False,False,False,False,False,False,False,False,244438.0310442887,0.0,0.0,0.0,0.0,0.0,0.0,0.0,0.0,0.0,WILMINGTON TOWN,local
DR-4022-0041-R,HMGP,2011,4022.0,CALEDONIA,200.1: Acquisition of Private Real Property (Structures and Land) - Riverine,Closed,Ryegate (Town of),2013-03-22T00:00:00.000Z,106550.0,79913.0,0.75,0.0,0.0,1,1,114390.00031647195,1.0,acquisition,True,False,False,False,False,False,False,False,False,False,114390.00031647195,0.0,0.0,0.0,0.0,0.0,0.0,0.0,0.0,0.0,RYEGATE TOWN,local
DR-4022-0026-R,HMGP,2011,4022.0,WINDHAM,200.1: Acquisition of Private Real Property (Structures and Land) - Riverine,Closed,Wardsboro (Town of),2023-11-16T00:00:00.000Z,304011.97,228009.0,0.75,0.0,0.0,3,3,326379.30727364076,1.0,acquisition,True,False,False,False,False,False,False,False,False,False,326379.30727364076,0.0,0.0,0.0,0.0,0.0,0.0,0.0,0.0,0.0,WARDSBORO TOWN,local
DR-1995-0003-R,HMGP,2011,1995.0,WINDHAM,200.1: Acquisition of Private Real Property (Structures and Land) - Riverine,Closed,Guilford (Town of),2014-02-03T00:00:00.000Z,0.0,0.0,0.75,0.0,0.0,0,1,0.0,1.0,acquisition,True,False,False,False,False,False,False,False,False,False,0.0,0.0,0.0,0.0,0.0,0.0,0.0,0.0,0.0,0.0,GUILFORD TOWN,local
DR-4066-0002-R,HMGP,2012,4066.0,CALEDONIA,200.1: Acquisition of Private Real Property (Structures and Land) - Riverine,Closed,St. Johnsbury,2018-11-06T00:00:00.000Z,104134.0,78099.91,0.75,0.0,0.0,1,1,109524.04326232689,1.0,acquisition,True,False,False,False,False,False,False,False,False,False,109524.04326232689,0.0,0.0,0.0,0.0,0.0,0.0,0.0,0.0,0.0,ST. JOHNSBURY TOWN,local
DR-4022-0019-R,HMGP,2011,4022.0,WINDHAM,200.1: Acquisition of Private Real Property (Structures and Land) - Riverine,Closed,Brattleboro (Town of),2017-12-28T00:00:00.000Z,228309.0,171232.0,0.75,0.0,0.0,1,1,245106.91044248277,1.0,acquisition,True,False,False,False,False,False,False,False,False,False,245106.91044248277,0.0,0.0,0.0,0.0,0.0,0.0,0.0,0.0,0.0,BRATTLEBORO TOWN,local
DR-4022-0084-R,HMGP,2011,4022.0,WINDHAM,200.1: Acquisition of Private Real Property (Structures and Land) - Riverine,Closed,Grafton (Town of),2014-09-09T00:00:00.000Z,457287.0,286663.66,0.75,0.0,0.0,1,1,410339.4461241726,1.0,acquisition,True,False,False,False,False,False,False,False,False,False,410339.4461241726,0.0,0.0,0.0,0.0,0.0,0.0,0.0,0.0,0.0,GRAFTON TOWN,local
DR-1124-0004-R,HMGP,1996,1124.0,WINDHAM,403.1: Stormwater Management - Culverts,Closed,ROCKINGHAM (TOWN OF),1998-03-16T00:00:00.000Z,0.0,0.0,0.0,1.02,31229.0,0,0,0.0,1.0,stormwater_culverts,False,False,False,False,False,False,True,False,False,False,0.0,0.0,0.0,0.0,0.0,0.0,0.0,0.0,0.0,0.0,ROCKINGHAM TOWN,local
DR-1124-0002-R,HMGP,1996,1124.0,WINDHAM,202.3: Elevation of Public Structures - Riverine,Closed,BRATTLEBORO(TOWN OF),1998-02-09T00:00:00.000Z,48212.0,36159.0,0.75,1.55,74975.0,1,1,74218.69417723965,1.0,elevation,False,False,False,False,False,False,False,False,False,True,0.0,0.0,0.0,0.0,0.0,0.0,0.0,0.0,0.0,74218.69417723965,BRATTLEBORO TOWN,local
DR-4762-0003-R,HMGP,2024,4762.0,CALEDONIA,200.1: Acquisition of Private Real Property (Structures and Land) - Riverine,Approved,Statewide,2026-01-09T00:00:00.000Z,251100.0,,0.75,2.5,627403.0,1,1,,1.0,acquisition,True,False,False,False,False,False,False,False,False,False,0.0,0.0,0.0,0.0,0.0,0.0,0.0,0.0,0.0,0.0,,statewide
DR-1124-0003-R,HMGP,1996,1124.0,WINDHAM,403.1: Stormwater Management - Culverts,Closed,ROCKINGHAM (TOWN OF),1998-05-11T00:00:00.000Z,65200.0,48900.0,0.75,1.2,57395.0,0,0,100370.42355338973,1.0,stormwater_culverts,False,False,False,False,False,False,True,False,False,False,0.0,0.0,0.0,0.0,0.0,0.0,100370.42355338973,0.0,0.0,0.0,ROCKINGHAM TOWN,local
DR-4163-0004-P,HMGP,2014,4163.0,CALEDONIA,91.1: Local Multihazard Mitigation Plan,Closed,Statewide,2019-08-22T00:00:00.000Z,9749.0,7312.54,0.75,0.0,0.0,0,0,9945.96598738414,0.0,local_mitigation_planning,False,False,False,False,False,False,False,False,True,False,0.0,0.0,0.0,0.0,0.0,0.0,0.0,0.0,9945.96598738414,0.0,,statewide
DR-4178-0002-R,HMGP,2014,4178.0,WINDHAM,403.1: Stormwater Management - Culverts,Closed,Jamaica (Town of),2018-10-23T00:00:00.000Z,275857.0,206892.37,0.75,2.1,592941.0,0,0,281399.41457678104,1.0,stormwater_culverts,False,False,False,False,False,False,True,False,False,False,0.0,0.0,0.0,0.0,0.0,0.0,281399.41457678104,0.0,0.0,0.0,JAMAICA TOWN,local
DR-0840-0008-R,HMGP,1989,840.0,CALEDONIA,403.1: Stormwater Management - Culverts,Withdrawn,SHEFFIELD (TOWN OF),,,,,0.0,,0,0,,1.0,stormwater_culverts,False,False,False,False,False,False,True,False,False,False,0.0,0.0,0.0,0.0,0.0,0.0,0.0,0.0,0.0,0.0,SHEFFIELD TOWN,local
PDMC-PJ-01-VT-2018-002,PDM,2018,,WINDHAM,"300.6: Vegetation Management - Erosion; 
303.2: Floodplain and Stream Restoration; 
402.1: Infrastructure Protective Measures (Roads and Bridges)",Obligated,Vermont Agency of Transportation,2022-09-22T00:00:00.000Z,4785067.48,3588800.49,0.75,1.14,5180998.0,0,0,4601590.4336997485,1.0,"erosion_control,floodplain_restoration,roads_bridges_protection",False,False,True,False,False,True,False,False,False,False,0.0,0.0,3067726.9557998325,0.0,0.0,1533863.4778999162,0.0,0.0,0.0,0.0,,statewide
DR-4720-0095,HMGP,2023,4720.0,CALEDONIA,200.1: Acquisition of Private Real Property (Structures and Land) - Riverine,Closed,Statewide,,228260.0,,0.75,0.0,0.0,0,1,,1.0,acquisition,True,False,False,False,False,False,False,False,False,False,0.0,0.0,0.0,0.0,0.0,0.0,0.0,0.0,0.0,0.0,,statewide
DR-1559-0001-R,HMGP,2004,1559.0,WINDHAM,"403.1: Stormwater Management - Culverts; 
403.4: Stormwater Management - Detention/Retention Basins",Closed,Grafton (Town of),2005-12-20T00:00:00.000Z,27746.0,20810.0,0.75,14.89,423578.0,0,0,35467.08189076793,1.0,"detention_retention,stormwater_culverts",False,False,False,False,False,False,True,False,False,False,0.0,0.0,0.0,0.0,0.0,0.0,35467.08189076793,0.0,0.0,0.0,GRAFTON TOWN,local
DR-4532-0012-R,HMGP,2020,4532.0,WINDHAM,200.1: Acquisition of Private Real Property (Structures and Land) - Riverine,Approved,Whitingham (Town of),2024-04-03T00:00:00.000Z,218120.0,196308.0,0.9,0.0,0.0,0,1,244165.71179051723,1.0,acquisition,True,False,False,False,False,False,False,False,False,False,244165.71179051723,0.0,0.0,0.0,0.0,0.0,0.0,0.0,0.0,0.0,WHITINGHAM TOWN,local
DR-1307-0009-R,HMGP,2000,1307.0,WINDHAM,403.1: Stormwater Management - Culverts,Closed,Guilford (Town of),2004-04-22T00:00:00.000Z,11116.0,8337.0,0.75,1.08,12000.0,0,0,15588.422413536711,1.0,stormwater_culverts,False,False,False,False,False,False,True,False,False,False,0.0,0.0,0.0,0.0,0.0,0.0,15588.422413536711,0.0,0.0,0.0,GUILFORD TOWN,local
DR-1488-0001-R,HMGP,2003,1488.0,WINDHAM,"402.1: Infrastructure Protective Measures (Roads and Bridges); 
403.2: Stormwater Management - Diversions",Closed,Grafton (Town of),2005-12-20T00:00:00.000Z,45520.0,34140.0,0.75,4.12,301025.0,0,0,59737.932480237156,1.0,"roads_bridges_protection,stormwater_diversions",False,False,False,False,False,True,True,False,False,False,0.0,0.0,0.0,0.0,0.0,29868.966240118578,29868.966240118578,0.0,0.0,0.0,GRAFTON TOWN,local
DR-4022-0136-R,HMGP,2011,4022.0,WINDHAM,601.2: Generators - Regular,Closed,Londonderry (Town of),2023-02-08T00:00:00.000Z,51119.0,38339.25,0.75,1.13,62353.0,0,0,54880.017264191025,0.0,generators,False,False,False,True,False,False,False,False,False,False,0.0,0.0,0.0,54880.017264191025,0.0,0.0,0.0,0.0,0.0,0.0,LONDONDERRY TOWN,local
DR-4022-0029-R,HMGP,2011,4022.0,WINDHAM,200.1: Acquisition of Private Real Property (Structures and Land) - Riverine,Closed,Rockingham (Town of),2024-01-11T00:00:00.000Z,198821.85,149116.39,0.75,0.0,0.0,3,3,213449.92553515895,1.0,acquisition,True,False,False,False,False,False,False,False,False,False,213449.92553515895,0.0,0.0,0.0,0.0,0.0,0.0,0.0,0.0,0.0,ROCKINGHAM TOWN,local
DR-4720-0092,HMGP,2023,4720.0,CALEDONIA,200.1: Acquisition of Private Real Property (Structures and Land) - Riverine,Closed,Statewide,,129980.0,,0.75,0.0,0.0,0,1,,1.0,acquisition,True,False,False,False,False,False,False,False,False,False,0.0,0.0,0.0,0.0,0.0,0.0,0.0,0.0,0.0,0.0,,statewide
DR-4207-0008-R,HMGP,2015,4207.0,WINDHAM,601.2: Generators - Regular,Closed,Athens (Town of),2016-06-20T00:00:00.000Z,5794.0,4346.0,0.75,1.38,10852.0,0,0,5903.949894501162,0.0,generators,False,False,False,True,False,False,False,False,False,False,0.0,0.0,0.0,5903.949894501162,0.0,0.0,0.0,0.0,0.0,0.0,ATHENS TOWN,local
DR-4022-0104-P,HMGP,2011,4022.0,CALEDONIA,91.1: Local Multihazard Mitigation Plan,Closed,Statewide,2018-04-03T00:00:00.000Z,19776.0,14832.0,0.75,0.0,0.0,0,0,21230.994765481362,0.0,local_mitigation_planning,False,False,False,False,False,False,False,False,True,False,0.0,0.0,0.0,0.0,0.0,0.0,0.0,0.0,21230.994765481362,0.0,,statewide
DR-1063-0006-R,HMGP,1995,1063.0,CALEDONIA,403.1: Stormwater Management - Culverts,Closed,PEACHAM (TOWN OF),1997-08-11T00:00:00.000Z,8500.0,6375.0,0.75,1.33,13442.0,0,0,13469.367847235344,1.0,stormwater_culverts,False,False,False,False,False,False,True,False,False,False,0.0,0.0,0.0,0.0,0.0,0.0,13469.367847235344,0.0,0.0,0.0,PEACHAM TOWN,local
DR-4330-0009-R,HMGP,2017,4330.0,WINDHAM,303.2: Floodplain and Stream Restoration,Approved,"Vermont River Conservacy, Inc",2025-04-17T00:00:00.000Z,1739646.1,1089540.35,0.63,1.38,2158329.0,0,0,1431091.1391418006,1.0,floodplain_restoration,False,False,True,False,False,False,False,False,False,False,0.0,0.0,1431091.1391418006,0.0,0.0,0.0,0.0,0.0,0.0,0.0,,statewide
DR-1124-0005-R,HMGP,1996,1124.0,WINDHAM,402.1: Infrastructure Protective Measures (Roads and Bridges),Closed,ROCKINGHAM (TOWN OF),1998-08-27T00:00:00.000Z,38685.0,29013.0,0.75,1.64,49422.0,0,0,59551.065410112395,1.0,roads_bridges_protection,False,False,False,False,False,True,False,False,False,False,0.0,0.0,0.0,0.0,0.0,59551.065410112395,0.0,0.0,0.0,0.0,ROCKINGHAM TOWN,local
DR-1184-0006-R,HMGP,1997,1184.0,CALEDONIA,402.1: Infrastructure Protective Measures (Roads and Bridges),Closed,St. Johnsbury (Town of),1998-08-21T00:00:00.000Z,12340.0,9255.0,0.75,1.79,22133.0,0,0,18562.575727371837,1.0,roads_bridges_protection,False,False,False,False,False,True,False,False,False,False,0.0,0.0,0.0,0.0,0.0,18562.575727371837,0.0,0.0,0.0,0.0,ST. JOHNSBURY TOWN,local
DR-0840-0005-R,HMGP,1989,840.0,CALEDONIA,402.1: Infrastructure Protective Measures (Roads and Bridges),Closed,HARDWICK (TOWN OF),1994-08-11T00:00:00.000Z,72000.0,26000.0,0.36,0.0,0.0,0,0,67539.91503823281,1.0,roads_bridges_protection,False,False,False,False,False,True,False,False,False,False,0.0,0.0,0.0,0.0,0.0,67539.91503823281,0.0,0.0,0.0,0.0,HARDWICK TOWN,local
DR-4720-0080-R,HMGP,2023,4720.0,CALEDONIA,200.1: Acquisition of Private Real Property (Structures and Land) - Riverine,Approved,Statewide,2025-04-21T00:00:00.000Z,229000.0,171750.0,0.75,0.0,0.0,1,1,181478.2194017244,1.0,acquisition,True,False,False,False,False,False,False,False,False,False,181478.2194017244,0.0,0.0,0.0,0.0,0.0,0.0,0.0,0.0,0.0,,statewide
DR-1063-0007-R,HMGP,1995,1063.0,CALEDONIA,403.1: Stormwater Management - Culverts,Closed,SHEFFIELD (TOWN OF),1997-08-08T00:00:00.000Z,7803.0,5852.0,0.75,6.33,37175.0,0,0,12364.351473258232,1.0,stormwater_culverts,False,False,False,False,False,False,True,False,False,False,0.0,0.0,0.0,0.0,0.0,0.0,12364.351473258232,0.0,0.0,0.0,SHEFFIELD TOWN,local
DR-1101-0017-R,HMGP,1996,1101.0,CALEDONIA,"301.1: Shoreline Stabilization (Riprap, etc.)",Closed,"Lyndon, Town of",1999-04-08T00:00:00.000Z,40949.0,18899.0,0.46,4.64,190000.0,0,0,38791.424023221116,1.0,shoreline_stabilization,False,False,True,False,False,False,False,False,False,False,0.0,0.0,38791.424023221116,0.0,0.0,0.0,0.0,0.0,0.0,0.0,LYNDON TOWN,local
DR-1124-M001-M,HMGP,1996,1124.0,WINDHAM,700.1: Management Costs - Salaries,Closed,UNIV OF VERMONT,1996-12-04T00:00:00.000Z,51685.0,38700.0,0.75,0.0,0.0,0,0,79434.26158519801,0.0,salaries,False,True,False,False,False,False,False,False,False,False,0.0,79434.26158519801,0.0,0.0,0.0,0.0,0.0,0.0,0.0,0.0,,unknown
DR-0938-0009-R,HMGP,1992,938.0,CALEDONIA,405.1: Other Minor Flood Control,Closed,HARDWICK (TOWN OF),1994-08-11T00:00:00.000Z,72000.0,10000.0,0.14,0.0,0.0,0,0,22946.7417538214,1.0,minor_flood_control,False,False,False,False,True,False,False,False,False,False,0.0,0.0,0.0,0.0,22946.7417538214,0.0,0.0,0.0,0.0,0.0,HARDWICK TOWN,local
DR-4720-0077-R,HMGP,2023,4720.0,CALEDONIA,200.1: Acquisition of Private Real Property (Structures and Land) - Riverine,Approved,Statewide,2025-04-21T00:00:00.000Z,886889.0,665166.75,0.75,0.0,0.0,2,2,702842.9542662705,1.0,acquisition,True,False,False,False,False,False,False,False,False,False,702842.9542662705,0.0,0.0,0.0,0.0,0.0,0.0,0.0,0.0,0.0,,statewide
DR-4720-0076-R,HMGP,2023,4720.0,CALEDONIA,200.1: Acquisition of Private Real Property (Structures and Land) - Riverine,Approved,Statewide,2025-01-27T00:00:00.000Z,1058784.0,794088.0,0.75,0.0,0.0,4,4,839066.5286071413,1.0,acquisition,True,False,False,False,False,False,False,False,False,False,839066.5286071413,0.0,0.0,0.0,0.0,0.0,0.0,0.0,0.0,0.0,,statewide
DR-4720-0071,HMGP,2023,4720.0,CALEDONIA,200.1: Acquisition of Private Real Property (Structures and Land) - Riverine,Pending,Statewide,,1566405.0,,0.75,1.25,1957407.0,6,6,,1.0,acquisition,True,False,False,False,False,False,False,False,False,False,0.0,0.0,0.0,0.0,0.0,0.0,0.0,0.0,0.0,0.0,,statewide
DR-4720-0090,HMGP,2023,4720.0,CALEDONIA,200.1: Acquisition of Private Real Property (Structures and Land) - Riverine,Closed,Statewide,,1223055.0,,0.75,0.0,0.0,0,4,,1.0,acquisition,True,False,False,False,False,False,False,False,False,False,0.0,0.0,0.0,0.0,0.0,0.0,0.0,0.0,0.0,0.0,,statewide
DR-4022-0032-F,HMGP,2011,4022.0,WINDHAM,200.1: Acquisition of Private Real Property (Structures and Land) - Riverine,Closed,Newfane (Town of),2016-11-28T00:00:00.000Z,225752.0,169314.0,0.75,0.0,0.0,2,2,242361.4244688991,1.0,acquisition,True,False,False,False,False,False,False,False,False,False,242361.4244688991,0.0,0.0,0.0,0.0,0.0,0.0,0.0,0.0,0.0,NEWFANE TOWN,local
DR-4720-0045-R,HMGP,2023,4720.0,CALEDONIA,200.1: Acquisition of Private Real Property (Structures and Land) - Riverine,Approved,Statewide,2024-12-16T00:00:00.000Z,256800.0,192600.0,0.75,0.0,0.0,1,1,203509.19974830927,1.0,acquisition,True,False,False,False,False,False,False,False,False,False,203509.19974830927,0.0,0.0,0.0,0.0,0.0,0.0,0.0,0.0,0.0,,statewide
PDMC-PJ-01-VT-2016-001,PDM,2016,,WINDHAM,"200.3: Acquisition of Public Real Property (Structures and Land) - Riverine; 
303.2: Floodplain and Stream Restoration; 
403.1: Stormwater Management - Culverts; 
700.1: Management Costs - Salaries",Closed,Brattleboro Housing Authority,2019-05-14T00:00:00.000Z,2627300.0,1970475.0,0.75,2.54,6583879.19,11,11,2643348.2278319793,1.0,"acquisition,floodplain_restoration,salaries,stormwater_culverts",True,True,True,False,False,False,True,False,False,False,660837.0569579948,660837.0569579948,660837.0569579948,0.0,0.0,0.0,660837.0569579948,0.0,0.0,0.0,BRATTLEBORO TOWN,local
DR-4744-0001-R,HMGP,2024,4744.0,CALEDONIA,200.1: Acquisition of Private Real Property (Structures and Land) - Riverine,Approved,Statewide,2025-04-25T00:00:00.000Z,642200.0,481650.0,0.75,0.0,0.0,2,2,494338.0930830104,1.0,acquisition,True,False,False,False,False,False,False,False,False,False,494338.0930830104,0.0,0.0,0.0,0.0,0.0,0.0,0.0,0.0,0.0,,statewide
DR-4720-0050-R,HMGP,2023,4720.0,CALEDONIA,200.1: Acquisition of Private Real Property (Structures and Land) - Riverine,Approved,Statewide,2025-12-12T00:00:00.000Z,662172.39,196985.71,0.75,0.0,0.0,1,1,208143.32400806085,1.0,acquisition,True,False,False,False,False,False,False,False,False,False,208143.32400806085,0.0,0.0,0.0,0.0,0.0,0.0,0.0,0.0,0.0,,statewide
DR-4532-0019-R,HMGP,2020,4532.0,WINDHAM,203.3: Wet Floodproofing Public Structures - Riverine,Approved,Wilmington,2024-08-29T00:00:00.000Z,127155.0,114439.5,0.9,1.14,159794.0,0,1,142338.58006016514,1.0,wet_floodproofing,False,False,False,False,False,False,False,False,False,True,0.0,0.0,0.0,0.0,0.0,0.0,0.0,0.0,0.0,142338.58006016514,WILMINGTON TOWN,local
DR-1784-0001-R,HMGP,2008,1784.0,WINDHAM,402.1: Infrastructure Protective Measures (Roads and Bridges),Closed,Marlboro (Town of),2013-10-21T00:00:00.000Z,70419.0,52815.0,0.75,1.08,94291.0,0,0,78996.89891668278,1.0,roads_bridges_protection,False,False,False,False,False,True,False,False,False,False,0.0,0.0,0.0,0.0,0.0,78996.89891668278,0.0,0.0,0.0,0.0,MARLBORO TOWN,local
DR-4022-0006-R,HMGP,2011,4022.0,WINDHAM,403.1: Stormwater Management - Culverts,Closed,Brattleboro (Town of),2014-01-13T00:00:00.000Z,27727.0,20795.0,0.75,1.69,87372.0,0,0,29766.621908588517,1.0,stormwater_culverts,False,False,False,False,False,False,True,False,False,False,0.0,0.0,0.0,0.0,0.0,0.0,29766.621908588517,0.0,0.0,0.0,BRATTLEBORO TOWN,local
DR-4022-0120-R,HMGP,2011,4022.0,WINDHAM,403.1: Stormwater Management - Culverts,Closed,Rockingham (Town of),2015-06-16T00:00:00.000Z,93852.0,0.0,0.75,1.32,133288.0,0,0,0.0,1.0,stormwater_culverts,False,False,False,False,False,False,True,False,False,False,0.0,0.0,0.0,0.0,0.0,0.0,0.0,0.0,0.0,0.0,ROCKINGHAM TOWN,local
PDMC-PJ-01-VT-2003-003,PDM,2003,,CALEDONIA,405.1: Other Minor Flood Control,Not Approved / Denied,Town of Lyndon,,442200.0,,0.75,14.56,6434420.0,0,0,,1.0,minor_flood_control,False,False,False,False,True,False,False,False,False,False,0.0,0.0,0.0,0.0,0.0,0.0,0.0,0.0,0.0,0.0,LYNDON TOWN,local
DR-4380-0003-R,HMGP,2018,4380.0,WINDHAM,200.1: Acquisition of Private Real Property (Structures and Land) - Riverine,Closed,Whitingham (Town of),2022-04-13T00:00:00.000Z,3300.0,2475.0,0.75,0.0,0.0,1,1,3173.465996547185,1.0,acquisition,True,False,False,False,False,False,False,False,False,False,3173.465996547185,0.0,0.0,0.0,0.0,0.0,0.0,0.0,0.0,0.0,WHITINGHAM TOWN,local
LPDM-PL-01-VT-2022-001,LPDM,2022,,WINDHAM,"700.1: Management Costs - Salaries; 
904.2: Advance Assistance (FMA and PDMC)",Obligated,Windham Regional Commission,2022-09-09T00:00:00.000Z,168500.0,126350.0,0.75,,,0,0,139016.45544180376,0.0,"salaries,technical_assistance",False,True,False,False,False,False,False,False,True,False,0.0,69508.22772090188,0.0,0.0,0.0,0.0,0.0,0.0,69508.22772090188,0.0,,regional
DR-4532-0014-R,HMGP,2020,4532.0,WINDHAM,302.1: Landslide Stabilization - Structural,Approved,Brattleboro (Town of),2026-01-14T00:00:00.000Z,535932.92,325677.6,0.9,1.05,564290.0,0,0,405074.18453770276,1.0,slope_stabilization,False,False,True,False,False,False,False,False,False,False,0.0,0.0,405074.18453770276,0.0,0.0,0.0,0.0,0.0,0.0,0.0,BRATTLEBORO TOWN,local
DR-4720-0040-R,HMGP,2023,4720.0,WINDHAM,200.1: Acquisition of Private Real Property (Structures and Land) - Riverine,Approved,Statewide,2024-10-01T00:00:00.000Z,552000.0,414000.0,0.75,1.97,1086018.0,1,1,437449.6817019732,1.0,acquisition,True,False,False,False,False,False,False,False,False,False,437449.6817019732,0.0,0.0,0.0,0.0,0.0,0.0,0.0,0.0,0.0,,statewide
DR-1336-0001-R,HMGP,2000,1336.0,CALEDONIA,200.2: Acquisition of Private Real Property (Structures and Land) - Coastal,Closed,Hardwick (Town of),2004-06-07T00:00:00.000Z,93612.0,70209.0,0.75,1.45,143069.0,1,1,131275.94449226328,1.0,acquisition,True,False,False,False,False,False,False,False,False,False,131275.94449226328,0.0,0.0,0.0,0.0,0.0,0.0,0.0,0.0,0.0,HARDWICK TOWN,local
DR-4720-0013-R,HMGP,2023,4720.0,WINDHAM,200.1: Acquisition of Private Real Property (Structures and Land) - Riverine,Approved,Wardsboro (Town of),2024-10-03T00:00:00.000Z,350800.0,263100.0,0.75,0.0,0.0,0,1,278002.4426468337,1.0,acquisition,True,False,False,False,False,False,False,False,False,False,278002.4426468337,0.0,0.0,0.0,0.0,0.0,0.0,0.0,0.0,0.0,WARDSBORO TOWN,local
DR-1428-0002-R,HMGP,2002,1428.0,CALEDONIA,200.1: Acquisition of Private Real Property (Structures and Land) - Riverine,Closed,Lyndonville,2009-12-28T00:00:00.000Z,55675.0,41756.0,0.75,1.0,55519.0,1,1,74743.37366197184,1.0,acquisition,True,False,False,False,False,False,False,False,False,False,74743.37366197184,0.0,0.0,0.0,0.0,0.0,0.0,0.0,0.0,0.0,LYNDON TOWN,local
DR-1358-0007-R,HMGP,2001,1358.0,WINDHAM,"301.1: Shoreline Stabilization (Riprap, etc.)",Closed,Rockingham (Town of),2005-02-07T00:00:00.000Z,40388.0,30291.0,0.75,1.52,48090.0,0,0,55086.174751363964,1.0,shoreline_stabilization,False,False,True,False,False,False,False,False,False,False,0.0,0.0,55086.174751363964,0.0,0.0,0.0,0.0,0.0,0.0,0.0,ROCKINGHAM TOWN,local
PDMC-PJ-01-VT-2005-006,PDM,2005,,CALEDONIA,405.1: Other Minor Flood Control,Not Approved / Denied,Lyndonville,,497900.0,,0.75,2.84,1515205.0,0,0,,1.0,minor_flood_control,False,False,False,False,True,False,False,False,False,False,0.0,0.0,0.0,0.0,0.0,0.0,0.0,0.0,0.0,0.0,LYNDON TOWN,local
DR-1336-0010-R,HMGP,2000,1336.0,WINDHAM,300.6: Vegetation Management - Erosion,Closed,Brookline (Town of),2006-10-23T00:00:00.000Z,53450.0,40088.0,0.75,2.83,174804.0,0,0,74956.06065897322,1.0,erosion_control,False,False,True,False,False,False,False,False,False,False,0.0,0.0,74956.06065897322,0.0,0.0,0.0,0.0,0.0,0.0,0.0,BROOKLINE TOWN,local
DR-4022-0128-R,HMGP,2011,4022.0,WINDHAM,203.1: Wet Floodproofing Private Structures - Riverine,Closed,Londonderry (Town of),2023-02-02T00:00:00.000Z,0.0,0.0,0.75,1.84,911743.0,2,2,0.0,1.0,wet_floodproofing,False,False,False,False,False,False,False,False,False,True,0.0,0.0,0.0,0.0,0.0,0.0,0.0,0.0,0.0,0.0,LONDONDERRY TOWN,local
DR-4022-0082-R,HMGP,2011,4022.0,WINDHAM,200.1: Acquisition of Private Real Property (Structures and Land) - Riverine,Closed,Grafton (Town of),2024-03-11T00:00:00.000Z,84083.0,63062.25,0.75,0.0,0.0,1,1,90269.30283505103,1.0,acquisition,True,False,False,False,False,False,False,False,False,False,90269.30283505103,0.0,0.0,0.0,0.0,0.0,0.0,0.0,0.0,0.0,GRAFTON TOWN,local
DR-4022-0121-R,HMGP,2011,4022.0,WINDHAM,200.1: Acquisition of Private Real Property (Structures and Land) - Riverine,Closed,Westminster (Town of),2024-03-01T00:00:00.000Z,52204.8,39153.6,0.75,12.98,753925.0,1,1,56045.703657615355,1.0,acquisition,True,False,False,False,False,False,False,False,False,False,56045.703657615355,0.0,0.0,0.0,0.0,0.0,0.0,0.0,0.0,0.0,WESTMINSTER TOWN,local
DR-4720-0078,HMGP,2023,4720.0,ESSEX,200.1: Acquisition of Private Real Property (Structures and Land) - Riverine,Pending,Statewide,,198765.0,,0.75,0.0,0.0,1,1,,1.0,acquisition,True,False,False,False,False,False,False,False,False,False,0.0,0.0,0.0,0.0,0.0,0.0,0.0,0.0,0.0,0.0,,statewide
DR-1790-0001-R,HMGP,2008,1790.0,ADDISON,300.4: Vegetation Management - Non Coastal Shoreline Stabilization,Closed,Ripton (Town of),2016-06-08T00:00:00.000Z,147318.0,110489.0,0.75,1.15,180000.0,0,0,165261.5424482697,1.0,shoreline_stabilization,False,False,True,False,False,False,False,False,False,False,0.0,0.0,165261.5424482697,0.0,0.0,0.0,0.0,0.0,0.0,0.0,RIPTON TOWN,local
DR-4022-0102-P,HMGP,2011,4022.0,ESSEX,91.1: Local Multihazard Mitigation Plan,Closed,Statewide,2017-10-12T00:00:00.000Z,0.0,0.0,0.75,0.0,0.0,0,0,0.0,0.0,local_mitigation_planning,False,False,False,False,False,False,False,False,True,False,0.0,0.0,0.0,0.0,0.0,0.0,0.0,0.0,0.0,0.0,,statewide
DR-4532-0023,HMGP,2020,4532.0,WINDHAM,601.1: Generators,Pending,Grafton,,158600.0,,0.9,0.0,0.0,0,0,,0.0,generators,False,False,False,True,False,False,False,False,False,False,0.0,0.0,0.0,0.0,0.0,0.0,0.0,0.0,0.0,0.0,GRAFTON TOWN,local
DR-1816-0006-R,HMGP,2009,1816.0,FRANKLIN,403.2: Stormwater Management - Diversions,Closed,Fairfield (Town of),2010-09-27T00:00:00.000Z,67485.0,50614.0,0.75,1.68,136726.0,0,0,75948.10608795767,1.0,stormwater_diversions,False,False,False,False,False,False,True,False,False,False,0.0,0.0,0.0,0.0,0.0,0.0,75948.10608795767,0.0,0.0,0.0,FAIRFIELD TOWN,local
DR-4022-0126-R,HMGP,2011,4022.0,WINDHAM,202.1: Elevation of Private Structures - Riverine,Closed,Londonderry (Town of),2024-02-09T00:00:00.000Z,130608.26,97956.18,0.75,0.0,0.0,1,1,140217.57988312768,1.0,elevation,False,False,False,False,False,False,False,False,False,True,0.0,0.0,0.0,0.0,0.0,0.0,0.0,0.0,0.0,140217.57988312768,LONDONDERRY TOWN,local
DR-4720-0014-R,HMGP,2023,4720.0,CALEDONIA,200.1: Acquisition of Private Real Property (Structures and Land) - Riverine,Approved,Hardwick (Town of),2024-07-31T00:00:00.000Z,446000.0,334500.0,0.75,0.0,0.0,2,2,353446.66311427543,1.0,acquisition,True,False,False,False,False,False,False,False,False,False,353446.66311427543,0.0,0.0,0.0,0.0,0.0,0.0,0.0,0.0,0.0,HARDWICK TOWN,local
DR-4532-0022-R,HMGP,2020,4532.0,WINDHAM,601.2: Generators - Regular,Approved,Putney,2024-09-26T00:00:00.000Z,140905.0,126814.5,0.9,1.33,154321.0,0,0,157730.46772346797,0.0,generators,False,False,False,True,False,False,False,False,False,False,0.0,0.0,0.0,157730.46772346797,0.0,0.0,0.0,0.0,0.0,0.0,PUTNEY TOWN,local
DR-4474-0002-R,HMGP,2020,4474.0,FRANKLIN,200.6: Acquisition of Private Real Property (Structures and Land) - Landslide,Closed,Highgate (Town of),2024-06-06T00:00:00.000Z,94371.88,84934.69,0.9,3.86,482160.0,1,1,105640.82482403635,1.0,acquisition,True,False,False,False,False,False,False,False,False,False,105640.82482403635,0.0,0.0,0.0,0.0,0.0,0.0,0.0,0.0,0.0,HIGHGATE TOWN,local
DR-1995-0004-R,HMGP,2011,1995.0,ADDISON,200.1: Acquisition of Private Real Property (Structures and Land) - Riverine,Closed,Granville (Town of),2016-12-14T00:00:00.000Z,254800.0,191100.0,0.75,0.0,0.0,3,3,273546.5951782287,1.0,acquisition,True,False,False,False,False,False,False,False,False,False,273546.5951782287,0.0,0.0,0.0,0.0,0.0,0.0,0.0,0.0,0.0,GRANVILLE TOWN,local
DR-1228-0010-R,HMGP,1998,1228.0,FRANKLIN,"301.1: Shoreline Stabilization (Riprap, etc.)",Closed,GEORGIA (TOWN OF) ,1999-12-16T00:00:00.000Z,65000.0,48750.0,0.75,3.51,114945.0,0,0,96287.36609487339,1.0,shoreline_stabilization,False,False,True,False,False,False,False,False,False,False,0.0,0.0,96287.36609487339,0.0,0.0,0.0,0.0,0.0,0.0,0.0,GEORGIA TOWN,local
DR-1201-0014-R,HMGP,1998,1201.0,FRANKLIN,403.1: Stormwater Management - Culverts,Closed,BERKSHIRE ( TOWN OF),2000-01-05T00:00:00.000Z,260709.0,146409.0,0.56,1.13,294839.0,0,0,289176.14323249884,1.0,stormwater_culverts,False,False,False,False,False,False,True,False,False,False,0.0,0.0,0.0,0.0,0.0,0.0,289176.14323249884,0.0,0.0,0.0,BERKSHIRE TOWN,local
DR-4022-0073-R,HMGP,2011,4022.0,FRANKLIN,"200.6: Acquisition of Private Real Property (Structures and Land) - Landslide; 
200.7: Acquisition of Private Real Property (Structures and Land) - Erosion",Closed,Highgate (Town of),2018-04-05T00:00:00.000Z,553235.0,414926.0,0.75,5.03,2799900.0,2,2,593938.2237096898,1.0,acquisition,True,False,False,False,False,False,False,False,False,False,593938.2237096898,0.0,0.0,0.0,0.0,0.0,0.0,0.0,0.0,0.0,HIGHGATE TOWN,local
DR-4720-0087,HMGP,2023,4720.0,ADDISON,200.1: Acquisition of Private Real Property (Structures and Land) - Riverine,Closed,Statewide,,850000.0,,0.75,0.0,0.0,0,2,,1.0,acquisition,True,False,False,False,False,False,False,False,False,False,0.0,0.0,0.0,0.0,0.0,0.0,0.0,0.0,0.0,0.0,,statewide
DR-1101-0025-R,HMGP,1996,1101.0,FRANKLIN,403.2: Stormwater Management - Diversions,Closed,"Highgate, Town of",2001-03-14T00:00:00.000Z,61006.0,45755.0,0.75,1.02,74741.0,0,0,93915.10694653062,1.0,stormwater_diversions,False,False,False,False,False,False,True,False,False,False,0.0,0.0,0.0,0.0,0.0,0.0,93915.10694653062,0.0,0.0,0.0,HIGHGATE TOWN,local
DR-4022-0113-R,HMGP,2011,4022.0,FRANKLIN,"402.1: Infrastructure Protective Measures (Roads and Bridges); 
405.1: Other Minor Flood Control",Closed,Fairfield (Town of),2023-11-15T00:00:00.000Z,46984.15,35238.11,0.75,1.07,51713.0,1,1,50440.94720573466,1.0,"minor_flood_control,roads_bridges_protection",False,False,False,False,True,True,False,False,False,False,0.0,0.0,0.0,0.0,25220.47360286733,25220.47360286733,0.0,0.0,0.0,0.0,FAIRFIELD TOWN,local
PDMC-PJ-01-VT-2005-005,PDM,2005,,ADDISON,204.3: Dry Floodproofing Public Structures - Riverine,Not Approved / Denied,Town of Lincoln,,364500.0,,0.75,2.17,394751.0,2,2,,1.0,dry_floodproofing,False,False,False,False,False,False,False,False,False,True,0.0,0.0,0.0,0.0,0.0,0.0,0.0,0.0,0.0,0.0,LINCOLN TOWN,local
DR-0840-0002-R,HMGP,1989,840.0,ADDISON,"500.2: Flood Control - Berm, Levee, or Dike",Closed,MIDDLEBURY,1991-01-09T00:00:00.000Z,33000.0,16500.0,0.5,0.0,0.0,0,0,42861.86915887851,1.0,berm_levee_dike,False,False,False,False,True,False,False,False,False,False,0.0,0.0,0.0,0.0,42861.86915887851,0.0,0.0,0.0,0.0,0.0,MIDDLEBURY TOWN,local
DR-1201-0016-R,HMGP,1998,1201.0,FRANKLIN,200.1: Acquisition of Private Real Property (Structures and Land) - Riverine,Closed,ST. ALBANS (TOWN OF),2000-01-05T00:00:00.000Z,81295.0,60971.0,0.75,2.26,183645.0,1,1,120425.37432144667,1.0,acquisition,True,False,False,False,False,False,False,False,False,False,120425.37432144667,0.0,0.0,0.0,0.0,0.0,0.0,0.0,0.0,0.0,ST. ALBANS TOWN,local
DR-4178-0003-R,HMGP,2014,4178.0,ADDISON,601.2: Generators - Regular,Closed,Ripton (Town of),2018-10-23T00:00:00.000Z,13988.0,10490.92,0.75,5.45,107924.0,0,0,14268.95900690704,0.0,generators,False,False,False,True,False,False,False,False,False,False,0.0,0.0,0.0,14268.95900690704,0.0,0.0,0.0,0.0,0.0,0.0,RIPTON TOWN,local
PDMC-PJ-01-VT-2006-003,PDM,2006,,ADDISON,204.3: Dry Floodproofing Public Structures - Riverine,Not Approved / Denied,Town of Lincoln,,112400.0,,0.75,3.42,394751.0,1,1,,1.0,dry_floodproofing,False,False,False,False,False,False,False,False,False,True,0.0,0.0,0.0,0.0,0.0,0.0,0.0,0.0,0.0,0.0,LINCOLN TOWN,local
DR-4022-0085-R,HMGP,2011,4022.0,ADDISON,200.3: Acquisition of Public Real Property (Structures and Land) - Riverine,Closed,Granville (Town of),2023-11-08T00:00:00.000Z,40075.0,30056.25,0.75,0.0,0.0,1,1,43023.46860976262,1.0,acquisition,True,False,False,False,False,False,False,False,False,False,43023.46860976262,0.0,0.0,0.0,0.0,0.0,0.0,0.0,0.0,0.0,GRANVILLE TOWN,local
DR-0875-0005-R,HMGP,1990,875.0,FRANKLIN,403.1: Stormwater Management - Culverts,Closed,ST. ALBANS (TOWN OF),1994-08-10T00:00:00.000Z,100620.0,50310.0,0.5,0.0,0.0,0,0,123971.45465677891,1.0,stormwater_culverts,False,False,False,False,False,False,True,False,False,False,0.0,0.0,0.0,0.0,0.0,0.0,123971.45465677891,0.0,0.0,0.0,ST. ALBANS TOWN,local
DR-1063-0010-R,HMGP,1995,1063.0,FRANKLIN,"600.1: Warning Systems (as a Component of a Planned, Adopted, and Exercised Risk Reduction Plan)",Closed,DEPT. OF PUBLIC SAFE,1997-11-17T00:00:00.000Z,26672.0,20004.0,0.75,4.94,165609.0,0,0,42265.29167311307,0.0,warning_systems,False,False,False,True,False,False,False,False,False,False,0.0,0.0,0.0,42265.29167311307,0.0,0.0,0.0,0.0,0.0,0.0,,statewide
DR-4022-0060-P,HMGP,2011,4022.0,FRANKLIN,91.1: Local Multihazard Mitigation Plan,Closed,St. Albans,2023-08-01T00:00:00.000Z,7122.5,5341.87,0.75,0.0,0.0,0,0,7646.521980035189,0.0,local_mitigation_planning,False,False,False,False,False,False,False,False,True,False,0.0,0.0,0.0,0.0,0.0,0.0,0.0,0.0,7646.521980035189,0.0,ST. ALBANS CITY,local
DR-4022-0157-R,HMGP,2011,4022.0,FRANKLIN,303.2: Floodplain and Stream Restoration,Closed,Highgate (Town of),2025-04-25T00:00:00.000Z,2302494.21,1724350.84,0.75,2.29,550650.0,0,0,2468290.4300089935,1.0,floodplain_restoration,False,False,True,False,False,False,False,False,False,False,0.0,0.0,2468290.4300089935,0.0,0.0,0.0,0.0,0.0,0.0,0.0,HIGHGATE TOWN,local
DR-4720-0088,HMGP,2023,4720.0,ADDISON,200.1: Acquisition of Private Real Property (Structures and Land) - Riverine,Closed,Statewide,,4634864.0,,0.75,9.43,34475645.0,0,11,,1.0,acquisition,True,False,False,False,False,False,False,False,False,False,0.0,0.0,0.0,0.0,0.0,0.0,0.0,0.0,0.0,0.0,,statewide
DR-4720-0091-R,HMGP,2023,4720.0,ADDISON,200.1: Acquisition of Private Real Property (Structures and Land) - Riverine,Approved,Statewide,2025-04-21T00:00:00.000Z,200398.0,150298.5,0.75,0.0,0.0,1,1,158811.66904657977,1.0,acquisition,True,False,False,False,False,False,False,False,False,False,158811.66904657977,0.0,0.0,0.0,0.0,0.0,0.0,0.0,0.0,0.0,,statewide
DR-4163-0003-P,HMGP,2014,4163.0,ESSEX,91.1: Local Multihazard Mitigation Plan,Closed,Statewide,2015-02-13T00:00:00.000Z,17152.0,9474.75,0.75,0.0,0.0,0,0,12886.841130300534,0.0,local_mitigation_planning,False,False,False,False,False,False,False,False,True,False,0.0,0.0,0.0,0.0,0.0,0.0,0.0,0.0,12886.841130300534,0.0,,statewide
DR-4720-0017-R,HMGP,2023,4720.0,ADDISON,200.6: Acquisition of Private Real Property (Structures and Land) - Landslide,Approved,Ripton (Town of),2025-05-01T00:00:00.000Z,307500.0,230625.0,0.75,8.15,2109999.0,0,1,243688.0020350666,1.0,acquisition,True,False,False,False,False,False,False,False,False,False,243688.0020350666,0.0,0.0,0.0,0.0,0.0,0.0,0.0,0.0,0.0,RIPTON TOWN,local
DR-4022-0137-R,HMGP,2011,4022.0,ADDISON,601.2: Generators - Regular,Closed,Bristol (Town of),2016-01-08T00:00:00.000Z,16900.0,12675.0,0.75,1.13,19097.0,0,0,18143.396618964147,0.0,generators,False,False,False,True,False,False,False,False,False,False,0.0,0.0,0.0,18143.396618964147,0.0,0.0,0.0,0.0,0.0,0.0,BRISTOL TOWN,local
DR-1201-0005-R,HMGP,1998,1201.0,FRANKLIN,402.1: Infrastructure Protective Measures (Roads and Bridges),Withdrawn,"Highgate, Town of",,0.0,,,0.61,116060.0,0,0,,1.0,roads_bridges_protection,False,False,False,False,False,True,False,False,False,False,0.0,0.0,0.0,0.0,0.0,0.0,0.0,0.0,0.0,0.0,HIGHGATE TOWN,local
DR-1184-0017-R,HMGP,1997,1184.0,FRANKLIN,403.1: Stormwater Management - Culverts,Closed,BERKSHIRE ( TOWN OF),2000-01-05T00:00:00.000Z,260709.0,39300.0,0.15,1.13,294839.0,0,0,78823.25511460974,1.0,stormwater_culverts,False,False,False,False,False,False,True,False,False,False,0.0,0.0,0.0,0.0,0.0,0.0,78823.25511460974,0.0,0.0,0.0,BERKSHIRE TOWN,local
DR-1184-0016-R,HMGP,1997,1184.0,ADDISON,403.1: Stormwater Management - Culverts,Closed,LINCOLN (TOWN OF),2000-01-26T00:00:00.000Z,62240.0,31120.0,0.5,2.69,167403.0,0,0,62416.78623833728,1.0,stormwater_culverts,False,False,False,False,False,False,True,False,False,False,0.0,0.0,0.0,0.0,0.0,0.0,62416.78623833728,0.0,0.0,0.0,LINCOLN TOWN,local
DR-1228-0013-F,HMGP,1998,1228.0,FRANKLIN,"301.1: Shoreline Stabilization (Riprap, etc.)",Closed,FAIRFAX (TOWN OF),2000-03-21T00:00:00.000Z,5000.0,3500.0,0.7,0.0,0.0,0,0,6912.93910424732,1.0,shoreline_stabilization,False,False,True,False,False,False,False,False,False,False,0.0,0.0,6912.93910424732,0.0,0.0,0.0,0.0,0.0,0.0,0.0,FAIRFAX TOWN,local
DR-1201-0004-R,HMGP,1998,1201.0,FRANKLIN,"301.1: Shoreline Stabilization (Riprap, etc.)",Closed,"Highgate, Town of",1999-08-17T00:00:00.000Z,403320.0,302490.0,0.75,1.97,794923.0,0,0,597455.6998982205,1.0,shoreline_stabilization,False,False,True,False,False,False,False,False,False,False,0.0,0.0,597455.6998982205,0.0,0.0,0.0,0.0,0.0,0.0,0.0,HIGHGATE TOWN,local
DR-1201-0013-R,HMGP,1998,1201.0,FRANKLIN,200.1: Acquisition of Private Real Property (Structures and Land) - Riverine,Withdrawn,ST. ALBANS ( CITY OF),,0.0,0.0,0.0,1.07,80250.0,0,1,0.0,1.0,acquisition,True,False,False,False,False,False,False,False,False,False,0.0,0.0,0.0,0.0,0.0,0.0,0.0,0.0,0.0,0.0,ST. ALBANS CITY,local
DR-1184-0005-R,HMGP,1997,1184.0,FRANKLIN,403.1: Stormwater Management - Culverts,Closed,RICHFORD (TOWN OF),1999-12-20T00:00:00.000Z,42900.0,32175.0,0.75,2.52,108191.0,0,0,64532.77947360225,1.0,stormwater_culverts,False,False,False,False,False,False,True,False,False,False,0.0,0.0,0.0,0.0,0.0,0.0,64532.77947360225,0.0,0.0,0.0,RICHFORD TOWN,local
DR-4762-0004,HMGP,2024,4762.0,ADDISON,200.1: Acquisition of Private Real Property (Structures and Land) - Riverine,Pending,Statewide,,200398.0,,0.75,0.0,0.0,1,1,,1.0,acquisition,True,False,False,False,False,False,False,False,False,False,0.0,0.0,0.0,0.0,0.0,0.0,0.0,0.0,0.0,0.0,,statewide
DR-1184-0002-R,HMGP,1997,1184.0,FRANKLIN,200.1: Acquisition of Private Real Property (Structures and Land) - Riverine,Closed,Montgomery (Town of),1998-03-23T00:00:00.000Z,239150.0,179363.0,0.75,0.0,0.0,3,3,359744.92384533706,1.0,acquisition,True,False,False,False,False,False,False,False,False,False,359744.92384533706,0.0,0.0,0.0,0.0,0.0,0.0,0.0,0.0,0.0,MONTGOMERY TOWN,local
DR-1101-0018-R,HMGP,1996,1101.0,ADDISON,402.1: Infrastructure Protective Measures (Roads and Bridges),Closed,"Orwell, Town of",1999-06-10T00:00:00.000Z,29500.0,22125.0,0.75,1.15,34014.0,0,0,45412.99838688646,1.0,roads_bridges_protection,False,False,False,False,False,True,False,False,False,False,0.0,0.0,0.0,0.0,0.0,45412.99838688646,0.0,0.0,0.0,0.0,ORWELL TOWN,local
DR-1184-0009-R,HMGP,1997,1184.0,FRANKLIN,"301.1: Shoreline Stabilization (Riprap, etc.)",Closed,"Enosburg Falls, Town of",1999-03-31T00:00:00.000Z,95556.0,71667.0,0.75,1.0,95596.0,0,0,143741.1253002223,1.0,shoreline_stabilization,False,False,True,False,False,False,False,False,False,False,0.0,0.0,143741.1253002223,0.0,0.0,0.0,0.0,0.0,0.0,0.0,ENOSBURGH TOWN,local
DR-1228-0007-R,HMGP,1998,1228.0,ADDISON,402.1: Infrastructure Protective Measures (Roads and Bridges),Withdrawn,"Orwell, Town of",,0.0,0.0,0.0,1.01,39132.0,0,0,0.0,1.0,roads_bridges_protection,False,False,False,False,False,True,False,False,False,False,0.0,0.0,0.0,0.0,0.0,0.0,0.0,0.0,0.0,0.0,ORWELL TOWN,local
DR-1201-0003-F,HMGP,1998,1201.0,FRANKLIN,"600.1: Warning Systems (as a Component of a Planned, Adopted, and Exercised Risk Reduction Plan)",Withdrawn,Montgomery (Town of),,0.0,0.0,0.0,,,0,0,0.0,0.0,warning_systems,False,False,False,True,False,False,False,False,False,False,0.0,0.0,0.0,0.0,0.0,0.0,0.0,0.0,0.0,0.0,MONTGOMERY TOWN,local
DR-1228-0012-F,HMGP,1998,1228.0,FRANKLIN,601.1: Generators,Withdrawn,Montgomery (Town of),,0.0,0.0,0.0,,,0,0,0.0,0.0,generators,False,False,False,True,False,False,False,False,False,False,0.0,0.0,0.0,0.0,0.0,0.0,0.0,0.0,0.0,0.0,MONTGOMERY TOWN,local
DR-1228-0001-R,HMGP,1998,1228.0,ADDISON,200.1: Acquisition of Private Real Property (Structures and Land) - Riverine,Closed,Bristol (Town of),1998-09-01T00:00:00.000Z,537773.0,403329.0,0.75,0.0,0.0,15,15,796625.3759934192,1.0,acquisition,True,False,False,False,False,False,False,False,False,False,796625.3759934192,0.0,0.0,0.0,0.0,0.0,0.0,0.0,0.0,0.0,BRISTOL TOWN,local
DR-1201-0006-R,HMGP,1998,1201.0,FRANKLIN,402.1: Infrastructure Protective Measures (Roads and Bridges),Withdrawn,Swanton (Town of),,0.0,,,0.61,116060.0,0,0,,1.0,roads_bridges_protection,False,False,False,False,False,True,False,False,False,False,0.0,0.0,0.0,0.0,0.0,0.0,0.0,0.0,0.0,0.0,SWANTON TOWN,local
DR-1559-0002-R,HMGP,2004,1559.0,FRANKLIN,403.1: Stormwater Management - Culverts,Closed,Fairfax (Town of),2006-01-24T00:00:00.000Z,150567.0,112746.0,0.75,1.58,238103.0,0,0,192156.25251593086,1.0,stormwater_culverts,False,False,False,False,False,False,True,False,False,False,0.0,0.0,0.0,0.0,0.0,0.0,192156.25251593086,0.0,0.0,0.0,FAIRFAX TOWN,local
DR-1228-0016-R,HMGP,1998,1228.0,FRANKLIN,403.1: Stormwater Management - Culverts,Closed,ST. ALBANS (TOWN OF),2000-03-02T00:00:00.000Z,140000.0,105000.0,0.75,1.08,205631.0,0,0,207388.1731274196,1.0,stormwater_culverts,False,False,False,False,False,False,True,False,False,False,0.0,0.0,0.0,0.0,0.0,0.0,207388.1731274196,0.0,0.0,0.0,ST. ALBANS TOWN,local
DR-4022-0141-R,HMGP,2011,4022.0,ADDISON,"103.1: Feasibility, Engineering and Design Studies; 
303.2: Floodplain and Stream Restoration; 
500.1: Flood Control - Floodwall",Closed,Middlebury (Town of),2024-01-16T00:00:00.000Z,1873593.64,1405195.22,0.75,1.5,3152919.0,1,1,2011440.9628033596,1.0,"feasibility_study,floodplain_restoration,floodwall",False,False,True,False,True,False,False,False,True,False,0.0,0.0,670480.3209344532,0.0,670480.3209344532,0.0,0.0,0.0,670480.3209344532,0.0,MIDDLEBURY TOWN,local
FMA-PJ-01VT-1999002,FMA,1999,,FRANKLIN,200.1: Acquisition of Private Real Property (Structures and Land) - Riverine,Closed,"Highgate, Town Of",,95000.0,71250.0,0.75,,,1,1,137707.5699213243,1.0,acquisition,True,False,False,False,False,False,False,False,False,False,137707.5699213243,0.0,0.0,0.0,0.0,0.0,0.0,0.0,0.0,0.0,HIGHGATE TOWN,local
DR-1995-0001-P,HMGP,2011,1995.0,ADDISON,91.1: Local Multihazard Mitigation Plan,Closed,Middlebury (Town of),2016-12-13T00:00:00.000Z,60597.0,45448.0,0.75,0.0,0.0,0,0,65055.70726143452,0.0,local_mitigation_planning,False,False,False,False,False,False,False,False,True,False,0.0,0.0,0.0,0.0,0.0,0.0,0.0,0.0,65055.70726143452,0.0,MIDDLEBURY TOWN,local
FMA-PL-01VT-1998001,FMA,1998,,FRANKLIN,Other Plan,Closed,"Highgate, Town Of",1999-05-01T00:00:00.000Z,13960.0,10470.0,0.75,,,0,0,20679.563548991267,,,False,False,False,False,False,False,False,False,False,False,0.0,0.0,0.0,0.0,0.0,0.0,0.0,0.0,0.0,0.0,HIGHGATE TOWN,local
FMA-PJ-01VT-1999001,FMA,1999,,FRANKLIN,401.1: Water and Sanitary Sewer System Protective Measures,Closed,"Swanton, Village Of",1999-09-18T00:00:00.000Z,30500.0,22875.0,0.75,,,0,0,44211.37771158306,1.0,water_sewer_protection,False,False,False,False,False,True,False,False,False,False,0.0,0.0,0.0,0.0,0.0,44211.37771158306,0.0,0.0,0.0,0.0,SWANTON TOWN,local
FMA-TA-01VT-1998001,FMA,1998,,FRANKLIN,,Closed,"Highgate, Town Of",1998-06-01T00:00:00.000Z,14044.0,10520.0,0.75,,,0,0,20778.31982190909,,,False,False,False,False,False,False,False,False,False,False,0.0,0.0,0.0,0.0,0.0,0.0,0.0,0.0,0.0,0.0,HIGHGATE TOWN,local
DR-4022-0111-R,HMGP,2011,4022.0,FRANKLIN,402.1: Infrastructure Protective Measures (Roads and Bridges),Closed,Fairfield (Town of),2015-11-19T00:00:00.000Z,0.0,0.0,0.75,3.23,309209.0,0,0,0.0,1.0,roads_bridges_protection,False,False,False,False,False,True,False,False,False,False,0.0,0.0,0.0,0.0,0.0,0.0,0.0,0.0,0.0,0.0,FAIRFIELD TOWN,local
DR-0875-0004-R,HMGP,1990,875.0,FRANKLIN,"301.1: Shoreline Stabilization (Riprap, etc.)",Closed,RICHFORD (TOWN OF),1995-01-04T00:00:00.000Z,64715.0,29120.0,0.5,0.0,0.0,0,0,71756.08744991853,1.0,shoreline_stabilization,False,False,True,False,False,False,False,False,False,False,0.0,0.0,71756.08744991853,0.0,0.0,0.0,0.0,0.0,0.0,0.0,RICHFORD TOWN,local
DR-4022-0059-P,HMGP,2011,4022.0,FRANKLIN,91.1: Local Multihazard Mitigation Plan,Closed,Statewide,2015-08-13T00:00:00.000Z,0.0,0.0,0.75,0.0,0.0,0,0,0.0,0.0,local_mitigation_planning,False,False,False,False,False,False,False,False,True,False,0.0,0.0,0.0,0.0,0.0,0.0,0.0,0.0,0.0,0.0,,statewide
DR-4720-0084,HMGP,2023,4720.0,ESSEX,200.1: Acquisition of Private Real Property (Structures and Land) - Riverine,Closed,Statewide,,396000.0,,0.75,0.0,0.0,0,1,,1.0,acquisition,True,False,False,False,False,False,False,False,False,False,0.0,0.0,0.0,0.0,0.0,0.0,0.0,0.0,0.0,0.0,,statewide
DR-4720-0075-R,HMGP,2023,4720.0,ADDISON,200.1: Acquisition of Private Real Property (Structures and Land) - Riverine,Approved,Statewide,2026-01-15T00:00:00.000Z,655200.0,491400.0,0.75,1.45,959706.0,1,1,519233.75262886385,1.0,acquisition,True,False,False,False,False,False,False,False,False,False,519233.75262886385,0.0,0.0,0.0,0.0,0.0,0.0,0.0,0.0,0.0,,statewide
DR-0875-0002-R,HMGP,1990,875.0,FRANKLIN,"103.1: Feasibility, Engineering and Design Studies",Closed,ST. ALBANS (TOWN OF),1993-09-17T00:00:00.000Z,26000.0,13000.0,0.5,0.0,0.0,0,0,32033.967611570777,0.0,feasibility_study,False,False,False,False,False,False,False,False,True,False,0.0,0.0,0.0,0.0,0.0,0.0,0.0,0.0,32033.967611570777,0.0,ST. ALBANS TOWN,local
PDMC-PJ-01-VT-2003-004,PDM,2003,,FRANKLIN,403.2: Stormwater Management - Diversions,Not Approved / Denied,City of St. Albans,,149316.0,,0.75,1.34,200520.0,0,0,,1.0,stormwater_diversions,False,False,False,False,False,False,True,False,False,False,0.0,0.0,0.0,0.0,0.0,0.0,0.0,0.0,0.0,0.0,ST. ALBANS CITY,local
DR-4022-0046-P,HMGP,2011,4022.0,ADDISON,91.1: Local Multihazard Mitigation Plan,Closed,REGIONAL PLANNING COMMISSION,2015-05-20T00:00:00.000Z,0.0,0.0,0.75,0.0,0.0,0,0,0.0,0.0,local_mitigation_planning,False,False,False,False,False,False,False,False,True,False,0.0,0.0,0.0,0.0,0.0,0.0,0.0,0.0,0.0,0.0,,regional
DR-1790-0002-R,HMGP,2008,1790.0,FRANKLIN,403.1: Stormwater Management - Culverts,Closed,Montgomery (Town of),2009-07-23T00:00:00.000Z,184717.0,138358.0,0.75,1.17,221795.0,0,0,206945.99905925206,1.0,stormwater_culverts,False,False,False,False,False,False,True,False,False,False,0.0,0.0,0.0,0.0,0.0,0.0,206945.99905925206,0.0,0.0,0.0,MONTGOMERY TOWN,local
FMA-PJ-01-VT-2005-003,FMA,2005,,ADDISON,203.3: Wet Floodproofing Public Structures - Riverine,Closed,Town of Lincoln,2006-04-17T00:00:00.000Z,186000.0,139500.0,0.75,2.09,394751.0,1,1,230012.05011018345,1.0,wet_floodproofing,False,False,False,False,False,False,False,False,False,True,0.0,0.0,0.0,0.0,0.0,0.0,0.0,0.0,0.0,230012.05011018345,LINCOLN TOWN,local
DR-1428-0005-R,HMGP,2002,1428.0,FRANKLIN,"400.1: Utility Protective Measures (Electric, Gas, etc.)",Closed,Richford (Town of),,0.0,0.0,0.75,4.54,329372.0,0,0,0.0,1.0,utility_protection,False,False,False,False,False,True,False,False,False,False,0.0,0.0,0.0,0.0,0.0,0.0,0.0,0.0,0.0,0.0,RICHFORD TOWN,local
DR-1428-0015,HMGP,2002,1428.0,FRANKLIN,403.1: Stormwater Management - Culverts,Pending,Enosburg (Town of),,20000.0,,0.75,1.6,32000.0,0,0,,1.0,stormwater_culverts,False,False,False,False,False,False,True,False,False,False,0.0,0.0,0.0,0.0,0.0,0.0,0.0,0.0,0.0,0.0,ENOSBURGH TOWN,local
DR-1358-0006-R,HMGP,2001,1358.0,ADDISON,403.1: Stormwater Management - Culverts,Closed,Lincoln (Town of),2004-06-07T00:00:00.000Z,4608.0,3456.0,0.75,1.28,7167.0,0,0,6284.963188429364,1.0,stormwater_culverts,False,False,False,False,False,False,True,False,False,False,0.0,0.0,0.0,0.0,0.0,0.0,6284.963188429364,0.0,0.0,0.0,LINCOLN TOWN,local
DR-1336-0008-R,HMGP,2000,1336.0,ADDISON,"301.1: Shoreline Stabilization (Riprap, etc.)",Closed,Hancock,,20000.0,,0.75,1.12,22336.0,0,0,,1.0,shoreline_stabilization,False,False,True,False,False,False,False,False,False,False,0.0,0.0,0.0,0.0,0.0,0.0,0.0,0.0,0.0,0.0,HANCOCK TOWN,local
DR-1336-0002-F,HMGP,2000,1336.0,FRANKLIN,"103.1: Feasibility, Engineering and Design Studies",Closed,St. Albans,2004-05-05T00:00:00.000Z,20000.0,15000.0,0.75,0.0,0.0,0,0,28046.81974367886,0.0,feasibility_study,False,False,False,False,False,False,False,False,True,False,0.0,0.0,0.0,0.0,0.0,0.0,0.0,0.0,28046.81974367886,0.0,ST. ALBANS CITY,local
DR-4695-0001-R,HMGP,2023,4695.0,FRANKLIN,200.1: Acquisition of Private Real Property (Structures and Land) - Riverine,Approved,Swanton (Town of),2024-08-28T00:00:00.000Z,1072643.0,498075.0,0.46,0.0,0.0,0,3,526286.8362650007,1.0,acquisition,True,False,False,False,False,False,False,False,False,False,526286.8362650007,0.0,0.0,0.0,0.0,0.0,0.0,0.0,0.0,0.0,SWANTON TOWN,local
PDMC-PJ-01-VT-2007-001,PDM,2007,,ADDISON,204.3: Dry Floodproofing Public Structures - Riverine,Closed,Town of Lincoln,2007-08-15T00:00:00.000Z,135650.0,99187.5,0.75,2.92,404772.0,1,1,154017.3392449167,1.0,dry_floodproofing,False,False,False,False,False,False,False,False,False,True,0.0,0.0,0.0,0.0,0.0,0.0,0.0,0.0,0.0,154017.3392449167,LINCOLN TOWN,local
DR-1336-0014-R,HMGP,2000,1336.0,ADDISON,403.1: Stormwater Management - Culverts,Closed,Ripton (Town of),2004-04-22T00:00:00.000Z,24600.0,18450.0,0.75,1.04,25501.0,0,0,34497.588284725,1.0,stormwater_culverts,False,False,False,False,False,False,True,False,False,False,0.0,0.0,0.0,0.0,0.0,0.0,34497.588284725,0.0,0.0,0.0,RIPTON TOWN,local
DR-1336-0006-F,HMGP,2000,1336.0,ADDISON,403.1: Stormwater Management - Culverts,Closed,Ripton (Town of),2002-09-28T00:00:00.000Z,0.0,0.0,0.75,1.04,25501.0,0,0,0.0,1.0,stormwater_culverts,False,False,False,False,False,False,True,False,False,False,0.0,0.0,0.0,0.0,0.0,0.0,0.0,0.0,0.0,0.0,RIPTON TOWN,local
DR-1358-0005-R,HMGP,2001,1358.0,ADDISON,403.1: Stormwater Management - Culverts,Closed,Lincoln (Town of),2004-06-07T00:00:00.000Z,2632.0,1974.0,0.75,1.17,7458.0,0,0,3589.8487656132997,1.0,stormwater_culverts,False,False,False,False,False,False,True,False,False,False,0.0,0.0,0.0,0.0,0.0,0.0,3589.8487656132997,0.0,0.0,0.0,LINCOLN TOWN,local
DR-1428-0001-P,HMGP,2002,1428.0,ESSEX,91.1: Local Multihazard Mitigation Plan,Closed,Lyndonville,2007-10-18T00:00:00.000Z,25000.0,18750.0,0.75,0.0,0.0,0,0,33562.56001920615,0.0,local_mitigation_planning,False,False,False,False,False,False,False,False,True,False,0.0,0.0,0.0,0.0,0.0,0.0,0.0,0.0,33562.56001920615,0.0,LYNDON TOWN,local
DR-1358-0008-R,HMGP,2001,1358.0,ADDISON,300.4: Vegetation Management - Non Coastal Shoreline Stabilization,Closed,Goshen (Town of),2006-12-04T00:00:00.000Z,4366.0,3275.0,0.75,1.83,8526.0,0,0,5955.802789961275,1.0,shoreline_stabilization,False,False,True,False,False,False,False,False,False,False,0.0,0.0,5955.802789961275,0.0,0.0,0.0,0.0,0.0,0.0,0.0,GOSHEN TOWN,local
DR-1428-0011-R,HMGP,2002,1428.0,ADDISON,403.1: Stormwater Management - Culverts,Closed,Goshen (Town of),2006-12-05T00:00:00.000Z,3256.0,2442.0,0.75,11.06,41347.0,0,0,4371.187816901409,1.0,stormwater_culverts,False,False,False,False,False,False,True,False,False,False,0.0,0.0,0.0,0.0,0.0,0.0,4371.187816901409,0.0,0.0,0.0,GOSHEN TOWN,local
DR-1358-0009-R,HMGP,2001,1358.0,ADDISON,403.1: Stormwater Management - Culverts,Closed,Goshen (Town of),2006-12-05T00:00:00.000Z,5054.0,3791.0,0.75,1.79,10170.0,0,0,6894.182710455937,1.0,stormwater_culverts,False,False,False,False,False,False,True,False,False,False,0.0,0.0,0.0,0.0,0.0,0.0,6894.182710455937,0.0,0.0,0.0,GOSHEN TOWN,local
DR-1428-0014-R,HMGP,2002,1428.0,ESSEX,403.1: Stormwater Management - Culverts,Closed,Guildhall (Town of),2007-10-18T00:00:00.000Z,8700.0,6525.0,0.75,6.39,55555.0,0,0,11679.77088668374,1.0,stormwater_culverts,False,False,False,False,False,False,True,False,False,False,0.0,0.0,0.0,0.0,0.0,0.0,11679.77088668374,0.0,0.0,0.0,GUILDHALL TOWN,local
DR-4022-0153-R,HMGP,2011,4022.0,FRANKLIN,403.1: Stormwater Management - Culverts,Closed,Enosburg (Town of),2019-08-08T00:00:00.000Z,94814.0,71110.52,0.75,1.13,130933.0,0,0,101789.85152984477,1.0,stormwater_culverts,False,False,False,False,False,False,True,False,False,False,0.0,0.0,0.0,0.0,0.0,0.0,101789.85152984477,0.0,0.0,0.0,ENOSBURGH TOWN,local
DR-1559-0003-R,HMGP,2004,1559.0,FRANKLIN,403.1: Stormwater Management - Culverts,Closed,Fairfield (Town of),2008-07-15T00:00:00.000Z,25294.0,18970.0,0.75,1.62,90925.0,0,0,32331.116937427563,1.0,stormwater_culverts,False,False,False,False,False,False,True,False,False,False,0.0,0.0,0.0,0.0,0.0,0.0,32331.116937427563,0.0,0.0,0.0,FAIRFIELD TOWN,local
DR-1698-0001-R,HMGP,2007,1698.0,FRANKLIN,403.1: Stormwater Management - Culverts,Closed,Enosburg (Town of),2012-05-21T00:00:00.000Z,75152.0,56364.0,0.75,1.15,123837.0,0,0,87521.44483125882,1.0,stormwater_culverts,False,False,False,False,False,False,True,False,False,False,0.0,0.0,0.0,0.0,0.0,0.0,87521.44483125882,0.0,0.0,0.0,ENOSBURGH TOWN,local
DR-1715-0002-R,HMGP,2007,1715.0,FRANKLIN,200.1: Acquisition of Private Real Property (Structures and Land) - Riverine,Closed,Montgomery (Town of),2012-04-03T00:00:00.000Z,98865.0,74119.0,0.75,1.36,153903.0,1,1,115091.22790164064,1.0,acquisition,True,False,False,False,False,False,False,False,False,False,115091.22790164064,0.0,0.0,0.0,0.0,0.0,0.0,0.0,0.0,0.0,MONTGOMERY TOWN,local
