GEOID,town_name,aland_sqm,awater_sqm,town_area_sqm,pct_river_corridor,pct_high_risk_NFHL,nfhl_covered_flag,median_income,median_income_moe,total_population,total_population_moe,percent_elderly,percent_elderly_moe,median_year_house_built,median_year_house_built_moe,pct_no_vehicle,pct_no_vehicle_moe,occupied_housing_units,occupied_housing_units_moe,pct_renter_occupied,pct_renter_occupied_moe,pct_bachelors_or_higher,pct_bachelors_or_higher_moe,pct_below_poverty,pct_below_poverty_moe,percent_with_disability,percent_with_disability_moe,pct_mobile_home,pct_mobile_home_moe,nfip_claims,total_nfip_claims_paid,2011_2022_nfip_claims,2023_plus_nfip_claims,pre_2011_nfip_claims,2011_2022_nfip_claims_count,2023_plus_nfip_claims_count,pre_2011_nfip_claims_count,claims_paid_per_capita,claims_paid_per_housing_unit,irene_policies,flood2023_policies,today_policies,current_insurance_penetration,funding_acquisition_buyouts,funding_admin,funding_ecosystem_restoration,funding_equipment,funding_flood_control,funding_infrastructure_protection,funding_infrastructure_stormwater,funding_other,funding_planning,funding_structure_protection,federalShareObligated_adj,numberOfFinalProperties,numberOfProperties,2011_2022,2023_plus,pre_2011,cost_per_property,cost_per_final_property,share_acquisition_buyouts,share_admin,share_ecosystem_restoration,share_equipment,share_flood_control,share_infrastructure_protection,share_infrastructure_stormwater,share_other,share_planning,share_structure_protection,funding_per_capita,log_funding_per_capita,funding_per_occupied_unit,log_funding_per_occupied_unit,has_funding
5000100325,Addison town,107710362,19168382,126878736.0,3.2029443098973385,0.0,0,106667.0,7181.0,1175,185,27.148936170212767,6.32232404285933,1980.0,6.0,0.6122448979591837,0.8195369894697867,490,58,10.816326530612246,5.260227016158163,40.20156774916013,8.576477396596806,4.51063829787234,3.394276543403608,11.063829787234042,3.756212908335365,8.99390243902439,4.696541317694722,,,,,,,,,,,,,1.0,0.0020408163265306,,,,,,,,,,,,,,,,,,,,,,,,,,,,,,,,,False
5001900475,Albany town,99830311,1135549,100965867.0,3.6863522451888127,0.0,0,59167.0,13730.0,934,281,16.38115631691649,6.486895270519737,1983.0,10.0,1.7766497461928936,2.0638500882604203,394,82,6.852791878172589,5.517467692140151,45.25790349417637,17.799379546522196,8.029978586723768,4.105189386509486,27.62312633832976,18.233381862334767,6.981132075471698,3.959381032846911,,,,,,,,,,,,,,,,,,,,,,,,,,,,,,,,,,,,,,,,,,,,,,,False
5001300860,Alburgh town,75373352,47562250,122935601.0,0.2669187528937311,0.0,0,76429.0,22453.0,1832,231,27.074235807860266,5.830511333695005,1984.0,4.0,0.6361323155216284,1.0210888563930514,786,101,7.124681933842239,3.555021084214146,27.55244755244755,9.795281311766775,11.431742508324083,4.985009383280494,23.580786026200872,6.76154661212723,22.69180754226268,7.15795100780709,,,,,,,,,,,15.0,13.0,15.0,0.0190839694656488,,,,,,,,,,,,,,,,,,,,,,,,,,,,,,,,,False
5002701300,Andover town,74720639,149987,74870626.0,1.920217937351524,0.6676932450793971,1,102500.0,37746.0,616,120,22.727272727272727,7.6087744647567455,1980.0,5.0,0.0,4.201680672268908,238,45,17.22689075630252,10.597027390749336,43.3264887063655,16.52436983489494,4.567699836867863,2.6052360093111098,6.493506493506493,5.186474911460973,3.3678756476683938,3.4110434968850134,3.0,54002.36103948191,10216.16362519105,0.0,43786.19741429087,1.0,1.0,1.0,87.66617051863946,226.9006766364786,2.0,5.0,6.0,0.0252100840336134,145285.18396558578,0.0,0.0,0.0,0.0,0.0,0.0,0.0,0.0,0.0,145285.18396558578,1.0,1.0,145285.18396558578,0.0,0.0,145285.18396558578,145285.18396558578,1.0,0.0,0.0,0.0,0.0,0.0,0.0,0.0,0.0,0.0,235.85257137270415,5.467437885855917,610.4419494352344,6.415820019198606,True
5000301450,Arlington town,108847993,491791,109339770.0,4.52166845115246,4.365822389075959,1,102308.0,10759.0,2598,379,20.70823710546574,5.316486150736472,1966.0,6.0,3.4722222222222223,3.043331688828812,864,113,15.97222222222222,5.6116386557182,55.90885002649708,13.450354586597296,7.459207459207459,2.998787826682608,10.931485758275596,3.646002121994739,3.3734939759036147,2.510404670386721,5.0,64229.48489232477,64229.48489232477,0.0,0.0,5.0,0.0,0.0,24.722665470486824,74.33968158833885,20.0,25.0,21.0,0.0243055555555555,0.0,0.0,0.0,0.0,4473.224018482285,4473.224018482285,0.0,0.0,0.0,4473.224018482285,13419.672055446856,1.0,1.0,13419.672055446856,0.0,0.0,13419.672055446856,13419.672055446856,0.0,0.0,0.0,0.0,0.3333333333333333,0.3333333333333333,0.0,0.0,0.0,0.3333333333333333,5.165385702635433,1.818950697941616,15.53202784195238,2.8052995807729397,True
5002501900,Athens town,36137937,197266,36335204.0,1.9216920837925744,2.048010163990972,1,68438.0,30472.0,431,99,21.57772621809745,8.395523161005404,1973.0,8.0,13.966480446927374,9.369501402114029,179,36,26.256983240223462,14.410267947446007,30.275229357798167,12.042303474208625,12.064965197215775,6.85011639374261,20.18561484918793,8.978100902829386,19.73684210526316,9.870683635262784,,,,,,,,,,,,,,,,,,,,,,,,,,,,,,,,,,,,,,,,,,,,,,,False
5000902125,Averill town,93269918,5318195,98588267.0,1.0192742024863453,0.0,0,,,9,9,22.22222222222222,370.6850515024951,1973.0,14.0,0.0,111.11111111111111,9,9,0.0,111.11111111111111,22.22222222222222,196.57562236615703,0.0,111.11111111111111,0.0,384.9001794597506,0.0,3.4129692832764507,,,,,,,,,,,,,,,,,,,,,,,,,,,,,,,,,,,,,,,,,,,,,,,False
5000902162,Avery's gore,47207744,85001,47292818.0,0.4977601296901265,0.0,0,,,0,10,,,,,,,0,10,,,,,,,,,,,,,,,,,,,,,,,,,,,,,,,,,,,,,,,,,,,,,,,,,,,,,,,,,False
5001102500,Bakersfield town,108990794,256695,109247504.0,2.598216933304659,0.0,0,83462.0,18450.0,1109,180,21.19026149684401,6.208639916560415,1982.0,3.0,2.9017857142857144,2.939022032243846,448,72,6.026785714285714,4.786525245446134,39.22984356197352,11.16752135814725,7.303877366997296,3.882441647073952,13.706041478809738,5.244415809078865,4.914933837429111,4.407808726604219,,,,,,,,,,,2.0,1.0,1.0,0.0022321428571428,,,,,,,,,,,,,,,,,,,,,,,,,,,,,,,,,False
5002702575,Baltimore town,12314212,23776,12337991.0,0.0,0.0,1,107500.0,15622.0,361,78,14.681440443213296,6.1201749380667145,1977.0,10.0,0.0,7.462686567164178,134,30,14.17910447761194,8.8013594791762,25.46816479400749,11.070815450885943,1.10803324099723,1.4055805538693789,12.18836565096953,7.890515598426435,15.384615384615383,9.646846814059188,,,,,,,,,,,,,,,,,,,,,,,,,,,,,,,,,,,,,,,,,,,,,,,False
5002702725,Barnard town,124407498,613368,125020865.0,1.8100526199051288,1.699312564370696,1,97581.0,19059.0,1211,299,21.965317919075144,8.48625579922369,1971.0,8.0,0.0,2.092050209205021,478,112,14.644351464435148,12.007010292719492,55.29953917050692,17.63875063666705,2.6424442609413705,1.623260051793974,8.835672997522709,5.916150215464368,3.737113402061856,3.5318976016130117,1.0,0.0,0.0,0.0,0.0,0.0,1.0,0.0,0.0,0.0,6.0,8.0,14.0,0.0292887029288702,213676.5464208149,0.0,0.0,0.0,0.0,0.0,0.0,0.0,0.0,0.0,213676.5464208149,1.0,1.0,213676.5464208149,0.0,0.0,213676.5464208149,213676.5464208149,1.0,0.0,0.0,0.0,0.0,0.0,0.0,0.0,0.0,0.0,176.44636368357962,5.178668386820436,447.02206364187225,6.1048424804028905,True
5000502875,Barnet town,109623233,3396861,113020059.0,4.526264023769591,0.0,0,67386.0,15221.0,1855,236,28.787061994609164,6.4312689539499175,1974.0,6.0,2.6631158455392807,1.7602000653689935,751,90,20.10652463382157,7.457271938246899,35.58951965065502,9.017123582427782,8.194070080862534,3.60419126074437,12.776280323450134,3.6415660569900346,12.357414448669202,4.549681044138076,4.0,127686.3788949987,77750.7802436286,49935.59865137011,0.0,2.0,2.0,0.0,68.83362743665698,170.02180944740175,14.0,6.0,11.0,0.014647137150466,,,,,,,,,,,,,,,,,,,,,,,,,,,,,,,,,False
5002303175,Barre city,10327567,83565,10411139.0,9.791220775211832,9.184906677323248,1,65625.0,6517.0,8412,39,19.43651925820257,3.871593689728015,1947.0,13.0,13.605276013678557,4.279960006694085,4094,281,49.63361016121153,8.169681169572451,36.1073624231519,5.882015693012157,17.293777134587554,5.825375333391109,21.92578219742905,4.540600943885162,1.130334486735871,0.9493497986987096,206.0,10457388.10373423,1530004.8329797557,8824868.599941848,102514.6708126271,58.0,137.0,11.0,1243.1512248851914,2554.320494317106,65.0,99.0,153.0,0.037371763556424,1304283.2296981895,0.0,0.0,0.0,0.0,0.0,264206.8612855592,0.0,0.0,122199.89159482054,1690689.982578569,8.0,10.0,1240560.5999576985,450129.382620871,0.0,169068.99825785693,211336.2478223212,0.7714502618090583,0.0,0.0,0.0,0.0,0.0,0.1562716192844545,0.0,0.0,0.0722781189064871,200.9854948381561,5.3081958870910055,412.96775343882985,6.02578808054734,True
5002303250,Barre town,79183874,393130,79577002.0,1.7063308365711665,0.7079468799259038,1,93210.0,8984.0,8005,22,21.711430356027485,3.469768333763474,1974.0,4.0,3.4893617021276597,2.7885811425559384,3525,219,11.574468085106384,4.092047434411153,39.21665840356966,6.336205280949107,2.498438475952529,1.4116344386772717,12.59212991880075,2.934194333979297,5.81267217630854,3.1893800718553464,6.0,76640.01917029273,21898.44017292644,54741.57899736629,0.0,2.0,4.0,0.0,9.57401863463994,21.74184941001212,190.0,6.0,15.0,0.0042553191489361,462245.3400660518,0.0,0.0,0.0,0.0,0.0,87506.99753915785,0.0,0.0,0.0,549752.3376052097,3.0,3.0,87506.99753915785,0.0,462245.3400660518,183250.77920173656,183250.77920173656,0.8408246922235031,0.0,0.0,0.0,0.0,0.0,0.1591753077764968,0.0,0.0,0.0,68.67611962588504,4.243857642501695,155.95810995892472,5.055978954198457,True
5001903550,Barton town,110681861,4208427,114890280.0,3.910505441191707,0.0,0,66250.0,15713.0,2815,25,23.51687388987567,3.93203512530636,1966.0,11.0,8.58843537414966,3.563568268254117,1176,101,26.105442176870746,6.201768023696094,32.66405484818805,6.224945719553147,10.223525100769512,3.0432154346553104,20.722364100693177,3.492534612392658,7.473084230525649,4.540361808461872,15.0,1305453.1042357534,35388.984970205966,1270064.1192655475,0.0,5.0,10.0,0.0,463.74888249937953,1110.0791702684978,21.0,8.0,18.0,0.0153061224489795,46706.28859679178,0.0,20263.39303875069,0.0,0.0,0.0,7001.298869951173,0.0,0.0,0.0,73970.98050549364,1.0,1.0,0.0,0.0,73970.98050549364,73970.98050549364,73970.98050549364,0.6314136743573788,0.0,0.2739370615378794,0.0,0.0,0.0,0.0946492641047417,0.0,0.0,0.0,26.27743534831035,3.3060598163971298,62.90049362712045,4.157327086347712,True
5001504375,Belvidere town,92206005,138864,92344843.0,2.514798215761445,0.0,0,81563.0,18037.0,422,100,8.767772511848342,4.969945356232251,1989.0,8.0,5.670103092783505,5.855395967671493,194,50,13.917525773195877,10.915481016619578,35.85526315789473,15.77769057319249,5.450236966824645,3.5600673892441965,10.42654028436019,7.451138133566522,19.00826446280992,10.43989697192619,,,,,,,,,,,,1.0,1.0,0.0051546391752577,43281.2602951597,0.0,0.0,0.0,0.0,0.0,31841.467801782368,0.0,0.0,0.0,75122.72809694207,1.0,1.0,17335.281860681214,0.0,57787.44623626085,75122.72809694207,75122.72809694207,0.5761406885983618,0.0,0.0,0.0,0.0,0.0,0.4238593114016382,0.0,0.0,0.0,178.01594335768263,5.187474870911677,387.23055720073233,5.961599382734238,True
5000304825,Bennington town,108648373,653376,109301751.0,5.3394620609014405,5.27216181638294,1,59446.0,7440.0,15249,23,25.18197914617352,2.8176260879640225,1961.0,4.0,13.699276502044668,4.633478329387343,6358,335,41.55394778232148,6.676238523490744,36.863873404064016,4.805268662652493,13.19430105306628,3.745928652554569,22.49256555825899,3.3098461951253046,5.38802343861655,1.7718303473713215,11.0,140244.8104991312,140244.8104991312,0.0,0.0,11.0,0.0,0.0,9.196984097260884,22.05800731348399,204.0,144.0,185.0,0.0290972003774771,,,,,,,,,,,,,,,,,,,,,,,,,,,,,,,,,False
5002105200,Benson town,113651207,3971123,117622385.0,2.9873739869207543,7.851950737723023,1,78625.0,8146.0,784,141,26.913265306122447,8.035742878418478,1975.0,6.0,1.2738853503184715,1.6010206961762006,314,41,19.10828025477707,9.87455160471579,32.64604810996563,12.309253899209535,5.405405405405405,2.8751998079627565,10.81081081081081,4.639200440056216,20.56892778993436,7.289227044063875,,,,,,,,,,,2.0,,,,,,,,,,,,,,,,,,,,,,,,,,,,,,,,,,,,False
5001105425,Berkshire town,107977140,569265,108546393.0,4.735753699776037,0.0,0,71406.0,21049.0,1745,265,14.84240687679083,3.949183360779091,1979.0,4.0,5.683563748079877,5.742507567095824,651,94,22.734254992319507,9.063872271044309,22.035398230088497,7.050843214932072,14.639769452449569,7.708937964708378,12.99826689774697,4.181709318857731,19.101123595505616,6.565539479354444,,,,,,,,,,,2.0,3.0,2.0,0.0030721966205837,0.0,0.0,0.0,0.0,0.0,0.0,367999.39834710857,0.0,0.0,0.0,367999.39834710857,0.0,0.0,0.0,0.0,367999.39834710857,,,0.0,0.0,0.0,0.0,0.0,0.0,1.0,0.0,0.0,0.0,210.88790736223987,5.356057395982972,565.2832539894141,6.3390944017650215,True
5002305650,Berlin town,93344945,1764960,95109940.0,4.257283675436794,5.203611410378056,1,86691.0,20689.0,2880,15,26.77083333333333,4.3746038792427,1979.0,5.0,8.368200836820083,3.649536611503037,1195,87,12.05020920502092,5.014575899639864,28.513513513513512,4.653853031699122,10.894064613072878,4.5841621325519775,16.76737160120846,4.0065854440601845,22.52747252747253,7.007876577601642,40.0,5531846.285813551,1369042.1060538134,4162804.1797597385,0.0,11.0,29.0,0.0,1920.7799603519277,4629.160071810503,16.0,43.0,50.0,0.0418410041841004,197667.83293959592,0.0,0.0,0.0,0.0,0.0,51953.78079864062,0.0,0.0,0.0,249621.6137382365,1.0,1.0,197667.83293959592,0.0,51953.78079864062,249621.6137382365,249621.6137382365,0.7918698624666313,0.0,0.0,0.0,0.0,0.0,0.2081301375333687,0.0,0.0,0.0,86.67417143688769,4.473627345589659,208.88837969726907,5.346575864156748,True
5002705800,Bethel town,117835272,685956,118521220.0,5.372114209509812,2.842020176066813,1,75822.0,7137.0,1736,228,25.518433179723505,6.042939268471708,1966.0,8.0,3.4722222222222223,2.248780063875224,864,117,16.435185185185187,5.877488549508729,35.7478202548625,9.133437494916215,8.237327188940093,4.063706340312549,14.631336405529954,4.9131766751153485,0.8928571428571428,0.9876794609488646,9.0,889934.1807404123,614394.4847038038,275539.69603660854,0.0,5.0,4.0,0.0,512.6348967398689,1030.0164128939955,17.0,17.0,11.0,0.0127314814814814,529401.3961200824,0.0,65666.56579930862,0.0,0.0,0.0,0.0,0.0,0.0,0.0,595067.961919391,4.0,4.0,529401.3961200824,0.0,65666.56579930862,148766.99047984774,148766.99047984774,0.8896486283894345,0.0,0.1103513716105656,0.0,0.0,0.0,0.0,0.0,0.0,0.0,342.7810840549487,5.840005071234235,688.7360670363321,6.536309012873557,True
5000906325,Bloomfield town,104034229,612570,104646850.0,3.994555877081519,0.0,0,54375.0,17429.0,234,69,25.213675213675213,13.183402423517403,1981.0,9.0,6.1946902654867255,7.307127876169464,113,33,16.8141592920354,16.668859085807174,32.70440251572327,19.372662398453965,2.1367521367521367,3.89742030251774,25.64102564102564,19.792451431339543,22.95918367346939,13.028865389988828,,,,,,,,,,,,3.0,3.0,0.0265486725663716,,,,,,,,,,,,,,,,,,,,,,,,,,,,,,,,,False
5000706550,Bolton town,108170250,715843,108886029.0,3.2857523914526587,2.2978753969350354,1,111125.0,17013.0,1163,182,6.706792777300086,2.984784362268683,1986.0,2.0,0.7299270072992701,1.1034525407094553,548,103,18.43065693430657,10.27321403580856,58.3941605839416,15.761589483720323,2.9234737747205504,2.281929584914527,8.448275862068966,3.872432870278839,9.467455621301776,4.112710032236892,13.0,607122.5184650312,143398.58635956186,463723.9321054694,0.0,3.0,10.0,0.0,522.0314002278858,1107.8878074179402,5.0,11.0,21.0,0.0383211678832116,275263.6404328988,0.0,0.0,0.0,0.0,0.0,68969.50190389072,0.0,0.0,138772.93608275236,483006.0784195419,8.0,9.0,414036.5765156512,0.0,68969.50190389072,53667.34204661576,60375.759802442735,0.5698968454674461,0.0,0.0,0.0,0.0,0.0,0.14279220280119,0.0,0.0,0.2873109517313639,415.310471555926,6.031431307754204,881.3979533203319,6.782643148490016,True
5001707375,Bradford town,76818598,578962,77397563.0,4.238715157666246,0.6773335667105416,0,108162.0,14712.0,2827,22,22.85107888220729,5.787952064359246,1976.0,23.0,4.470359572400389,3.8263678584998497,1029,121,12.925170068027212,8.877428719080518,36.15537848605578,8.694038630248174,2.7588677893228235,2.078649793948184,25.912796880538817,8.406208088816038,13.097199341021415,8.874322294677974,2.0,51749.63213780801,46903.598376449336,4846.033761358676,0.0,1.0,1.0,0.0,18.305494212171208,50.29118769466279,22.0,8.0,8.0,0.0077745383867832,,,,,,,,,,,,,,,,,,,,,,,,,,,,,,,,,False
5001707600,Braintree town,99570804,275788,99846596.0,3.279609634970841,0.0,0,79803.0,4855.0,1026,135,33.23586744639376,7.035913259961514,1979.0,5.0,1.36986301369863,1.5777412423284831,511,73,18.98238747553816,8.841028152358788,30.943847072879333,8.40478931012645,11.11111111111111,5.368592340709712,20.56530214424951,6.440712873690527,25.95041322314049,9.03811820402422,,,,,,,,,,,1.0,6.0,7.0,0.0136986301369863,,,,,,,,,,,,,,,,,,,,,,,,,,,,,,,,,False
5002107750,Brandon town,102913148,580731,103493889.0,9.304929801157176,22.00989177337606,1,64180.0,12058.0,4120,14,22.25728155339806,4.1154707078954855,1951.0,22.0,2.701115678214915,1.8922987211343087,1703,141,15.736934820904288,5.842956755584722,32.11749515816656,6.41809125302733,14.156700024408105,5.0527798941852495,21.94288503783256,5.47031974551409,7.656731757451182,4.318515493726721,7.0,92052.95548553445,92052.95548553445,0.0,0.0,7.0,0.0,0.0,22.34295036056661,54.053408975651465,33.0,12.0,14.0,0.008220786846741,1225474.210708647,0.0,0.0,0.0,0.0,0.0,2669177.4239813588,0.0,0.0,0.0,3894651.634690005,8.0,8.0,3894651.634690005,0.0,0.0,486831.45433625067,486831.45433625067,0.3146556677350139,0.0,0.0,0.0,0.0,0.0,0.6853443322649863,0.0,0.0,0.0,945.3037948276713,6.852563653680162,2286.9357807927217,7.73540528427043,True
5002507900,Brattleboro town,83023840,1515022,84538868.0,4.02485155074193,4.69952951204849,1,58241.0,8266.0,12122,20,25.540339877907936,3.2230401880538646,1955.0,5.0,9.903688896965292,3.5932434491308043,5503,264,41.468290023623474,5.939991646897098,46.548652861278114,5.411129911347681,17.75103105799175,4.192726111783513,18.16057419462527,3.098622958841003,5.144312393887946,2.153251333142642,26.0,1621808.5155357248,1611154.340886302,0.0,10654.174649422705,22.0,1.0,3.0,133.79050614879762,294.71352272137466,114.0,74.0,59.0,0.0107214246774486,905943.9674004776,660837.0569579948,1065911.2414956975,0.0,0.0,0.0,716612.0768838038,0.0,0.0,74218.69417723965,3423523.036915214,13.0,13.0,3349304.3427379737,0.0,74218.69417723965,263347.92591655493,263347.92591655493,0.2646233010941804,0.1930283657601574,0.3113492241770171,0.0,0.0,0.0,0.2093200685833595,0.0,0.0,0.0216790403852853,282.42229309645387,5.646937987170761,622.1193961321486,6.4347381475075975,True
5002708275,Bridgewater town,128160488,352346,128512914.0,2.908058457478398,1.6933694416082803,1,70272.0,3460.0,980,218,30.20408163265306,9.52568951836258,1976.0,4.0,6.971677559912854,5.037194879371777,459,102,14.596949891067537,7.492396622921301,40.33613445378151,13.490575459161406,14.754098360655735,7.893015085549305,19.081632653061227,6.981702604991241,4.377564979480164,2.948677562548425,15.0,1377470.027617991,1169251.6186476557,208218.4089703356,0.0,7.0,8.0,0.0,1405.5816608346847,3001.024025311527,9.0,20.0,20.0,0.0435729847494553,939270.7314499668,0.0,0.0,0.0,0.0,0.0,0.0,0.0,0.0,0.0,939270.7314499668,5.0,5.0,939270.7314499668,0.0,0.0,187854.14628999337,187854.14628999337,1.0,0.0,0.0,0.0,0.0,0.0,0.0,0.0,0.0,0.0,958.4395218877212,6.866349282599028,2046.3414628539583,7.62429738310984,True
5000108575,Bridport town,113158876,6686784,119845671.0,3.367871229790508,0.0,0,83214.0,17776.0,1235,204,24.291497975708506,6.468953523622528,1978.0,6.0,1.509433962264151,1.3443232160860017,530,88,17.92452830188679,9.354012129854048,34.825327510917035,9.700377240954412,4.4189852700491,3.835924478854466,13.360323886639677,5.285432984596836,9.146341463414634,5.803389499622703,,,,,,,,,,,5.0,6.0,6.0,0.0113207547169811,,,,,,,,,,,,,,,,,,,,,,,,,,,,,,,,,False
5000908725,Brighton town,136927046,3829048,140756100.0,2.8782513992541148,0.0,0,47375.0,21292.0,1167,194,27.16366752356469,7.870890878143889,1967.0,10.0,11.732851985559568,6.037720899216389,554,83,48.91696750902527,13.833650435772674,25.87666263603386,9.021237410067725,22.022279348757497,16.18636458547377,24.50728363324764,8.201389041930623,5.846774193548387,2.261367409676386,,,,,,,,,,,1.0,1.0,6.0,0.0108303249097472,,,,,,,,,,,,,,,,,,,,,,,,,,,,,,,,,False
5000109025,Bristol town,105018080,1711027,106729120.0,2.9245375060532544,0.0,0,74620.0,8110.0,3778,26,21.94282689253573,4.833447209138964,1976.0,5.0,6.125738850080602,3.896236093198597,1861,140,28.694250403009136,8.033231964280235,41.88006482982172,7.705230892214633,10.08515167642363,5.482154168952672,18.70675891431613,6.606141765119386,8.971668415529905,5.914073063000272,1.0,17616.578490681364,0.0,0.0,17616.578490681364,0.0,0.0,1.0,4.662937662964892,9.466189409286065,6.0,8.0,12.0,0.0064481461579795,796625.3759934192,0.0,0.0,0.0,0.0,0.0,0.0,0.0,0.0,0.0,796625.3759934192,15.0,15.0,0.0,0.0,796625.3759934192,53108.35839956128,53108.35839956128,1.0,0.0,0.0,0.0,0.0,0.0,0.0,0.0,0.0,0.0,210.85901958534123,5.355921051504198,428.0630714634171,6.061603927849921,True
5001709325,Brookfield town,105876670,921312,106797936.0,2.375126446502851,0.0,0,98500.0,22893.0,1486,228,29.67698519515477,9.078396828300162,1975.0,10.0,2.358490566037736,2.3852070635915625,636,96,12.10691823899371,6.248068004972997,45.28301886792453,11.510618791667428,6.3257065948856,3.826351202457656,12.584118438761775,4.279554025075207,9.72972972972973,4.912623050221051,,,,,,,,,,,1.0,2.0,4.0,0.0062893081761006,,,,,,,,,,,,,,,,,,,,,,,,,,,,,,,,,False
5002509475,Brookline town,33290178,287232,33577425.0,5.591928735067947,3.161157024079249,1,80833.0,15948.0,531,90,19.58568738229755,6.332600859593499,1975.0,3.0,5.660377358490567,6.195052912602217,212,33,15.09433962264151,9.722150996396204,41.05793450881612,11.393277163542775,6.214689265536723,3.7299742993556886,9.227871939736348,5.256141892123764,5.947955390334572,5.294614991462854,5.0,792522.5061172345,496871.4096561531,295651.0964610814,0.0,3.0,2.0,0.0,1492.5094277160724,3738.313708100163,3.0,4.0,3.0,0.0141509433962264,0.0,0.0,74956.06065897322,0.0,0.0,0.0,0.0,0.0,0.0,0.0,74956.06065897322,0.0,0.0,0.0,0.0,74956.06065897322,,,0.0,0.0,1.0,0.0,0.0,0.0,0.0,0.0,0.0,0.0,141.16018956492132,4.956954517307249,353.5663238630812,5.870895419764978,True
5001909850,Brownington town,72730869,722634,73453512.0,3.658442417130851,0.0,0,75556.0,17399.0,1144,190,11.713286713286712,3.381292344910345,1985.0,4.0,5.365853658536586,3.289744866638639,410,67,19.02439024390244,10.007341804306431,21.762349799732977,6.484963793336587,21.503496503496503,8.401739089215045,14.772727272727272,4.8777655806629205,26.70250896057348,7.93288712748714,,,,,,,,,,,,,,,,,,,,,,,,,,,,,,,,,,,,,,,,,,,,,,,False
5000910075,Brunswick town,64204636,1369667,65574468.0,3.895645343061864,0.0,0,128125.0,32976.0,109,56,39.44954128440367,25.275938884255755,1976.0,8.0,0.0,24.390243902439025,41,14,4.878048780487805,7.50426769482146,35.80246913580247,27.94212124759824,4.587155963302752,5.157136171017316,26.605504587155966,31.165431469342156,2.941176470588235,4.942837909392416,,,,,,,,,,,1.0,2.0,2.0,0.048780487804878,,,,,,,,,,,,,,,,,,,,,,,,,,,,,,,,,False
5000710300,Buels gore,12944561,10633,12955198.0,0.0030213344789984,0.0,1,71250.0,29215.0,19,14,73.68421052631578,168.78377983153737,1995.0,2.0,7.6923076923076925,17.200522903844536,13,13,0.0,76.92307692307693,88.23529411764706,141.246844526553,0.0,52.63157894736842,15.789473684210526,167.91753900536318,0.0,76.92307692307693,,,,,,,,,,,,,,,,,,,,,,,,,,,,,,,,,,,,,,,,,,,,,,,False
5000510450,Burke town,86928057,354615,87282659.0,4.0586076252744725,0.0,0,87143.0,17233.0,1317,197,21.716021260440392,5.089119274527644,1981.0,5.0,3.0249110320284696,3.9348013839801297,562,74,11.387900355871883,6.405731288751794,41.434689507494646,10.043372937951029,10.02277904328018,3.73130036785999,13.439635535307518,4.038586485215281,3.303964757709251,2.335338617133209,1.0,15369.988933008806,0.0,15369.988933008806,0.0,0.0,1.0,0.0,11.670454770697653,27.348734756243427,,5.0,6.0,0.0106761565836298,,,,,,,,,,,,,,,,,,,,,,,,,,,,,,,,,False
5000710675,Burlington city,26684548,13079229,39763794.0,8.667156576596845,15.9138862358167,1,71109.0,4193.0,44675,33,12.13430330162283,1.0834840986906529,1957.0,3.0,13.168418647166364,2.23472616252572,17504,566,58.48377513711152,3.711476538624808,60.46763639394823,4.128710619718528,20.45349249175592,2.386318277681452,13.652046453940692,1.402474299402091,0.8794734222025554,0.6256601478275932,9.0,83604.36369548715,46298.81333620435,37305.55035928279,0.0,6.0,3.0,0.0,1.8713903457299863,4.776300485345472,28.0,38.0,31.0,0.0017710237659963,876895.1060466941,0.0,0.0,0.0,0.0,0.0,0.0,0.0,0.0,16176.277503938729,893071.3835506329,3.0,3.0,876895.1060466941,0.0,16176.277503938729,297690.4611835443,297690.4611835443,0.9818869154225658,0.0,0.0,0.0,0.0,0.0,0.0,0.0,0.0,0.0181130845774341,19.99040589928669,3.0440654713914816,51.02098854836797,3.951647263076547,True
5002311125,Cabot town,96181962,3313053,99495007.0,2.139552389261973,6.622463125647993,1,77031.0,16166.0,1579,360,21.02596580113996,6.36927692709669,1977.0,8.0,2.1015761821366024,1.6246355828765435,571,107,16.28721541155867,7.162661264336879,44.7265625,11.974979067634722,9.01481004507405,6.0783795117842745,12.412919569347688,4.936539479643472,12.952646239554316,9.320890363252794,6.0,163972.26505490142,0.0,163972.26505490142,0.0,0.0,6.0,0.0,103.8456396801149,287.16683897530896,7.0,5.0,8.0,0.0140105078809106,0.0,0.0,9875.627291781886,0.0,0.0,0.0,703851.6647718513,0.0,0.0,0.0,713727.2920636332,0.0,0.0,703851.6647718513,0.0,9875.627291781886,,,0.0,0.0,0.0138366956141301,0.0,0.0,0.0,0.9861633043858696,0.0,0.0,0.0,452.0122178997044,6.115919096200346,1249.9602312848217,7.131666720421102,True
5002311350,Calais town,98239517,1615483,99855026.0,3.082316108660112,7.032466871349122,1,100625.0,27461.0,1713,293,21.599532983070635,5.209057083329904,1976.0,6.0,0.8902077151335311,0.8990070057703072,674,95,7.566765578635016,3.2932120758683334,55.41972290138549,12.421219013002048,8.756567425569177,4.079415449620102,8.114419147694104,2.9647658701039776,3.0012004801920766,1.7267676254150008,4.0,31757.66123559336,6768.496098212197,24989.16513738116,0.0,1.0,3.0,0.0,18.539206792523853,47.1181917442038,6.0,8.0,11.0,0.016320474777448,,,,,,,,,,,,,,,,,,,,,,,,,,,,,,,,,False
5001511500,Cambridge town,163019446,1342592,164362072.0,5.732905696693148,1.0206841275731758e-05,0,72344.0,19222.0,3767,22,14.414653570480487,3.519271291049021,1985.0,4.0,6.7807351077313065,5.042866837148657,1578,141,29.721166032953107,8.174704407735666,50.6586375611592,8.231682459521544,6.663127156888771,3.1592521461300165,7.82122905027933,2.323621198986986,2.5111607142857144,2.689773766504234,30.0,1838343.6322995669,243789.45100553677,1594554.1812940305,0.0,10.0,20.0,0.0,488.01264462425456,1164.9832904306506,22.0,29.0,43.0,0.0272496831432192,713254.9381274292,0.0,79736.67043272045,0.0,0.0,891456.5329594695,560072.9261975553,0.0,0.0,205112.6585147705,2449633.726231945,4.0,6.0,1656642.1176717952,351952.83584976784,441038.7727103818,408272.2877053242,612408.4315579863,0.291167994010503,0.0,0.0325504460437733,0.0,0.0,0.3639142143632706,0.2286353752399816,0.0,0.0,0.0837319703424712,650.28768946959,6.478951463899116,1552.3661129480008,7.348179540985146,True
5000911800,Canaan town,85526366,1001721,86528096.0,3.0665979065529645,0.0,0,55606.0,3733.0,810,110,28.51851851851852,8.083450719830047,1972.0,8.0,2.604166666666667,2.887896834091505,384,54,8.59375,4.840776699932461,13.777089783281737,5.87252758707608,10.37037037037037,4.427486412849127,10.987654320987652,4.441153689905375,5.263157894736842,2.6601089685696446,3.0,469079.390501016,469079.390501016,0.0,0.0,3.0,0.0,0.0,579.1103586432296,1221.5609127630623,7.0,6.0,4.0,0.0104166666666666,,,,,,,,,,,,,,,,,,,,,,,,,,,,,,,,,False
5002111950,Castleton town,100858959,8939647,109798608.0,3.2591532406705843,13.827420605892538,1,73854.0,22842.0,4453,17,20.70514260049405,4.557418319405763,1974.0,3.0,5.2916416115454,4.672000574755377,1663,196,21.04630186410102,8.488376207717739,37.85249457700651,8.184642571234663,12.469033856317091,5.618251856312618,15.629912418594206,4.419881579392921,8.418803418803419,4.677398385837022,7.0,44916.07439854522,38826.80652850605,6089.267870039171,0.0,5.0,2.0,0.0,10.086699842475907,27.009064581205784,24.0,15.0,12.0,0.0072158749248346,0.0,0.0,0.0,0.0,6409.633205422076,2857.03603788942,329392.04865149345,0.0,0.0,0.0,338658.7178948049,0.0,0.0,0.0,0.0,338658.7178948049,,,0.0,0.0,0.0,0.0,0.0189265265198725,0.0084363280403632,0.972637145439764,0.0,0.0,0.0,76.05181178863799,4.34447807594311,203.64324587781417,5.3212681991092285,True
5002712250,Cavendish town,102045907,572284,102618201.0,3.5327859320045154,2.967622552357496,1,89063.0,28784.0,1242,217,23.59098228663446,6.150686370466995,1968.0,10.0,2.178649237472767,1.571616735342406,459,80,18.736383442265797,10.127024700142934,39.32346723044397,10.320519645839576,6.290849673202614,3.197862861903077,17.18241042345277,5.570329754942821,11.538461538461538,6.452565490274237,26.0,2128823.3005324868,255832.01254941392,1872991.287983073,0.0,6.0,20.0,0.0,1714.0284223288943,4637.959260419361,15.0,28.0,40.0,0.0871459694989106,0.0,0.0,0.0,0.0,0.0,0.0,0.0,0.0,0.0,0.0,0.0,0.0,0.0,0.0,0.0,0.0,,,0.0,0.0,0.0,0.0,0.0,0.0,0.0,0.0,0.0,0.0,0.0,0.0,0.0,0.0,False
5001913150,Charleston town,96102891,3703014,99805906.0,3.883551989555861,0.0,0,49286.0,16836.0,936,144,37.71367521367522,11.884609547052342,1980.0,7.0,3.2327586206896552,2.871034995300488,464,90,12.93103448275862,6.7344963276250125,13.648293963254591,5.310293473182267,12.286324786324784,6.376350636889738,19.444444444444446,9.0837100594017,7.455429497568882,5.070400032736446,,,,,,,,,,,,,,,0.0,0.0,0.0,0.0,0.0,199324.8582592104,106705.84599741409,0.0,0.0,0.0,306030.70425662445,0.0,0.0,306030.70425662445,0.0,0.0,,,0.0,0.0,0.0,0.0,0.0,0.6513230714656165,0.3486769285343834,0.0,0.0,0.0,326.9558806160518,5.792879089019904,659.5489315875527,6.493071203864199,True
5000713300,Charlotte town,106841362,23596627,130437998.0,2.4610479858434373,0.8494310956630912,1,144375.0,27387.0,3916,31,22.318692543411643,5.19039008525449,1982.0,5.0,6.585500830105147,5.230257699833938,1807,149,4.537908135030437,3.0666328979430064,66.2276258020939,11.219364274435572,3.702757916241063,2.8346765793111546,8.682328907048008,3.0591593197803126,1.286939942802669,1.4816717694687145,2.0,191683.11885596628,176453.557296206,0.0,15229.561559760265,1.0,0.0,1.0,48.9487024657728,106.07809565908482,6.0,10.0,10.0,0.0055340343110127,,,,,,,,,,,,,,,,,,,,,,,,,,,,,,,,,False
5001713525,Chelsea town,103731778,123968,103855789.0,3.082226321388867,0.0,0,65913.0,13458.0,1223,205,29.435813573180702,7.797990961260864,1967.0,10.0,4.174573055028463,3.28296553991261,527,77,18.785578747628083,7.892992789195325,29.565217391304348,8.63582169123574,14.333333333333334,9.324019757832158,21.166666666666668,6.738422375535026,14.305555555555555,6.83513517361943,13.0,368440.2122438871,157031.61044265504,179870.90881399263,31537.6929872394,5.0,6.0,2.0,301.2593722353941,699.1275374646814,19.0,12.0,22.0,0.0417457305502846,609869.2567721722,0.0,0.0,0.0,0.0,0.0,0.0,0.0,0.0,0.0,609869.2567721722,3.0,3.0,609869.2567721722,0.0,0.0,203289.75225739076,203289.75225739076,1.0,0.0,0.0,0.0,0.0,0.0,0.0,0.0,0.0,0.0,498.6666040655537,6.213941084148731,1157.2471665506114,7.054663077974414,True
5002713675,Chester town,144290216,670390,144960621.0,4.869170006818224,3.944705112990873,1,62125.0,7868.0,2992,30,29.77941176470588,7.955936521941491,1972.0,8.0,4.294478527607362,5.158682190668417,1304,140,13.34355828220859,6.898848650006338,33.12638580931264,8.604579028398618,6.951871657754011,5.448306874442134,17.914438502673796,6.13553743429658,7.252514557967178,5.376448918165487,25.0,497042.812637161,82354.08999715507,405694.83948261687,8993.883157389097,8.0,14.0,3.0,166.12393470493348,381.1678011021173,47.0,33.0,40.0,0.0306748466257668,915695.369422258,0.0,882430.9123622994,0.0,0.0,194891.92904268653,0.0,0.0,0.0,0.0,1993018.210827244,6.0,6.0,1499991.0225538197,493027.18827342446,0.0,332169.70180454064,332169.70180454064,0.4594515817505649,0.0,0.4427610884679412,0.0,0.0,0.0977873297814938,0.0,0.0,0.0,0.0,666.115712174881,6.5029635123910055,1528.3881984871502,7.332623064147209,True
5002114350,Chittenden town,188383539,3174076,191557635.0,1.4195021503539214,2.3326284869902403,1,106250.0,27864.0,1318,233,21.775417298937786,6.768074581349401,1980.0,4.0,3.732809430255403,3.188680504906774,509,73,6.4833005893909625,2.9034076897612646,51.54349859681946,17.450338207215545,6.600910470409711,3.969046029470332,11.684370257966616,3.970952659219916,1.572327044025157,1.1169696083954526,,,,,,,,,,,2.0,2.0,3.0,0.005893909626719,0.0,0.0,0.0,0.0,0.0,0.0,180538.44671545303,0.0,0.0,0.0,180538.44671545303,0.0,0.0,180538.44671545303,0.0,0.0,,,0.0,0.0,0.0,0.0,0.0,0.0,1.0,0.0,0.0,0.0,136.9790946247747,4.927102185455434,354.69242969637145,5.874066395895122,True
5002114500,Clarendon town,81031836,557195,81589038.0,8.394424455875013,10.162975507375524,1,59609.0,11945.0,2460,312,27.39837398373984,6.456294434135004,1971.0,7.0,7.295719844357977,5.886688715060229,1028,108,15.66147859922179,6.0640628491430295,25.47840349917988,7.1788539460696175,6.016260162601626,3.8965785027472553,21.056910569105693,5.119558338668084,14.391829155060352,5.909790764703965,,,,,,,,,,,2.0,7.0,7.0,0.0068093385214007,36688.30982582727,0.0,0.0,0.0,0.0,0.0,0.0,0.0,0.0,0.0,36688.30982582727,1.0,1.0,36688.30982582727,0.0,0.0,36688.30982582727,36688.30982582727,1.0,0.0,0.0,0.0,0.0,0.0,0.0,0.0,0.0,0.0,14.91394708366962,2.767195899806521,35.689017340298896,3.602477455242074,True
5000714875,Colchester town,94040216,62094186,156134493.0,5.204381071180843,16.09600734541564,1,97891.0,8720.0,17648,23,17.94537624660018,2.1115023905547483,1981.0,3.0,6.316976875352511,2.4146979257511645,7092,327,25.87422447828539,4.124422955817901,40.80770530584657,5.033206571140087,6.9671627106137,1.8756461556420625,12.147777082028805,2.08318069839282,9.20667260919394,2.4488993966399906,6.0,220683.15024452007,220683.15024452007,0.0,0.0,6.0,0.0,0.0,12.504711595904356,31.117195465950378,44.0,38.0,40.0,0.0056401579244218,0.0,0.0,488858.821279071,0.0,0.0,0.0,0.0,0.0,0.0,0.0,488858.821279071,0.0,0.0,0.0,0.0,488858.821279071,,,0.0,0.0,1.0,0.0,0.0,0.0,0.0,0.0,0.0,0.0,27.700522511280088,3.356915328567796,68.93102386901734,4.247509382950182,True
5000915250,Concord town,132826613,5657915,138484539.0,3.435459471939532,0.0,0,73304.0,9320.0,1145,157,27.074235807860266,6.627092888230036,1977.0,4.0,0.7722007722007722,0.9705592717017716,518,68,6.370656370656371,5.088499243273168,22.149837133550488,6.848290018471472,13.187772925764191,4.969492856710104,20.297462817147856,5.917331581246697,15.918958031837915,5.927330224007004,,,,,,,,,,,2.0,1.0,3.0,0.0057915057915057,,,,,,,,,,,,,,,,,,,,,,,,,,,,,,,,,False
5001715700,Corinth town,124945252,284940,125230211.0,3.2305027606564582,0.0,0,89167.0,28699.0,1539,254,27.29044834307992,7.280628226537063,1976.0,6.0,0.7836990595611284,0.9476513041429822,638,95,11.285266457680253,8.78294149059396,29.25060435132957,8.441000017554902,12.385919165580182,4.940180928917137,19.03833658219623,6.359290645382131,11.866359447004609,5.315488266233161,1.0,5370.085800336721,0.0,5370.085800336721,0.0,0.0,1.0,0.0,3.4893345031427687,8.417062382972917,4.0,4.0,4.0,0.006269592476489,,,,,,,,,,,,,,,,,,,,,,,,,,,,,,,,,False
5000116000,Cornwall town,73990773,439832,74430607.0,3.937010571839501,0.0,0,114583.0,32017.0,1208,207,25.662251655629134,6.107244199621314,1976.0,7.0,1.016260162601626,1.6380627743853566,492,96,5.691056910569105,2.866134013449292,54.73118279569893,13.222747198383736,0.8340283569641368,0.6009825285816363,9.850993377483444,4.211954019701344,7.829181494661921,6.211285113162926,,,,,,,,,,,,2.0,3.0,0.0060975609756097,,,,,,,,,,,,,,,,,,,,,,,,,,,,,,,,,False
5001916150,Coventry town,69987151,2043087,72030244.0,7.936158653036056,0.0,0,59342.0,2936.0,917,163,22.464558342420936,6.532908804912049,1993.0,6.0,4.761904761904762,4.870007164379712,378,81,17.195767195767196,17.06914122893668,21.669341894060995,7.815904513334296,19.629225736095965,8.294149657438417,18.21155943293348,6.669257521366875,14.725274725274726,6.86729989506904,3.0,208964.02477337903,71794.24888427036,137169.77588910869,0.0,1.0,2.0,0.0,227.8778896111004,552.8148803528546,6.0,2.0,1.0,0.0026455026455026,,,,,,,,,,,,,,,,,,,,,,,,,,,,,,,,,False
5001916300,Craftsbury town,101009278,1443997,102453262.0,4.855916021013278,3.240590122066513e-06,0,83672.0,15569.0,1352,229,25.7396449704142,7.4580900538844865,1983.0,7.0,5.692599620493358,4.32590660307218,527,105,17.4573055028463,8.695579534911612,46.18834080717489,13.889086097002185,6.610878661087866,4.371683522124685,13.6094674556213,5.040613801436441,8.85885885885886,4.879210049062268,1.0,0.0,0.0,0.0,0.0,0.0,1.0,0.0,0.0,0.0,3.0,3.0,1.0,0.0018975332068311,,,,,,,,,,,,,,,,,,,,,,,,,,,,,,,,,False
5002116825,Danby town,107599268,328278,107927569.0,2.2461430847753103,1.9294388236559985,1,77321.0,13471.0,1133,161,24.271844660194176,5.547881012956068,1981.0,4.0,3.4907597535934287,3.1099628305387794,487,60,10.677618069815194,4.312330834297448,34.77321814254859,8.910110978991154,9.355692850838482,4.608965034107433,11.915269196822594,3.9363033470964224,17.991004497751124,7.210326087544271,1.0,12893.878568576803,12893.878568576803,0.0,0.0,1.0,0.0,0.0,11.3802988248692,26.4761366911228,2.0,6.0,4.0,0.0082135523613963,82513.44810284571,0.0,0.0,0.0,0.0,0.0,0.0,0.0,0.0,0.0,82513.44810284571,1.0,1.0,82513.44810284571,0.0,0.0,82513.44810284571,82513.44810284571,1.0,0.0,0.0,0.0,0.0,0.0,0.0,0.0,0.0,0.0,72.82740344470054,4.301729983072969,169.43213162801993,5.138337162511038,True
5000517125,Danville town,156995401,1064232,158059572.0,2.731115095014868,4.739984278941412e-05,0,70946.0,7023.0,2360,265,24.703389830508478,5.538790936301514,1976.0,10.0,8.740601503759398,9.458974966954315,1064,130,15.88345864661654,11.073630535413075,32.76686139139671,8.778011441567749,5.2542372881355925,3.1489837259516653,21.694915254237287,7.360118933643091,5.709754163362411,6.215253839239044,,,,,,,,,,,,,,,,,,,,,,,,,,,,,,,,,,,,,,,,,,,,,,,False
5001917350,Derby town,126867751,21660451,148528212.0,1.6437714846234397,0.0,0,80250.0,7555.0,4537,23,27.176548379986777,4.18315057388927,1978.0,4.0,5.530575539568345,2.8508400833093326,2224,129,15.33273381294964,3.836519441634989,36.81793625067531,6.428105596354934,7.370517928286853,2.811274160117486,16.334661354581673,3.42254922924001,11.289120715350224,3.490749414015947,12.0,297485.83677888894,297485.83677888894,0.0,0.0,11.0,0.0,1.0,65.56884213773175,133.76161725669468,16.0,10.0,9.0,0.004046762589928,0.0,0.0,176773.72852289578,0.0,0.0,0.0,94237.31433876096,0.0,0.0,0.0,271011.04286165675,0.0,0.0,0.0,0.0,271011.04286165675,,,0.0,0.0,0.6522750019936775,0.0,0.0,0.0,0.3477249980063225,0.0,0.0,0.0,59.733533802437016,4.106495996960813,121.85748330110464,4.811025011243904,True
5000317725,Dorset town,122692449,334589,123027039.0,2.150206311212328,3.1738174841927167,1,111250.0,40453.0,2092,307,21.89292543021033,6.3932772459750735,1972.0,7.0,2.505966587112172,2.646956561457712,838,113,9.307875894988069,5.166700940475623,72.08653175157013,17.258303531867387,11.233269598470365,5.601775162734057,9.27342256214149,4.262486796271075,2.209944751381215,2.630798945152512,6.0,137617.95867776222,82951.07652705394,54666.8821507083,0.0,4.0,2.0,0.0,65.78296303908328,164.22190773002652,10.0,17.0,10.0,0.0119331742243436,911269.28556679,0.0,0.0,0.0,0.0,0.0,0.0,0.0,0.0,0.0,911269.28556679,1.0,1.0,911269.28556679,0.0,0.0,911269.28556679,911269.28556679,1.0,0.0,0.0,0.0,0.0,0.0,0.0,0.0,0.0,0.0,435.5971728330736,6.079010968678189,1087.4335149961694,6.992494799338499,True
5002517875,Dover town,92639355,224249,92863594.0,2.0948424704338944,2.005289637264518,1,52313.0,6562.0,1466,247,29.46793997271487,9.370459564025849,1984.0,2.0,3.443328550932568,2.929043828222893,697,119,18.938307030129124,15.407651310068632,48.88698630136986,16.075120428078286,7.348901098901099,6.100870028268803,13.369713506139156,6.138218525661804,0.390625,0.4236067064379601,5.0,193684.37327244924,193684.37327244924,0.0,0.0,5.0,0.0,0.0,132.11758067697767,277.88288848271054,35.0,20.0,19.0,0.0272596843615494,,,,,,,,,,,,,,,,,,,,,,,,,,,,,,,,,False
5002518325,Dummerston town,79502082,622704,80124784.0,3.260615123558762,2.5236162499687134,1,101696.0,21365.0,2090,309,24.30622009569378,5.878734628946845,1971.0,5.0,0.0,1.1111111111111112,900,137,7.111111111111111,4.574366169177762,58.71047737135772,12.162922758930002,4.497607655502392,2.760704807465851,15.35885167464115,5.492469230368996,7.197696737044145,5.460594742047385,1.0,0.0,0.0,0.0,0.0,0.0,0.0,1.0,0.0,0.0,4.0,6.0,9.0,0.01,,,,,,,,,,,,,,,,,,,,,,,,,,,,,,,,,False
5002318550,Duxbury town,111285314,528986,111814330.0,2.853961480637399,1.6541001485871742,1,105208.0,24886.0,1548,191,13.049095607235142,3.312381850446476,1988.0,7.0,2.564102564102564,1.8020435676744655,624,91,17.628205128205128,7.807193413818542,58.5144927536232,11.707982658841464,2.658884565499352,1.7176557146038538,7.622739018087856,2.8730267352675627,6.843575418994413,3.890196408402117,6.0,639411.4635009108,364844.3959939261,274567.06750698475,0.0,1.0,5.0,0.0,413.0565009695806,1024.6978581745366,2.0,10.0,7.0,0.0112179487179487,187068.0813054003,0.0,0.0,0.0,0.0,0.0,0.0,0.0,0.0,0.0,187068.0813054003,1.0,1.0,187068.0813054003,0.0,0.0,187068.0813054003,187068.0813054003,1.0,0.0,0.0,0.0,0.0,0.0,0.0,0.0,0.0,0.0,120.84501376317849,4.802749858127469,299.7885918355774,5.70640766527794,True
5000921250,East Haven town,96484367,116093,96600463.0,1.8065491012960917,0.0,0,38438.0,31249.0,225,83,18.666666666666668,15.543127592718,1973.0,8.0,6.086956521739131,5.519040777800204,115,34,6.086956521739131,5.519040777800204,25.0,16.420374076349667,16.0,13.77317772670338,34.66666666666667,22.110406291887045,22.56410256410257,12.94029941222934,,,,,,,,,,,,,,,,,,,,,,,,,,,,,,,,,,,,,,,,,,,,,,,False
5002321925,East Montpelier town,82227291,659922,82887226.0,4.578437528601112,5.585980582601043,1,92778.0,20811.0,2612,30,22.090352220520675,3.5977399316428462,1978.0,5.0,1.0434782608695654,1.1364786595558425,1150,129,17.82608695652174,6.406990522323741,59.579060982191045,11.413797516967088,2.14395099540582,1.416753060759517,8.652373660030628,2.5578564145565434,9.84,4.593649516250015,4.0,454653.47586458246,62600.71603419029,392052.7598303922,0.0,1.0,3.0,0.0,174.0633521686763,395.3508485778978,16.0,7.0,21.0,0.0182608695652173,,,,,,,,,,,,,,,,,,,,,,,,,,,,,,,,,False
5001523500,Eden town,162970286,2552928,165523226.0,1.760723889947365,0.0,0,83578.0,8097.0,1351,173,11.621021465581052,3.790324242539704,1991.0,4.0,0.3502626970227671,0.5275682078344793,571,78,22.59194395796848,11.119840661231184,17.39606126914661,6.033498294563459,6.096654275092937,4.383801912975558,13.101406365655071,5.307609230003608,18.352601156069365,7.86071051752615,,,,,,,,,,,,,,,0.0,0.0,0.0,0.0,0.0,0.0,9229.256504481436,0.0,0.0,0.0,9229.256504481436,0.0,0.0,0.0,0.0,9229.256504481436,,,0.0,0.0,0.0,0.0,0.0,0.0,1.0,0.0,0.0,0.0,6.83142598407212,2.058144611438113,16.163321373872915,2.842774628586799,True
5001523725,Elmore town,100826320,1416251,102242602.0,1.1062503259160892,0.0,0,98750.0,24182.0,964,200,14.626556016597512,5.010217263902026,1978.0,10.0,1.7500000000000002,2.0311527861352525,400,81,7.249999999999999,5.692573321058324,47.75449101796407,14.428767503748622,3.319502074688797,1.9901780787937469,7.780082987551867,4.465546263173096,1.4705882352941175,1.6996584136087511,,,,,,,,,,,,,,,,,,,,,,,,,,,,,,,,,,,,,,,,,,,,,,,False
5001124050,Enosburgh town,123278559,1267409,124545968.0,5.760930518300083,2.917588276983904e-05,0,63828.0,17162.0,2804,21,17.902995720399428,3.269597799926618,1972.0,15.0,7.540702656383891,4.338892288188247,1167,106,24.25021422450728,8.433269255385246,20.13285641287685,5.311342548979446,13.943355119825709,6.355863821036453,10.949963741841914,2.8791221420317226,14.232765011119348,5.572312134846568,1.0,13052.391549078162,13052.391549078162,0.0,0.0,1.0,0.0,0.0,4.654918526775378,11.18456859389731,1.0,3.0,3.0,0.0025706940874035,0.0,0.0,143741.1253002223,0.0,0.0,0.0,189311.2963611036,0.0,0.0,0.0,333052.4216613259,0.0,0.0,101789.85152984476,0.0,231262.57013148116,,,0.0,0.0,0.4315870894534124,0.0,0.0,0.0,0.5684129105465875,0.0,0.0,0.0,118.77761114883236,4.785636782981005,285.3919637200736,5.657361375056197,True
5000724400,Essex Junction city,11833863,499088,12332953.0,14.218976801605956,13.88904371593238,1,89257.0,16233.0,10803,21,14.875497546977693,2.528749573569482,1983.0,3.0,5.965133375341314,3.288727177292515,4761,225,40.705734089477005,6.729061855695538,52.43616466909848,8.06748935722516,9.530438010393468,4.909095723100717,12.678155565905916,2.8490406228695475,0.9670781893004116,1.5233639044011644,,,,,,,,,,,7.0,8.0,13.0,0.0027305187985717,,,,,,,,,,,,,,,,,,,,,,,,,,,,,,,,,False
5000724175,Essex town,88941934,817671,89759588.0,5.637134804157251,11.796984882731383,1,110199.0,14119.0,11516,22,19.94616186175756,3.2593508811680305,1990.0,4.0,5.883550488599348,5.120695030479815,4912,277,24.08387622149837,6.814242763535101,57.62154258559767,6.814759423797911,4.987770789657582,2.463383610772331,7.889684063536394,2.1086257951459477,1.4614614614614614,1.0439899463293063,1.0,0.0,0.0,0.0,0.0,1.0,0.0,0.0,0.0,0.0,2.0,11.0,12.0,0.002442996742671,0.0,0.0,0.0,0.0,0.0,0.0,136021.27517896035,0.0,0.0,0.0,136021.27517896035,0.0,0.0,0.0,0.0,136021.27517896035,,,0.0,0.0,0.0,0.0,0.0,0.0,1.0,0.0,0.0,0.0,11.81150357580413,2.5503434841810715,27.6916276830131,3.356605361845584,True
5002125375,Fair Haven town,45347088,1843176,47190242.0,6.330155062110222,13.421254365076509,1,62404.0,15631.0,2724,18,18.3553597650514,4.5197316206698535,,,1.1964107676969091,1.1119877798684148,1003,154,19.441674975074772,7.590646704748076,23.69693713057496,6.860395896646357,18.906020558002936,7.78367517876856,14.280469897209985,4.3539915298425935,6.481481481481481,3.9505929830998543,4.0,45667.5609531737,38005.15237995367,0.0,7662.408573220026,2.0,1.0,1.0,16.76489021775833,45.53096804902662,10.0,5.0,7.0,0.0069790628115653,,,,,,,,,,,,,,,,,,,,,,,,,,,,,,,,,False
5001124925,Fairfax town,102923826,1498531,104422321.0,7.937472476960712,2.4540992834876685e-05,0,128963.0,29451.0,5226,23,12.456946039035593,3.99979344770574,1994.0,7.0,3.414634146341464,2.886733387964481,1845,154,14.254742547425476,8.109441484700731,49.48535233570863,10.39152484517861,5.08993494068121,3.3678510033038225,8.706467661691542,3.462712386990014,2.556390977443609,2.4669466317959774,1.0,94678.35577105376,94678.35577105376,0.0,0.0,1.0,0.0,0.0,18.11679214907267,51.31618198973104,7.0,7.0,10.0,0.005420054200542,0.0,0.0,6912.93910424732,0.0,0.0,0.0,192156.2525159309,0.0,0.0,0.0,199069.19162017817,0.0,0.0,0.0,0.0,199069.19162017817,,,0.0,0.0,0.034726313238048,0.0,0.0,0.0,0.965273686761952,0.0,0.0,0.0,38.09207646769578,3.6659197985704446,107.8965808239448,4.690398632053396,True
5001125225,Fairfield town,174333510,2794673,177128192.0,3.988427167261276,0.0,0,87019.0,21892.0,1938,241,14.34468524251806,3.1084769543444017,1984.0,3.0,1.364256480218281,1.6468292419620971,733,96,11.45975443383356,4.875246485648585,30.20989505247376,6.735537167128565,5.056759545923633,3.5646755601950324,13.312693498452012,3.878338673113648,6.64451827242525,2.8609203911800622,,,,,,,,,,,,,,,0.0,0.0,0.0,0.0,25220.47360286733,25220.47360286733,108279.22302538525,0.0,0.0,0.0,158720.1702311199,1.0,1.0,50440.94720573466,0.0,108279.22302538525,158720.1702311199,158720.1702311199,0.0,0.0,0.0,0.0,0.1588989828207883,0.1588989828207883,0.6822020343584232,0.0,0.0,0.0,81.89895264763669,4.4176224281366725,216.535020779154,5.382359852643773,True
5001725675,Fairlee town,51715954,2808176,54524131.0,0.8798947067249919,0.0,0,74760.0,10174.0,1066,188,33.39587242026266,9.83688087730921,1972.0,8.0,4.930966469428008,3.5108347808866505,507,107,19.13214990138067,8.687636920933576,46.51162790697674,14.447237473260744,14.678030303030305,6.513105368253877,11.553030303030305,4.966623814203101,0.4622496147919877,0.6219409587229842,,,,,,,,,,,3.0,3.0,3.0,0.0059171597633136,,,,,,,,,,,,,,,,,,,,,,,,,,,,,,,,,False
5002325825,Fayston town,94551006,22418,94573413.0,1.6237848220020217,0.3201709735455337,1,110250.0,27966.0,1342,139,19.597615499254843,4.755625189246047,1977.0,2.0,0.7312614259597806,1.0992651226736312,547,54,12.979890310786104,7.784431700121046,66.86507936507937,11.403994143689456,4.172876304023846,2.423355495056916,7.377049180327869,2.796220461185232,3.1428571428571432,2.1082055475583266,,,,,,,,,,,,6.0,8.0,0.0146252285191956,,,,,,,,,,,,,,,,,,,,,,,,,,,,,,,,,False
5000925975,Ferdinand town,136906462,588881,137495378.0,3.5024861107742824,0.0,0,13849.0,172.0,68,57,23.52941176470588,58.2485767777992,1992.0,13.0,0.0,24.390243902439025,41,32,0.0,24.390243902439025,0.0,29.411764705882355,91.17647058823528,113.4350991364461,4.411764705882353,49.266324505339774,29.6875,31.131223018184997,,,,,,,,,,,,,,,,,,,,,,,,,,,,,,,,,,,,,,,,,,,,,,,False
5000126300,Ferrisburgh town,122981519,35540139,158521671.0,6.244593384090937,6.555679477220295e-05,0,106989.0,21771.0,2661,17,23.299511461856444,3.794391278241664,1968.0,6.0,2.9493087557603688,3.326007436663488,1085,85,14.654377880184333,6.734519671071275,51.10663983903421,8.32022470397325,2.2172115745960164,1.428104822925042,16.27207816610297,4.470368798328556,4.076086956521739,2.8666662999507366,2.0,164590.58151350784,164590.58151350784,0.0,0.0,2.0,0.0,0.0,61.85290549173538,151.6963884917123,19.0,16.0,20.0,0.0184331797235023,,,,,,,,,,,,,,,,,,,,,,,,,,,,,,,,,False
5001126500,Fletcher town,99319293,668308,99987652.0,1.761716554379996,0.0,0,105833.0,9059.0,1196,250,21.65551839464883,7.571858173515032,1987.0,5.0,0.6198347107438017,1.4507651987789936,484,89,3.925619834710744,2.981274302201664,32.33256351039261,10.950220387140684,3.8461538461538463,2.3178120494187606,10.840336134453782,5.273707185573132,8.781362007168457,5.852726828950203,,,,,,,,,,,,1.0,2.0,0.0041322314049586,,,,,,,,,,,,,,,,,,,,,,,,,,,,,,,,,False
5001127100,Franklin town,99934777,5903159,105837962.0,1.7497505494335173,0.0,0,79917.0,20711.0,1590,312,15.345911949685537,4.4815114608777264,1983.0,6.0,4.700162074554295,2.9151711962873854,617,125,25.28363047001621,15.307121672713397,21.671018276762403,8.81034923155931,8.553459119496855,5.244387391456376,14.654088050314463,5.278669747689401,9.288990825688073,4.592304141475608,,,,,,,,,,,3.0,2.0,3.0,0.0048622366288492,,,,,,,,,,,,,,,,,,,,,,,,,,,,,,,,,False
5001127700,Georgia town,101909601,15306109,117215737.0,2.913395336165684,0.0008444547424493,0,105011.0,8635.0,4890,16,16.05316973415133,4.49477388805491,1985.0,3.0,1.3179571663920924,1.4874452416267654,1821,164,3.459637561779242,2.1098981347889034,34.93436754176611,7.996814474864957,5.153374233128835,4.049114863515615,10.715754833401894,3.28254147462588,1.6145307769929365,1.4688899780778264,2.0,56661.49125457884,56661.49125457884,0.0,0.0,2.0,0.0,0.0,11.587217025476246,31.11559102393127,4.0,7.0,9.0,0.0049423393739703,0.0,0.0,96287.3660948734,0.0,0.0,0.0,0.0,0.0,0.0,0.0,96287.3660948734,0.0,0.0,0.0,0.0,96287.3660948734,,,0.0,0.0,1.0,0.0,0.0,0.0,0.0,0.0,0.0,0.0,19.690667913062043,3.0296827731630347,52.8760934073989,3.9866868434829104,True
5000327962,Glastenbury town,115027385,13915,115041291.0,1.3564659022426964,0.0,1,,,0,10,,,,,,,0,10,,,,,,,,,0.0,500.0,,,,,,,,,,,,,,,,,,,,,,,,,,,,,,,,,,,,,,,,,,,,,,,False
5001928075,Glover town,97274449,2522919,99797379.0,1.524289205645256,0.0,0,73839.0,17597.0,1051,156,24.1674595623216,6.216985517619156,1968.0,12.0,3.0023094688221708,3.50098629709568,433,73,6.928406466512701,4.540798058879993,35.45918367346938,11.925775918391505,9.31615460852329,5.61515258250521,14.568880079286425,4.869863255880868,7.810320781032078,4.571798592474379,3.0,111549.25405791652,0.0,111549.25405791652,0.0,0.0,3.0,0.0,106.13630262408805,257.61952438317905,10.0,4.0,5.0,0.0115473441108545,0.0,0.0,0.0,0.0,0.0,0.0,10830.676275289889,0.0,0.0,0.0,10830.676275289889,0.0,0.0,0.0,0.0,10830.676275289889,,,0.0,0.0,0.0,0.0,0.0,0.0,1.0,0.0,0.0,0.0,10.305115390380484,2.4252553126995564,25.01310918080806,3.258600610217592,True
5000128600,Goshen town,53303535,419568,53723104.0,1.3466751156644106,0.0,0,56250.0,32508.0,142,41,37.32394366197183,19.223884341613743,1978.0,7.0,2.857142857142857,4.355314341745064,70,19,0.0,14.285714285714285,42.27642276422765,23.474415718568054,16.19718309859155,15.510566549684818,17.6056338028169,19.197136562088684,4.545454545454546,3.780257798070879,,,,,,,,,,,1.0,1.0,1.0,0.0142857142857142,0.0,0.0,5955.802789961275,0.0,0.0,0.0,11265.370527357349,0.0,0.0,0.0,17221.173317318622,0.0,0.0,0.0,0.0,17221.173317318622,,,0.0,0.0,0.3458418703661597,0.0,0.0,0.0,0.6541581296338403,0.0,0.0,0.0,121.27586843182128,4.80627970868457,246.01676167598032,5.509456195361879,True
5002528900,Grafton town,98773085,259776,99032864.0,3.4720680990732244,3.759837639923731,1,76111.0,7381.0,666,137,34.23423423423424,10.161177203671803,1978.0,6.0,2.848101265822785,3.2004072346433965,316,53,10.126582278481012,6.859177325579075,48.37476099426386,14.188782024678355,4.504504504504505,2.85713032266737,12.462462462462462,5.849127794594183,5.785123966942149,4.218475245081531,10.0,264093.22736484907,174602.93084107168,89490.29652377739,0.0,7.0,2.0,1.0,396.5363774246983,835.7380612811679,18.0,19.0,27.0,0.0854430379746835,830334.6719429478,0.0,0.0,0.0,0.0,29868.966240118574,65336.048130886506,0.0,0.0,0.0,925539.6863139528,4.0,4.0,830334.6719429478,0.0,95205.01437100508,231384.92157848825,231384.92157848825,0.8971356757805082,0.0,0.0,0.0,0.0,0.0322719454192985,0.0705923788001931,0.0,0.0,0.0,1389.699228699629,7.23756194187136,2928.923057955547,7.98273144158288,True
5000929125,Granby town,100282642,240204,100522780.0,2.074077012276468,0.0,0,57083.0,51231.0,67,25,55.223880597014926,41.10862907752749,1978.0,9.0,0.0,24.390243902439025,41,14,9.75609756097561,12.64194980230158,10.526315789473683,31.84257082275232,7.462686567164178,9.378163242978212,26.86567164179105,40.79599692369833,8.75,8.021029488943423,,,,,,,,,,,,,,,,,,,,,,,,,,,,,,,,,,,,,,,,,,,,,,,False
5001329275,Grand Isle town,42510683,48160415,90671135.0,0.0,0.0001426453065327,0,100846.0,22253.0,2192,243,15.556569343065693,3.3030035902666994,1983.0,7.0,0.7567567567567568,1.0842969309830657,925,102,13.62162162162162,5.714456684592292,45.99260172626387,8.549898015137197,6.843065693430657,3.682988557270328,10.297482837528603,3.669877934733646,14.45279866332498,5.5005731400421976,1.0,0.0,0.0,0.0,0.0,1.0,0.0,0.0,0.0,0.0,6.0,11.0,12.0,0.0129729729729729,,,,,,,,,,,,,,,,,,,,,,,,,,,,,,,,,False
5000129575,Granville town,131792676,253918,132046612.0,1.997685837814514,0.0,0,60500.0,20870.0,414,102,18.357487922705317,7.728004300801975,1974.0,4.0,1.4563106796116505,1.9890574473121236,206,61,12.62135922330097,8.184688428928862,30.6060606060606,12.67126132894031,6.038647342995169,4.1412158244806365,5.314009661835748,7.191335007964271,14.285714285714285,15.648440120477783,2.0,27028.822723158188,27028.822723158188,0.0,0.0,2.0,0.0,0.0,65.28701140859465,131.20787729688442,9.0,2.0,2.0,0.0097087378640776,316570.0637879913,0.0,0.0,0.0,0.0,0.0,0.0,0.0,0.0,0.0,316570.0637879913,4.0,4.0,316570.0637879913,0.0,0.0,79142.51594699782,79142.51594699782,1.0,0.0,0.0,0.0,0.0,0.0,0.0,0.0,0.0,0.0,764.6619898260659,6.640740805808253,1536.7478824659772,7.338074211053536,True
5001930175,Greensboro town,97906517,4533331,102439860.0,2.2089594446321623,0.0063168025663634,0,91750.0,18139.0,633,106,37.124802527646125,9.820841931831607,1973.0,5.0,3.1141868512110724,3.497075621022778,289,47,18.68512110726644,10.484621177167035,56.58153241650295,17.68739540247487,8.40197693574959,5.960186705273861,10.214168039538714,5.613306186171233,1.3908205841446457,1.1223267098051055,,,,,,,,,,,3.0,2.0,3.0,0.0103806228373702,,,,,,,,,,,,,,,,,,,,,,,,,,,,,,,,,False
5000530550,Groton town,139414527,3122663,142537206.0,2.58130740404378,4.638290187128808e-05,0,77250.0,13883.0,967,213,20.47569803516029,7.038225309243602,1981.0,15.0,6.993006993006993,8.768448869372312,429,97,5.594405594405594,5.508507699360372,38.05555555555556,15.765862537757066,6.8252326783867625,4.694005675053446,16.75284384694933,8.979833970137,5.323741007194244,3.677778391366578,10.0,137064.30148194876,31133.982712241326,105930.31876970745,0.0,2.0,8.0,0.0,141.74178022952302,319.4972062516288,13.0,6.0,14.0,0.0326340326340326,0.0,0.0,0.0,0.0,0.0,0.0,2930.51187515536,0.0,0.0,0.0,2930.51187515536,0.0,0.0,0.0,0.0,2930.51187515536,,,0.0,0.0,0.0,0.0,0.0,0.0,1.0,0.0,0.0,0.0,3.0305190022289143,1.3938951523387446,6.831030012017156,2.0580940482243806,True
5000930775,Guildhall town,85391280,76269,85467544.0,1.8095288828600085,0.0,0,115000.0,45985.0,371,107,26.1455525606469,11.992767955602586,1958.0,8.0,1.89873417721519,2.6019739303024205,158,50,6.329113924050633,5.445040136837681,33.87755102040816,15.766770801682606,11.859838274932615,7.08047203157162,22.371967654986523,12.23680521741899,4.245283018867925,3.0156699049688256,,,,,,,,,,,7.0,5.0,4.0,0.0253164556962025,0.0,0.0,0.0,0.0,0.0,0.0,11679.77088668374,0.0,0.0,0.0,11679.77088668374,0.0,0.0,0.0,0.0,11679.77088668374,,,0.0,0.0,0.0,0.0,0.0,0.0,1.0,0.0,0.0,0.0,31.48186222825806,3.480681848263768,73.92260054863127,4.316455587980299,True
5002530925,Guilford town,102422834,337542,102760394.0,3.37213109215105,2.666323327958763,1,75243.0,6268.0,2461,342,27.590410402275506,6.766934524016308,1980.0,4.0,1.0999083409715855,1.2919887862497708,1091,149,19.890009165902843,8.424307070832516,44.81185860889396,9.6588629488268,10.559006211180124,5.098438658016214,11.986997155627794,4.341866194759624,3.0664395229982966,1.914454428923382,3.0,48027.67429554936,48027.67429554936,0.0,0.0,3.0,0.0,0.0,19.515511700751464,44.02169962928447,8.0,11.0,11.0,0.0100824931255728,0.0,0.0,0.0,0.0,0.0,0.0,15588.422413536711,0.0,0.0,0.0,15588.422413536711,0.0,1.0,0.0,0.0,15588.422413536711,15588.422413536711,,0.0,0.0,0.0,0.0,0.0,0.0,1.0,0.0,0.0,0.0,6.334182207857258,1.9925459136079404,14.28819652936454,2.727081061994313,True
5002531150,Halifax town,102868739,249724,103118479.0,2.482070160147902,0.3203136959937069,1,63889.0,7124.0,847,194,22.55017709563164,7.248028089522521,1968.0,6.0,10.45751633986928,7.731497981416943,306,53,13.398692810457517,8.493140038886333,44.89795918367347,10.909093905330488,6.02125147579693,3.045612583817127,13.81345926800472,5.757516411851703,4.642166344294004,3.3494310986860345,,,,,,,,,,,,1.0,2.0,0.0065359477124183,,,,,,,,,,,,,,,,,,,,,,,,,,,,,,,,,False
5000131525,Hancock town,99657749,278253,99936002.0,2.0248901045106984,0.0,0,76250.0,33926.0,435,112,19.770114942528732,8.063336212371246,1972.0,34.0,0.9523809523809524,1.4761817681244838,210,82,40.47619047619048,39.05519006088357,34.285714285714285,18.16014362075726,5.607476635514018,4.015994907722658,13.145539906103288,8.011931080170138,6.557377049180328,4.745251473439736,3.0,8267.227096910978,2031.101362094422,0.0,6236.125734816555,2.0,0.0,1.0,19.00511976301374,39.36774808052847,16.0,19.0,17.0,0.0809523809523809,0.0,0.0,0.0,0.0,0.0,0.0,0.0,0.0,0.0,0.0,0.0,0.0,0.0,0.0,0.0,0.0,,,0.0,0.0,0.0,0.0,0.0,0.0,0.0,0.0,0.0,0.0,0.0,0.0,0.0,0.0,False
5000531825,Hardwick town,99107582,1023094,100130674.0,4.746810501868843,5.894628052509602,1,92297.0,17316.0,2965,24,26.981450252951092,5.931311710581849,1962.0,21.0,4.876219054763691,4.155480066270383,1333,135,23.55588897224306,9.748763987739212,33.67122080211547,8.887050454705998,9.667571234735414,4.276409673955795,20.20236087689713,5.63222713879864,13.04075235109718,8.238608393973065,33.0,1700287.186431733,33122.62494581926,1661718.0735890667,5446.4878968469575,8.0,24.0,1.0,573.4526767054749,1275.5342733921475,30.0,20.0,37.0,0.0277569392348087,484722.6076065387,0.0,0.0,0.0,22946.7417538214,67539.91503823281,0.0,0.0,0.0,0.0,575209.264398593,3.0,3.0,0.0,353446.66311427543,221762.6012843175,191736.42146619767,191736.42146619767,0.8426891526396708,0.0,0.0,0.0,0.039892858432684,0.1174179889276449,0.0,0.0,0.0,0.0,193.9997519050904,5.27299828628135,431.5148270056962,6.069616607878412,True
5002732275,Hartford town,116836777,2282174,119118957.0,5.397860578916838,4.390703036577524,1,78125.0,6517.0,10736,22,22.475782414307005,3.31996600154403,1979.0,2.0,6.403415154749199,2.71263200162544,4685,259,32.209178228388474,5.342800245892274,47.58269720101781,6.2049493626213215,11.125740618828177,3.2729036302252434,15.41427630960218,3.005667971216782,7.291493257865824,2.7530594065471274,10.0,1612826.7744487445,1408881.9847082011,203944.78974054317,0.0,7.0,3.0,0.0,150.22604083911554,344.25331364967866,34.0,53.0,51.0,0.0108858057630736,2832179.302813443,0.0,0.0,0.0,0.0,54383.10437038448,0.0,0.0,0.0,0.0,2886562.407183828,8.0,9.0,2452700.421231363,379478.88158208,54383.10437038448,320729.1563537586,360820.3008979784,0.981159906941544,0.0,0.0,0.0,0.0,0.0188400930584561,0.0,0.0,0.0,0.0,268.86758636213,5.597931417821723,616.128582109675,6.425077401074517,True
5002732425,Hartland town,117145794,812800,117958606.0,3.168780143021028,5.283324364092476,1,86136.0,22743.0,3460,17,28.38150289017341,5.824131800994077,1971.0,6.0,0.8238276299112801,1.39582081847745,1578,130,8.17490494296578,4.925850715286388,36.618705035971225,8.389451556850158,8.517441860465116,3.721882419491133,14.826589595375722,5.12680862848266,9.044657998869418,5.652215481929193,3.0,8512.84009987361,2765.3113024336008,5747.528797440011,0.0,1.0,1.0,1.0,2.4603584103680958,5.39470221791737,8.0,8.0,8.0,0.0050697084917617,,,,,,,,,,,,,,,,,,,,,,,,,,,,,,,,,False
5001133025,Highgate town,132156859,23396219,155553024.0,6.92622189079015,0.0,0,81017.0,14337.0,3528,16,22.193877551020407,5.246721123905719,1980.0,15.0,4.557823129251701,3.5185301233761264,1470,189,19.25170068027211,10.897084435003174,19.48004393994874,6.06297328066945,8.134920634920634,5.045486358478732,23.767455115417494,7.42478450856112,11.070998796630564,5.763055262993441,2.0,6344.641816870102,6344.641816870102,0.0,0.0,2.0,0.0,0.0,1.7983678619246322,4.316082868619117,4.0,8.0,7.0,0.0047619047619047,837286.6184550504,0.0,3065746.129907214,0.0,0.0,0.0,93915.10694653062,0.0,0.0,0.0,3996947.855308795,4.0,4.0,3167869.4785427195,0.0,829078.3767660754,999236.9638271988,999236.9638271988,0.2094814965731805,0.0,0.7670217978538931,0.0,0.0,0.0,0.0234967055729264,0.0,0.0,0.0,1132.9217276952363,7.033437458709047,2719.012146468568,7.908391624893516,True
5000733475,Hinesburg town,101781959,1003618,102785561.0,2.970296123573496,5.885888898694961,1,112539.0,17526.0,4718,18,25.75243747350572,7.288528566587679,1983.0,2.0,2.430077945896378,2.303987691625793,2181,206,16.414488766620817,6.425518517492812,64.27350427350427,12.267146171565717,8.47816871555744,3.539783225546807,9.283594743535396,3.497680833856672,4.466279589102277,3.996172273934977,1.0,0.0,0.0,0.0,0.0,0.0,1.0,0.0,0.0,0.0,10.0,4.0,7.0,0.0032095369096744,0.0,0.0,0.0,0.0,0.0,0.0,20792.14570011758,0.0,0.0,0.0,20792.14570011758,0.0,0.0,0.0,0.0,20792.14570011758,,,0.0,0.0,0.0,0.0,0.0,0.0,1.0,0.0,0.0,0.0,4.406982980101225,1.6876912626422274,9.53330843655093,2.354542468303381,True
5001933775,Holland town,98241076,1906159,100147256.0,1.6089315432778473,0.0,0,60729.0,16361.0,790,166,20.126582278481013,7.099039067654651,1981.0,4.0,3.0470914127423825,3.922867397642684,361,70,27.97783933518005,15.65171020725237,25.09652509652509,9.684226776703484,13.885350318471335,9.746601659943405,11.0126582278481,6.078843487695465,11.6331096196868,9.164524945066036,,,,,,,,,,,,,,,,,,,,,,,,,,,,,,,,,,,,,,,,,,,,,,,False
5002134450,Hubbardton town,70505640,3531337,74036964.0,1.558706715974424,6.92330497397354,1,102321.0,17794.0,831,227,32.12996389891697,10.650000921740045,1973.0,2.0,2.0066889632107023,2.385203823393555,299,68,5.351170568561873,3.2467464715555434,43.20557491289199,15.58958824195726,3.980699638118215,2.4295321654410214,14.8014440433213,8.656661563797325,5.034722222222222,3.237976779917984,,,,,,,,,,,1.0,2.0,1.0,0.0033444816053511,,,,,,,,,,,,,,,,,,,,,,,,,,,,,,,,,False
5000734600,Huntington town,99009762,253634,99263411.0,3.369121515771781,2.072869137511665,1,94497.0,2859.0,1853,183,18.456556934700487,4.337441101573831,1977.0,5.0,2.3557126030624262,2.1416045527497407,849,109,20.023557126030624,11.940791041794837,56.81511470985156,11.31821740593892,5.828386400431732,3.554737338651792,6.233062330623306,2.2996034467227338,8.285385500575373,4.164341725961788,18.0,318718.036799634,203745.8447937534,114972.19200588058,0.0,11.0,6.0,1.0,172.00109919030436,375.404048056106,13.0,16.0,23.0,0.0270906949352179,981332.526711607,0.0,0.0,0.0,0.0,0.0,41643.887693246535,0.0,0.0,0.0,1022976.4144048536,5.0,7.0,981332.526711607,0.0,41643.887693246535,146139.48777212194,204595.2828809707,0.9592914488478465,0.0,0.0,0.0,0.0,0.0,0.0407085511521534,0.0,0.0,0.0,552.0649834888578,6.315475505448239,1204.9192160245625,7.094997389989272,True
5001535050,Hyde Park town,97566216,3498053,101064264.0,2.947073930532214,1.1314388319135852e-05,0,84375.0,9346.0,3000,18,18.666666666666668,4.107890726665234,1979.0,6.0,1.4162077104642017,1.423940302827054,1271,133,15.656963021243117,6.885412534489224,34.61538461538461,7.804845429259584,5.9244126659857,2.454567207185006,10.7,3.4392682483988426,22.835195530726256,8.668079274851797,2.0,87636.39361201374,0.0,87636.39361201374,0.0,0.0,2.0,0.0,29.212131204004574,68.9507424170053,4.0,5.0,5.0,0.003933910306845,255179.2503498121,0.0,0.0,0.0,0.0,0.0,32224.109875625632,0.0,0.0,0.0,287403.36022543773,0.0,2.0,255179.2503498121,0.0,32224.109875625632,143701.68011271887,,0.8878784512110465,0.0,0.0,0.0,0.0,0.0,0.1121215487889536,0.0,0.0,0.0,95.80112007514592,4.572658565239823,226.1238082025474,5.425495279383019,True
5002135425,Ira town,57660947,17129,57678221.0,1.7500513424979294,1.9892245882914896,1,71827.0,5034.0,381,71,28.871391076115486,8.27582069977538,1975.0,5.0,3.7267080745341614,2.592538500275675,161,32,9.316770186335404,6.481346250689188,37.07165109034268,11.968158736694912,14.435695538057743,10.583805378852192,14.435695538057743,8.098501856757306,4.102564102564102,4.154082367323722,1.0,16461.46438801481,16461.46438801481,0.0,0.0,1.0,0.0,0.0,43.20594327562942,102.24512042245225,1.0,2.0,2.0,0.0124223602484472,,,,,,,,,,,,,,,,,,,,,,,,,,,,,,,,,False
5001935575,Irasburg town,104302250,693339,104995564.0,4.229147325764779,0.0,0,98534.0,12557.0,1384,256,19.508670520231213,5.494286830305565,1988.0,5.0,1.1235955056179776,0.9578700095872358,534,96,13.857677902621724,8.608082144050703,23.61963190184049,8.514416732208838,2.4566473988439306,1.7926528306117413,12.835387962291517,4.418551396233923,11.67247386759582,6.453908814470799,,,,,,,,,,,,,,,,,,,,,,,,,,,,,,,,,,,,,,,,,,,,,,,False
5001335875,Isle La Motte town,20421053,27261134,47682189.0,0.0,0.0,0,82500.0,17030.0,577,148,26.51646447140381,9.8423125272457,1989.0,10.0,2.3622047244094486,2.7996368642798903,254,53,7.480314960629922,6.489710457924824,32.062780269058294,12.683747227850423,14.904679376083187,11.079114478907746,21.66377816291161,9.852799805935216,15.221987315010573,8.004230020461586,,,,,,,,,,,,9.0,9.0,0.0354330708661417,,,,,,,,,,,,,,,,,,,,,,,,,,,,,,,,,False
5002536175,Jamaica town,126769897,1387234,128157196.0,5.623639458922128,4.525321612085957,1,79219.0,19072.0,882,148,30.045351473922903,11.194286293197305,1976.0,4.0,2.684563758389262,2.7549114493939686,447,103,3.131991051454139,3.871000937975373,48.656294200848656,16.454651993635014,4.535147392290249,3.154396306119774,14.625850340136054,8.324312537104786,4.779080252479711,3.192688934984456,12.0,172170.25023290137,159763.09948525528,12407.150747646068,0.0,9.0,3.0,0.0,195.2043653434256,385.1683450400478,42.0,36.0,48.0,0.1073825503355704,0.0,0.0,0.0,0.0,0.0,0.0,281399.41457678104,0.0,0.0,0.0,281399.41457678104,0.0,0.0,281399.41457678104,0.0,0.0,,,0.0,0.0,0.0,0.0,0.0,0.0,1.0,0.0,0.0,0.0,319.04695530247284,5.768467720349426,629.5288916706511,6.446558977781998,True
5001936325,Jay town,87840666,125582,87966274.0,1.749349544351554,0.852579755000525,1,74792.0,24785.0,471,130,15.498938428874734,8.728069390662165,2001.0,2.0,7.758620689655173,10.961085960474833,232,60,3.0172413793103448,3.116511908598428,45.103092783505154,21.403066469400912,8.70488322717622,5.633571974644525,15.498938428874734,10.744372939240217,1.2387387387387387,1.133574278296548,1.0,6624.723099678961,6624.723099678961,0.0,0.0,1.0,0.0,0.0,14.065229510995673,28.554840946892075,2.0,6.0,8.0,0.0344827586206896,,,,,,,,,,,,,,,,,,,,,,,,,,,,,,,,,False
5000736700,Jericho town,91829001,410210,92239270.0,4.908275562194598,5.907788397269774,1,116923.0,16162.0,5114,29,20.19945248337896,4.445307921391827,1983.0,3.0,2.849002849002849,2.615372869307726,2106,104,7.122507122507122,5.993235946599383,65.28991262907068,9.74476610331122,0.879937426671881,0.8408439025577663,5.338287055142745,2.03761498960732,0.0,0.7035647279549718,,,,,,,,,,,11.0,13.0,13.0,0.0061728395061728,0.0,0.0,1203438.388575648,0.0,0.0,0.0,0.0,0.0,0.0,0.0,1203438.388575648,0.0,0.0,999633.1406057762,0.0,203805.2479698716,,,0.0,0.0,1.0,0.0,0.0,0.0,0.0,0.0,0.0,0.0,235.32232862253576,5.465196672418238,571.4332329419032,6.349896104945059,True
5001537075,Johnson town,117378144,975830,118353992.0,4.742687930639637,0.0,0,55346.0,13623.0,3450,23,10.753623188405795,3.1346077095510627,1980.0,4.0,6.079664570230608,3.614642458762776,1431,142,41.57931516422082,9.660562944787602,32.23014256619145,8.171250425395643,12.159053565560304,3.948738665017896,18.896952104499277,4.890598835120465,27.073656270736564,8.271164043537349,35.0,2859438.379988965,542130.9824384155,2208918.602168091,108388.79538245851,9.0,25.0,1.0,828.8227188373812,1998.2099091467264,38.0,24.0,41.0,0.0286512928022362,0.0,0.0,40985.82838635318,0.0,0.0,0.0,0.0,0.0,0.0,0.0,40985.82838635318,0.0,0.0,0.0,0.0,40985.82838635318,,,0.0,0.0,1.0,0.0,0.0,0.0,0.0,0.0,0.0,0.0,11.879950256913968,2.555671858627909,28.641389508283147,3.389171678825809,True
5002137685,Killington town,122587614,702976,123290608.0,1.9113585484160367,5.760880848450994e-06,1,81250.0,38998.0,785,154,21.019108280254777,7.825617565870465,1983.0,1.0,0.7792207792207793,1.0499914969756765,385,75,25.454545454545453,11.98318608951528,57.20858895705522,17.88420878594168,5.270092226613966,2.722107585333932,9.961685823754788,7.343657241096375,0.7921539041870993,0.9065180530689568,,,,,,,,,,,,,,,0.0,0.0,0.0,0.0,0.0,0.0,16933.660415449187,0.0,0.0,0.0,16933.660415449187,0.0,0.0,0.0,0.0,16933.660415449187,,,0.0,0.0,0.0,0.0,0.0,0.0,1.0,0.0,0.0,0.0,21.57154193050852,3.116689906196761,43.98353354662127,3.806296501618632,True
5000537900,Kirby town,63961519,128184,64089698.0,0.7663862328663408,0.0,0,54792.0,21199.0,756,206,19.17989417989418,9.001598368062384,1985.0,9.0,5.323193916349809,6.588451957476711,263,63,6.4638783269961975,3.756052927336615,32.3943661971831,11.2583799057247,21.296296296296298,17.273739276968588,5.026455026455026,4.06240946662671,16.845878136200717,16.585487606276068,,,,,,,,,,,,,1.0,0.0038022813688212,,,,,,,,,,,,,,,,,,,,,,,,,,,,,,,,,False
5000339025,Landgrove town,22934584,103716,23038304.0,2.650060716337154,2.533429300674322,1,195938.0,166849.0,225,74,36.888888888888886,22.845346595264548,1979.0,5.0,1.8691588785046729,2.8853238988835583,107,39,5.607476635514018,7.750960432912361,91.2087912087912,41.14840361077164,0.4444444444444444,1.3413218393760222,1.3333333333333337,14.187273108112429,0.0,5.154639175257731,,,,,,,,,,,1.0,1.0,1.0,0.0093457943925233,,,,,,,,,,,,,,,,,,,,,,,,,,,,,,,,,False
5000139325,Leicester town,53966710,2413324,56380041.0,8.030350572317486,0.0155524706207665,0,70417.0,30423.0,1026,152,24.46393762183236,8.415285051356705,1981.0,3.0,3.744493392070485,2.716482084878676,454,76,14.537444933920703,7.456747227314785,35.851318944844124,10.921492728051154,11.793372319688109,8.84866738998996,12.280701754385964,4.989305736309933,7.571428571428572,3.1817605189580185,,,,,,,,,,,,1.0,5.0,0.0110132158590308,,,,,,,,,,,,,,,,,,,,,,,,,,,,,,,,,False
5000939700,Lemington town,91763454,372577,92135953.0,1.9011557227026128,0.0,0,55000.0,42437.0,108,38,35.18518518518518,29.56832204552464,1967.0,16.0,9.25925925925926,10.0641499251229,54,23,5.555555555555555,7.776171802755928,31.25,23.02143723284072,1.851851851851852,2.8531741316805888,22.22222222222222,33.8983573341157,13.414634146341465,14.28421650698238,1.0,0.0,0.0,0.0,0.0,0.0,0.0,1.0,0.0,0.0,1.0,1.0,,,,,,,,,,,,,,,,,,,,,,,,,,,,,,,,,,,False
5000939775,Lewis town,100713120,332299,101045289.0,3.8444442912985153,0.0,0,,,0,10,,,,,,,0,10,,,,,,,,,,,,,,,,,,,,,,,,,,,,,,,,,,,,,,,,,,,,,,,,,,,,,,,,,False
5000140075,Lincoln town,118130904,493295,118624167.0,1.877849424833396,0.0,0,96667.0,17954.0,1394,155,22.309899569583933,4.616144177274345,1977.0,5.0,3.2871972318339098,2.107789100062733,578,64,11.937716262975778,3.866198352404696,43.48239771646051,8.767949968987844,7.476635514018691,3.619824732090722,12.365204888569377,4.147501877215628,5.037037037037037,3.0073690434325653,3.0,71121.79983136855,71121.79983136855,0.0,0.0,3.0,0.0,0.0,51.01994249022135,123.04809659406324,5.0,8.0,5.0,0.0086505190311418,0.0,0.0,0.0,0.0,0.0,0.0,72291.59819237994,0.0,0.0,384029.3893551001,456320.9875474801,2.0,2.0,0.0,0.0,456320.9875474801,228160.49377374005,228160.49377374005,0.0,0.0,0.0,0.0,0.0,0.0,0.158422689652989,0.0,0.0,0.8415773103470108,327.3464760024965,5.794069380136862,789.4826774177857,6.672643742959437,True
5002540225,Londonderry town,91862174,1302830,93164981.0,5.3157246218449306,6.6277294321352445,1,85179.0,21356.0,1873,356,21.409503470368392,7.903593885983824,1978.0,6.0,2.31958762886598,2.4930234046865523,776,157,13.917525773195877,7.268595323754493,35.781544256120526,13.764323042906234,2.4219590958019377,1.67964309415626,14.255205552589429,7.664325931135926,2.650762094102054,2.2710477246653507,18.0,1597502.9550045966,729276.2842092201,868226.6707953764,0.0,7.0,11.0,0.0,852.9113481070991,2058.6378286141708,25.0,16.0,22.0,0.0283505154639175,250920.94220684413,0.0,0.0,0.0,0.0,0.0,0.0,0.0,250920.94220684413,140217.57988312768,642059.4642968159,7.0,8.0,642059.4642968159,0.0,0.0,80257.43303710199,91722.78061383084,0.390806391245479,0.0,0.0,0.0,0.0,0.0,0.0,0.0,0.390806391245479,0.2183872175090419,342.7973648141036,5.8400524280389305,827.3962168773401,6.719491562728456,True
5001940525,Lowell town,146401788,207612,146609447.0,2.105565648402327,0.0,0,57404.0,14569.0,1070,283,12.33644859813084,4.126840987261993,1984.0,8.0,0.5390835579514826,0.8193651144321348,371,91,5.929919137466308,3.793931090072653,19.196428571428573,8.223795031347796,9.56439393939394,4.647360969494645,13.825757575757574,5.575675329279017,14.1747572815534,7.828238312052879,,,,,,,,,,,3.0,2.0,3.0,0.0080862533692722,,,,,,,,,,,,,,,,,,,,,,,,,,,,,,,,,False
5002741275,Ludlow town,90002328,1366176,91368482.0,2.9175733138456192,3.237263049193169,1,54885.0,14422.0,1990,291,31.055276381909547,6.730647207539915,1982.0,2.0,6.852248394004283,4.460656230199881,934,108,28.051391862955036,9.35947427771616,45.05277044854881,9.535024569144014,5.592611595690097,2.5025872487170404,12.621857362750127,3.60468471441256,2.627511591962906,1.8895055143257664,68.0,5662923.872198746,1143561.1657545012,4519362.706444245,0.0,21.0,47.0,0.0,2845.6903880395707,6063.08765760037,89.0,130.0,224.0,0.2398286937901499,2194612.2835641084,0.0,0.0,0.0,0.0,0.0,103686.99951477132,0.0,0.0,0.0,2298299.28307888,1.0,1.0,2298299.28307888,0.0,0.0,2298299.28307888,2298299.28307888,0.9548853361795996,0.0,0.0,0.0,0.0,0.0,0.0451146638204005,0.0,0.0,0.0,1154.9242628537083,7.052655530523483,2460.7058705341324,7.808609831912249,True
5000941425,Lunenburg town,116998026,1622981,118620998.0,2.2255798408273924,0.0,0,53125.0,8642.0,1267,173,24.072612470402525,5.880088582745052,1972.0,6.0,2.5773195876288657,1.7570866352029253,582,83,17.353951890034363,7.1434465210025975,14.5769622833843,5.464288303733732,10.601265822784807,4.065226138879985,26.91397000789266,7.048345135360694,15.77102803738318,6.024882610707654,,,,,,,,,,,,,,,,,,,,,,,,,,,,,,,,,,,,,,,,,,,,,,,False
5000541725,Lyndon town,101892160,918754,102810918.0,5.964428300216138,0.0,0,68786.0,5785.0,5590,18,21.82468694096601,3.837467107923314,1981.0,4.0,6.27977479428324,3.836244985871147,2309,161,14.421827631009096,4.615004142619043,30.276774969915763,5.486600444609737,11.04639875752281,4.038465972536573,25.685242330731526,4.918599758186856,13.94779771615008,5.178485915892653,22.0,1563563.8647382332,148813.6277576973,1333372.0911537432,81378.14582679258,5.0,15.0,2.0,279.7073103288432,677.1606170369134,38.0,16.0,36.0,0.0155911650064963,74743.37366197184,0.0,62484.53121581361,0.0,0.0,0.0,0.0,0.0,0.0,0.0,137227.90487778545,1.0,1.0,0.0,0.0,137227.90487778545,137227.90487778545,137227.90487778545,0.544665997258633,0.0,0.455334002741367,0.0,0.0,0.0,0.0,0.0,0.0,0.0,24.548820192805984,3.24059113917674,59.43174745681483,4.101514586996828,True
5000942475,Maidstone town,79498953,3927976,83426712.0,2.0756946403269563,0.0,0,85833.0,31928.0,241,67,39.41908713692946,15.992767854153684,1971.0,10.0,0.0,8.19672131147541,122,33,2.459016393442623,2.547386478210336,28.90995260663507,12.331352482701584,2.0746887966804977,2.153371677673737,23.651452282157678,15.201173924619646,3.353658536585366,4.012188382870231,,,,,,,,,,,,,,,,,,,,,,,,,,,,,,,,,,,,,,,,,,,,,,,False
5000342850,Manchester town,108663102,319970,108983101.0,4.439353927641774,4.408122673303482,1,94886.0,22757.0,4486,18,25.746767721801163,4.555095217850311,1981.0,3.0,4.331348132106118,2.578676424185645,1847,178,26.204656199242017,8.19523974676449,47.40433105903293,8.721213293190164,16.812964213369344,7.337700805205916,14.877335133918525,4.016226561651645,0.9803921568627452,0.7752270662009833,16.0,449199.5433181064,410743.1304713373,38456.41284676911,0.0,13.0,3.0,0.0,100.1336476411294,243.2049503617252,35.0,39.0,35.0,0.0189496480779642,,,,,,,,,,,,,,,,,,,,,,,,,,,,,,,,,False
5002543375,Marlboro town,104503689,984267,105487947.0,1.1748584195854337,1.4994719516171318,1,77135.0,10265.0,1362,156,18.79588839941263,4.777335857137096,1976.0,7.0,6.837606837606838,4.71569617918434,351,62,15.384615384615383,6.312854486044736,53.65079365079365,14.489084738212432,7.872078720787208,4.408354836323456,26.87224669603524,9.525662953193322,5.836575875486381,5.519004759916798,1.0,0.0,0.0,0.0,0.0,1.0,0.0,0.0,0.0,0.0,2.0,2.0,2.0,0.0056980056980056,0.0,0.0,0.0,0.0,0.0,78996.89891668278,0.0,0.0,0.0,0.0,78996.89891668278,0.0,0.0,0.0,0.0,78996.89891668278,,,0.0,0.0,0.0,0.0,0.0,1.0,0.0,0.0,0.0,0.0,58.00065999756445,4.07754863024255,225.0623900760193,5.420811023457377,True
5002343600,Marshfield town,112174794,1093674,113268462.0,3.4936120358921565,4.790531019794098,1,60313.0,9504.0,1863,347,17.767042404723565,5.145124057170019,1972.0,9.0,0.2812939521800281,0.4236468745243522,711,96,15.330520393811534,7.330661399509234,38.505280259951256,9.85376896656344,9.232420826623724,3.6509492335846336,15.029522275899089,6.0383198426323705,7.950310559006211,3.374562479160106,8.0,409818.430969757,0.0,409818.430969757,0.0,0.0,8.0,0.0,219.977687047642,576.397230618505,6.0,10.0,16.0,0.0225035161744022,636758.7305208975,0.0,0.0,0.0,0.0,0.0,0.0,0.0,0.0,0.0,636758.7305208975,0.0,2.0,0.0,636758.7305208975,0.0,318379.3652604488,,1.0,0.0,0.0,0.0,0.0,0.0,0.0,0.0,0.0,0.0,341.7921258834662,5.837124216458253,895.5818994668039,6.798589643548347,True
5002144125,Mendon town,98309765,92196,98402085.0,1.828772922668887,0.9977649528309044,1,100524.0,22729.0,1113,213,29.020664869721475,7.960473592090334,1977.0,2.0,0.6651884700665188,1.114006994018103,451,74,7.760532150776053,5.471732519265071,49.44071588366891,11.807468637972358,8.176100628930817,7.180637460581085,6.379155435759209,3.6723498767815896,1.2738853503184715,1.2871899507390532,,,,,,,,,,,,1.0,,,,,,,,,,,,,,,,,,,,,,,,,,,,,,,,,,,False
5000144350,Middlebury town,101608656,1021342,102630000.0,6.418684222981971,0.0,0,86169.0,15744.0,9175,22,20.74114441416894,2.5566151326614457,1976.0,4.0,10.876565295169948,4.342870552386011,2795,168,34.88372093023256,6.670831445633457,55.38744632999386,6.4914106855731,10.654685494223363,2.9056223110155504,18.11521811521812,2.883177998606851,1.557632398753894,1.5594707051918717,6.0,5115.530237972414,0.0,5115.530237972414,0.0,2.0,3.0,1.0,0.557550979615522,1.8302433767343165,21.0,26.0,33.0,0.0118067978533094,0.0,0.0,670480.3209344532,0.0,713342.1900933316,0.0,0.0,0.0,670480.3209344532,0.0,2054302.831962238,1.0,1.0,2011440.96280336,0.0,42861.86915887851,2054302.831962238,2054302.831962238,0.0,0.0,0.326378521463664,0.0,0.3472429570726718,0.0,0.0,0.0,0.326378521463664,0.0,223.90221601768263,5.415665712263469,734.992068680586,6.601219342421608,True
5002344500,Middlesex town,102280221,789582,103069751.0,3.278269517099217,3.266143472077227,1,109632.0,13486.0,1943,261,20.63818836850232,5.395309652549327,1986.0,4.0,0.8032128514056224,0.9425167997852664,747,94,3.3467202141900936,1.920897494633616,54.68639887244539,11.349569424444304,3.828246249353337,1.8327460351215603,9.93309315491508,3.0548593799157926,9.936305732484078,5.247364687038549,14.0,565465.6721865614,169070.11639451224,396395.5557920492,0.0,6.0,8.0,0.0,291.0271086909734,756.9821582149416,6.0,9.0,17.0,0.0227576974564926,3819182.601713929,0.0,14939.36671574904,0.0,0.0,0.0,0.0,0.0,0.0,0.0,3834121.9684296777,3.0,16.0,400730.47909124417,3418452.1226226846,14939.36671574904,239632.62302685485,1278040.656143226,0.9961035755151348,0.0,0.0038964244848652,0.0,0.0,0.0,0.0,0.0,0.0,0.0,1973.300035218568,7.587969201968692,5132.693398165566,8.543580639773527,True
5002144800,Middletown Springs town,58791398,24301,58815789.0,2.195648978761698,2.8690398665428622,1,82000.0,11717.0,747,99,26.10441767068273,5.47534875085971,1981.0,4.0,2.2058823529411766,2.585780049406374,272,31,9.558823529411764,3.834485917478213,45.55765595463138,9.980865852430483,6.0728744939271255,2.306649923234105,10.040160642570282,4.186047483069164,9.749303621169917,4.614225013136646,1.0,9071.2688799763,9071.2688799763,0.0,0.0,1.0,0.0,0.0,12.143599571588084,33.350253235206985,4.0,3.0,2.0,0.0073529411764705,,,,,,,,,,,,,,,,,,,,,,,,,,,,,,,,,False
5000745250,Milton town,133636842,24268761,157905611.0,4.339139079761296,9.843739688481246,1,118977.0,9633.0,10769,37,15.981056736930077,2.620947391188031,1985.0,3.0,1.3270142180094786,1.4243902782585225,4220,273,13.127962085308056,3.977970635433061,33.096040964156366,7.105743082387285,3.62184249628529,2.442457217172355,13.603216155572175,3.3650751331538107,8.0,3.292270403919632,13.0,446718.2767929967,174545.1153152776,272173.1614777191,0.0,4.0,9.0,0.0,41.4818717423156,105.85741156232147,23.0,16.0,15.0,0.0035545023696682,,,,,,,,,,,,,,,,,,,,,,,,,,,,,,,,,False
5000145550,Monkton town,92963471,973113,93936556.0,2.80994210589439,2.3342275090747e-05,0,119688.0,27982.0,1999,288,20.210105052526263,5.003710199841348,1988.0,6.0,0.0,1.180637544273908,847,99,3.4238488783943333,2.8616507477556814,50.0,12.872507589544613,4.202101050525263,3.012926244149005,10.893574297188756,5.247286307835303,2.54424778761062,1.7912733897324575,1.0,14238.85925544257,14238.85925544257,0.0,0.0,1.0,0.0,0.0,7.122991123282927,16.810931824607522,6.0,3.0,3.0,0.0035419126328217,,,,,,,,,,,,,,,,,,,,,,,,,,,,,,,,,False
5001145850,Montgomery town,145942558,201709,146144359.0,3.463631761148268,1.556182288002573,1,53289.0,24023.0,1047,219,33.90639923591213,12.964118970790729,1980.0,8.0,4.513888888888888,5.190404725341283,576,161,19.270833333333336,21.68653329137344,52.834740651387214,22.90440659944577,15.56829035339064,8.30585324117125,11.843361986628462,6.2373323716531415,0.5076142131979695,0.6434653584355656,3.0,62418.042226558566,16537.452298102216,0.0,45880.58992845635,2.0,0.0,1.0,59.6160861762737,108.36465664333085,26.0,14.0,13.0,0.0225694444444444,474836.1517469777,0.0,0.0,0.0,0.0,0.0,206945.9990592521,0.0,0.0,0.0,681782.1508062298,4.0,4.0,0.0,0.0,681782.1508062298,170445.53770155745,170445.53770155745,0.6964631608285262,0.0,0.0,0.0,0.0,0.0,0.3035368391714738,0.0,0.0,0.0,651.1768393564754,6.480315751158393,1183.6495673719269,7.077202286097574,True
5002346000,Montpelier city,26048132,504947,26553075.0,8.929176920570116,7.31372766924616,1,81030.0,6037.0,8014,31,24.31994010481657,3.58609557384197,1955.0,3.0,9.621069604944909,2.691730213802477,3721,215,46.89599570008063,6.773597247155115,66.12184249628528,6.961254667516531,6.46014355874575,2.443233961828712,13.723765238155083,2.471737541692597,0.8671257332313186,0.8430143982965044,208.0,12012995.511660034,1890215.993735428,9642912.412606182,479867.1053184232,84.0,115.0,9.0,1499.0011868804634,3228.432010658434,293.0,157.0,248.0,0.0666487503359312,0.0,0.0,0.0,0.0,63314.32839263214,0.0,678724.425799149,0.0,0.0,374248.52353546617,1116287.2777272472,8.0,10.0,0.0,0.0,1116287.2777272472,111628.72777272471,139535.9097159059,0.0,0.0,0.0,0.0,0.0567186688014035,0.0,0.6080194940329581,0.0,0.0,0.3352618371656384,139.29214845610772,4.943727023005802,299.99658095330483,5.707098905725242,True
5002346225,Moretown town,102857700,925865,103783570.0,4.526167073739779,4.091842327427413,1,104423.0,6875.0,1532,190,18.01566579634465,3.952551622796002,1982.0,4.0,2.8963414634146343,2.463838362419315,656,79,15.091463414634148,6.508878925891162,58.099173553719005,11.944369983290812,3.0678851174934727,1.6756232290917723,9.7911227154047,3.428649657494235,10.790464240903388,5.28976768499457,24.0,2921595.076586848,1872880.4941257476,883117.2198518422,165597.36260925868,8.0,13.0,3.0,1907.0463946389348,4453.65103138239,24.0,39.0,34.0,0.0518292682926829,0.0,0.0,0.0,0.0,0.0,0.0,424402.2735120632,0.0,0.0,132920.09820538585,557322.371717449,1.0,2.0,132920.09820538585,0.0,424402.2735120632,278661.1858587245,557322.371717449,0.0,0.0,0.0,0.0,0.0,0.0,0.7615023100619875,0.0,0.0,0.2384976899380123,363.78744890172914,5.899314852185404,849.576786154648,6.745914691305162,True
5001946450,Morgan town,80822257,7556815,88379076.0,1.409018689670974,0.0,0,91250.0,24867.0,827,133,27.69044740024184,9.129442023341808,1973.0,8.0,0.7853403141361256,1.3157043283360046,382,65,15.18324607329843,8.766309173615621,33.98692810457516,11.827293270769507,9.963547995139733,5.235518031223643,15.384615384615383,5.629070373783967,4.057591623036649,2.024525808163302,,,,,,,,,,,,,,,,,,,,,,,,,,,,,,,,,,,,,,,,,,,,,,,False
5001546675,Morristown town,131520487,1343856,132864345.0,4.42686586030683,0.0004436488212333,0,66273.0,4629.0,5722,38,25.46312478154492,5.21560589735474,1979.0,5.0,3.167271527548664,2.251267931069569,3031,179,35.037941273507094,8.56771306229234,40.73913983142425,6.934435832647103,9.800427655024947,3.316210378646933,15.498938428874734,4.351160286104772,8.928571428571429,4.2311522111924775,7.0,548646.1523083729,304322.4112020676,244323.74110630527,0.0,3.0,4.0,0.0,95.8836337484049,181.0115975943164,3.0,10.0,8.0,0.0026393929396238,362560.1981497333,0.0,0.0,0.0,0.0,0.0,0.0,0.0,0.0,0.0,362560.1981497333,1.0,1.0,0.0,362560.1981497333,0.0,362560.1981497333,362560.1981497333,1.0,0.0,0.0,0.0,0.0,0.0,0.0,0.0,0.0,0.0,63.36249530753814,4.164531092465489,119.6173533981304,4.792623166131733,True
5002147200,Mount Holly town,127162736,1177334,128340107.0,2.5786098053786377,2.307323363775795,1,78015.0,19089.0,1415,233,27.985865724381625,7.996790927216531,1984.0,3.0,1.8363939899833053,2.1862402047435303,599,86,7.846410684474124,6.607590746492406,41.9234360410831,10.868486159737058,11.9434628975265,8.912277948202822,16.25441696113074,6.827875004284116,5.887445887445888,3.6092477479002807,4.0,165141.7730628876,39027.49180347049,126114.28125941713,0.0,1.0,3.0,0.0,116.70796682889583,275.69578140715794,3.0,7.0,9.0,0.015025041736227,,,,,,,,,,,,,,,,,,,,,,,,,,,,,,,,,False
5002147425,Mount Tabor town,114239500,371441,114610982.0,2.982774593145332,2.296271565461669,1,,,304,108,42.43421052631579,27.96302701065285,1946.0,4.0,1.9230769230769231,2.7133760339640243,156,72,7.6923076923076925,7.8946297725720065,34.85477178423236,20.17375924219505,10.96345514950166,8.577697009046897,8.223684210526317,10.448325621286322,3.867403314917127,4.687039724650023,,,,,,,,,,,,,,,,,,,,,,,,,,,,,,,,,,,,,,,,,,,,,,,False
5000148700,New Haven town,106590693,907385,107498069.0,4.838562153332261,0.0,0,92321.0,16922.0,1792,197,22.209821428571427,4.2061811866657,1981.0,5.0,1.797175866495507,1.301503520072675,779,93,21.822849807445444,8.009382033370088,31.77570093457944,5.867724427631249,3.125,1.167748119836657,14.899553571428571,4.234659075342097,12.484848484848484,7.054012273797801,3.0,15255.98368443429,0.0,15255.98368443429,0.0,1.0,2.0,0.0,8.513383752474493,19.58406121236751,9.0,4.0,6.0,0.0077021822849807,,,,,,,,,,,,,,,,,,,,,,,,,,,,,,,,,False
5000547725,Newark town,95243417,1207165,96450594.0,2.440591569152918,0.0,0,72929.0,6654.0,727,177,19.944979367262725,8.53958785781722,1980.0,5.0,0.684931506849315,1.377315503217767,292,61,9.246575342465754,7.777926064501901,40.993788819875775,14.77234247762179,22.420907840440165,18.959628131034385,16.368638239339752,8.294719834617974,9.07504363001745,4.918353693352331,,,,,,,,,,,,,,,,,,,,,,,,,,,,,,,,,,,,,,,,,,,,,,,False
5001748175,Newbury town,165887261,1348624,167235867.0,2.449413697765808,7.128144249483399,1,62316.0,6493.0,2169,281,23.559243891194097,5.868040021748698,1977.0,4.0,10.435663627152987,4.293200378778676,987,134,19.250253292806484,5.700292148311359,40.55690072639225,14.120080253573922,14.046511627906977,5.688694713082662,15.952051636698938,4.522279759199973,3.0438010393466963,1.6627620491161972,5.0,12649.252210157912,12649.252210157912,0.0,0.0,3.0,0.0,2.0,5.831835965955699,12.815858368954318,15.0,10.0,13.0,0.0131712259371833,,,,,,,,,,,,,,,,,,,,,,,,,,,,,,,,,False
5002548400,Newfane town,102981054,697246,103678298.0,4.744363151860622,1.7808011037361418,1,66719.0,20735.0,1456,209,29.18956043956044,7.073427011168573,1971.0,7.0,1.25,1.814388948905099,720,103,12.777777777777777,6.912725960295363,46.536267318663405,11.877348436975868,10.92032967032967,4.6667486122503705,11.538461538461538,4.905573355651439,3.815439219165927,3.389076961126093,16.0,350484.1366588569,340834.7574625665,9649.379196290396,0.0,14.0,2.0,0.0,240.717126826138,486.7835231373013,28.0,31.0,28.0,0.0388888888888888,895786.5528384381,0.0,0.0,0.0,0.0,0.0,0.0,0.0,0.0,0.0,895786.5528384381,5.0,6.0,774242.2968601849,0.0,121544.2559782532,149297.75880640635,179157.3105676876,1.0,0.0,0.0,0.0,0.0,0.0,0.0,0.0,0.0,0.0,615.2380170593668,6.423633280233754,1244.147990053386,7.127009669347385,True
5001948850,Newport city,15171891,4574099,19745988.0,3.618880267459072,0.0,0,54646.0,11996.0,4394,19,25.762403277196174,4.683290147727402,1966.0,7.0,14.574101427868044,5.346581710399554,2031,127,42.44214672575086,8.640239291233451,25.12518409425626,5.820037393135164,22.995991983967937,7.466318875305587,22.82064128256513,5.427007450127847,3.209459459459459,2.796011422215424,1.0,25856.551743978645,25856.551743978645,0.0,0.0,1.0,0.0,0.0,5.884513369134876,12.730946205799432,3.0,6.0,4.0,0.0019694731659281,,,,,,,,,,,,,,,,,,,,,,,,,,,,,,,,,False
5001948925,Newport town,107555206,5165883,112721085.0,1.8591669932286816,0.0,0,71202.0,10679.0,1601,271,27.108057464084943,6.433111647012632,1983.0,4.0,9.274193548387096,7.633515841237188,744,102,18.27956989247312,9.218159027358872,28.676470588235293,11.772453871113608,8.930817610062892,4.062749308976638,14.928169893816364,4.4442344156218185,8.930540242557882,3.880826889336581,1.0,3553.5707138605603,0.0,3553.5707138605603,0.0,0.0,1.0,0.0,2.2195944496318303,4.776304722930861,5.0,3.0,2.0,0.0026881720430107,,,,,,,,,,,,,,,,,,,,,,,,,,,,,,,,,False
5001350650,North Hero town,34850830,84295329,119146162.0,0.0,0.0,0,102143.0,23525.0,1263,195,27.315914489311165,7.173794424692488,1980.0,4.0,1.1583011583011582,1.1707016990839514,518,76,3.667953667953668,2.3782887733685083,47.44232698094283,12.011718173866464,7.28424386381631,3.660802247382281,6.01741884402217,2.7922353304434546,3.992571959145776,2.276840202972442,10.0,226430.0621771289,226430.0621771289,0.0,0.0,8.0,0.0,2.0,179.2795424997062,437.12367215661953,36.0,36.0,29.0,0.0559845559845559,0.0,0.0,78578.98512860043,0.0,0.0,0.0,0.0,0.0,0.0,0.0,78578.98512860043,0.0,0.0,0.0,0.0,78578.98512860043,,,0.0,0.0,1.0,0.0,0.0,0.0,0.0,0.0,0.0,0.0,62.216140244339215,4.1465596521609305,151.6968824876456,5.028454796087204,True
5002350275,Northfield town,115595908,334771,115930662.0,3.364858314110601,2.5786447831547203,1,71768.0,13486.0,5920,18,20.0,3.75532097538889,1956.0,7.0,2.4789522918615527,2.116633379156732,2138,193,26.4733395696913,6.88282748823954,34.60125918153201,6.837812906630925,12.531522793404465,3.882202023852276,15.45827633378933,3.387196044187529,7.361455748552522,3.171312352194307,27.0,999140.3643428768,939659.4224099602,59480.94193291649,0.0,19.0,8.0,0.0,168.7737101930535,467.3247728451248,48.0,38.0,35.0,0.0163704396632366,2524415.2401654795,0.0,109366.3581603408,0.0,0.0,0.0,340722.4573042429,0.0,0.0,0.0,2974504.055630063,20.0,20.0,2633781.59832582,0.0,340722.4573042429,148725.20278150315,148725.20278150315,0.8486844169492164,0.0,0.0367679304230011,0.0,0.0,0.0,0.1145476526277825,0.0,0.0,0.0,502.4500093969701,6.221484421026775,1391.255404878421,7.23868030457998,True
5000952750,Norton town,99428305,1047358,100475722.0,2.9182080431370587,0.0,0,65625.0,23493.0,108,35,31.48148148148148,21.3848350804686,1974.0,9.0,3.571428571428571,3.732366042959064,56,17,0.0,17.857142857142858,28.735632183908045,23.00598573397424,12.962962962962962,11.017534389424824,21.296296296296298,28.411863135373967,9.35672514619883,8.447043534762832,,,,,,,,,,,,1.0,1.0,0.0178571428571428,,,,,,,,,,,,,,,,,,,,,,,,,,,,,,,,,False
5002752900,Norwich town,115239883,666607,115906460.0,2.358078696231343,2.634588377202187,1,140313.0,12023.0,3640,22,16.043956043956044,3.438838285299624,1982.0,3.0,0.7178750897343862,1.0781713549656573,1393,105,28.068916008614504,7.898133416976548,81.02131081624448,10.876001554392374,2.774725274725274,1.64843695668831,10.412087912087912,3.570080802350976,2.763496143958869,3.220194313210018,4.0,46511.813102059794,46511.813102059794,0.0,0.0,4.0,0.0,0.0,12.777970632434007,33.389672004350174,23.0,16.0,15.0,0.0107681263460157,0.0,0.0,0.0,0.0,0.0,0.0,55748.40447628458,0.0,0.0,0.0,55748.40447628458,0.0,0.0,0.0,0.0,55748.40447628458,,,0.0,0.0,0.0,0.0,0.0,0.0,1.0,0.0,0.0,0.0,15.315495735243015,2.7921153148268747,40.02039086596165,3.714069281266844,True
5001753425,Orange town,100199779,724441,100924205.0,2.159774215043313,0.0,0,71302.0,12803.0,957,171,19.435736677115987,6.351410167463269,1981.0,7.0,4.239401496259352,5.0390758917526455,401,68,12.219451371571072,5.864556521281878,22.09450830140485,7.839889031045944,7.628004179728317,3.805250393243753,16.38477801268499,6.010521619077546,16.263736263736263,7.526586547544927,,,,,,,,,,,1.0,4.0,4.0,0.0099750623441396,0.0,0.0,1238.4036623894483,0.0,0.0,0.0,0.0,0.0,0.0,0.0,1238.4036623894483,0.0,0.0,0.0,0.0,1238.4036623894483,,,0.0,0.0,1.0,0.0,0.0,0.0,0.0,0.0,0.0,0.0,1.2940477140955575,0.8303178180094236,3.088288434886405,1.408126406891474,True
5000153725,Orwell town,122300017,6477287,128777307.0,3.099763930462214,3.36106015342562e-05,0,70417.0,22458.0,1294,187,24.034003091190108,5.819594302853429,1982.0,4.0,3.0828516377649327,2.156501805306953,519,67,12.716763005780344,6.940681465156697,22.104144527098832,5.892207039464557,10.825545171339565,5.895433420353952,12.208398133748055,4.660512007156462,5.487804878048781,3.411843682795228,,,,,,,,,,,,2.0,2.0,0.0038535645472061,0.0,0.0,0.0,0.0,0.0,45412.99838688646,0.0,0.0,0.0,0.0,45412.99838688646,0.0,0.0,0.0,0.0,45412.99838688646,,,0.0,0.0,0.0,0.0,0.0,1.0,0.0,0.0,0.0,0.0,35.095052849216735,3.5861558157600686,87.50096028301823,4.483013402610589,True
5000153950,Panton town,40092401,16973162,57065577.0,4.333156429704255,0.0,0,86667.0,9614.0,690,127,16.666666666666664,5.199299909607816,1974.0,10.0,4.924242424242424,4.6124696245938575,264,42,16.28787878787879,9.453000714469445,35.051546391752574,10.457471077264458,3.2023289665211063,2.685108994779984,15.942028985507244,6.508708034409818,0.6006006006006006,0.9052253134730116,,,,,,,,,,,,,,,,,,,,,,,,,,,,,,,,,,,,,,,,,,,,,,,False
5002154250,Pawlet town,110967245,535522,111502761.0,4.304836249545264,3.770363604520481,1,62273.0,13726.0,1480,253,27.29729729729729,7.088022130173326,1964.0,8.0,7.166666666666667,4.60791188381596,600,83,12.166666666666668,5.592595144253773,37.47591522157997,9.876768760566035,9.972862957937584,4.9206334046190605,9.66216216216216,3.615699094561784,3.979460847240052,2.350161332256735,1.0,113343.55178566936,113343.55178566936,0.0,0.0,1.0,0.0,0.0,76.58348093626309,188.9059196427823,8.0,6.0,7.0,0.0116666666666666,0.0,0.0,0.0,0.0,0.0,0.0,852992.7181359925,0.0,0.0,0.0,852992.7181359925,0.0,0.0,780211.3451140007,0.0,72781.3730219919,,,0.0,0.0,0.0,0.0,0.0,0.0,1.0,0.0,0.0,0.0,576.346431172968,6.358442486986135,1421.6545302266543,7.260279792948628,True
5000554400,Peacham town,120906410,2676271,123582702.0,1.2144106179722376,0.0,0,90000.0,28387.0,887,192,33.59639233370913,10.599860903185329,1976.0,5.0,2.9268292682926838,3.708513711812131,410,85,23.902439024390244,10.295409020055295,48.92966360856269,15.169549202441203,10.597519729425027,6.505776731131578,12.013729977116704,6.315443888930193,0.7299270072992701,1.102802780160051,1.0,46185.43379785211,0.0,46185.43379785211,0.0,0.0,1.0,0.0,52.0692602005097,112.64739950695636,,1.0,,,0.0,0.0,0.0,0.0,0.0,0.0,13469.367847235344,0.0,0.0,0.0,13469.367847235344,0.0,0.0,0.0,0.0,13469.367847235344,,,0.0,0.0,0.0,0.0,0.0,0.0,1.0,0.0,0.0,0.0,15.18530760680422,2.7841038928697817,32.85211670057401,3.5220015291779663,True
5000355000,Peru town,96791086,301593,97092669.0,1.492604307553345,1.4674074472098886,1,151875.0,82732.0,434,145,21.428571428571427,11.277227601733912,1981.0,3.0,0.0,5.9880239520958085,167,50,20.958083832335326,12.992912554289257,54.33673469387755,32.539773878857545,1.8433179723502304,1.943475914529868,9.44700460829493,15.204998237393058,1.610541727672035,1.7686192065013115,1.0,0.0,0.0,0.0,0.0,0.0,1.0,0.0,0.0,0.0,,2.0,3.0,0.0179640718562874,,,,,,,,,,,,,,,,,,,,,,,,,,,,,,,,,False
5002155450,Pittsfield town,53038633,170346,53209000.0,4.064307662216839,2.640463319276562,1,65852.0,11635.0,391,109,30.434782608695656,13.929837226647468,1977.0,5.0,3.1746031746031744,4.821520312567516,189,45,23.809523809523807,17.855053127713866,45.426829268292686,20.02125910873016,8.439897698209718,7.053588761445269,7.928388746803069,8.743224733946859,2.393617021276596,2.9537656377048074,2.0,39261.938111200085,39261.938111200085,0.0,0.0,2.0,0.0,0.0,100.41416396726363,207.73512228148192,6.0,6.0,5.0,0.0264550264550264,1064664.1979273397,0.0,0.0,0.0,0.0,0.0,0.0,0.0,0.0,0.0,1064664.1979273397,6.0,6.0,1064664.1979273397,0.0,0.0,177444.03298788992,177444.03298788992,1.0,0.0,0.0,0.0,0.0,0.0,0.0,0.0,0.0,0.0,2722.926337410076,7.909829624836974,5633.143904377457,8.636600490243147,True
5002155600,Pittsford town,112113007,658485,112771609.0,8.339907893131846,11.02190835314214,1,69705.0,6506.0,2892,19,25.44951590594744,6.120662208578262,1972.0,6.0,1.653486700215672,1.878452647871328,1391,157,19.410496046010064,11.497503818412351,36.98979591836735,10.029921965733983,11.311589174184594,7.009377558653187,14.107883817427386,5.54741518574995,12.004730928444706,7.334506825868964,2.0,69939.82374535852,69939.82374535852,0.0,0.0,2.0,0.0,0.0,24.183894794383995,50.28024712103416,7.0,7.0,9.0,0.00647016534867,,,,,,,,,,,,,,,,,,,,,,,,,,,,,,,,,False
5002355825,Plainfield town,54396776,215996,54612750.0,3.223072374777262,3.9466955932728074,1,69250.0,31481.0,1314,184,21.080669710806696,5.435698856446137,1955.0,21.0,3.2478632478632483,2.313662535239307,585,116,19.14529914529915,15.514381085339007,48.17733990147784,10.54075316711486,11.62079510703364,6.257074838175547,13.39421613394216,4.755947402468939,1.1437908496732023,1.3259743359893563,16.0,1559553.344126702,27313.89951366517,1532239.444613037,0.0,4.0,12.0,0.0,1186.8746911162116,2665.9031523533367,17.0,11.0,17.0,0.029059829059829,0.0,0.0,134250.2400768246,0.0,0.0,0.0,0.0,0.0,0.0,0.0,134250.2400768246,1.0,1.0,0.0,0.0,134250.2400768246,134250.2400768246,134250.2400768246,0.0,0.0,1.0,0.0,0.0,0.0,0.0,0.0,0.0,0.0,102.16913247855751,4.636369704417026,229.48758987491385,5.440197020965211,True
5002756050,Plymouth town,124771309,1452036,126223344.0,2.3673029921854183,2.0218486458595115,1,87614.0,8132.0,533,122,32.645403377110696,10.407637236362971,1980.0,3.0,1.3215859030837005,1.7789994089392962,227,42,22.026431718061676,12.990612616744755,54.65393794749404,16.235793638270355,2.8142589118198877,1.983676217792882,13.50844277673546,7.7733349607921,1.2195121951219512,1.225743464159662,12.0,699240.2595573133,498713.748121826,200526.5114354872,0.0,5.0,7.0,0.0,1311.89542130828,3080.3535663317766,8.0,12.0,18.0,0.079295154185022,738349.640774843,0.0,0.0,0.0,0.0,0.0,0.0,0.0,0.0,0.0,738349.640774843,3.0,3.0,738349.640774843,0.0,0.0,246116.54692494767,246116.54692494767,1.0,0.0,0.0,0.0,0.0,0.0,0.0,0.0,0.0,0.0,1385.2713710597432,7.234372955000023,3252.641589316489,8.087530137064949,True
5002756350,Pomfret town,102240237,200425,102440658.0,2.18356099772795,2.443955741520252,1,84229.0,7929.0,908,171,29.51541850220265,10.170607204835106,1970.0,6.0,3.9260969976905313,4.907927545431024,433,83,18.70669745958429,9.054396239942127,57.96519410977242,15.77698796591401,5.837004405286344,4.647297710133526,9.47136563876652,5.586764138739662,2.976190476190476,2.428522338498979,,,,,,,,,,,2.0,2.0,1.0,0.0023094688221709,,,,,,,,,,,,,,,,,,,,,,,,,,,,,,,,,False
5002156875,Poultney town,110223965,2739845,112963902.0,3.177514040474004,5.4313096467080175,1,72617.0,5782.0,3010,22,22.75747508305648,4.56905052027767,1968.0,7.0,4.182879377431906,2.9555646063974765,1028,115,28.696498054474706,7.091208972938558,35.450819672131146,7.305743978617878,8.910188143414981,3.976847126814453,13.2890365448505,3.246400957772453,7.374224672639559,4.000644503828375,5.0,254166.651209128,254166.651209128,0.0,0.0,5.0,0.0,0.0,84.4407479100093,247.243824133393,23.0,20.0,24.0,0.0233463035019455,0.0,0.0,0.0,0.0,0.0,0.0,125119.22885948444,0.0,0.0,0.0,125119.22885948444,0.0,0.0,0.0,0.0,125119.22885948444,,,0.0,0.0,0.0,0.0,0.0,0.0,1.0,0.0,0.0,0.0,41.56785011943004,3.751099276319773,121.71131212012104,4.809834540785343,True
5000357025,Pownal town,121146174,671469,121817675.0,3.874966196747695,4.166307368465763,1,64163.0,21076.0,3265,22,27.503828483920365,6.3458564149633006,1969.0,5.0,0.7806955287437899,1.2091647193404438,1409,144,7.381121362668559,5.235608287806519,28.210354667753773,7.629663680266853,8.637059724349157,4.380172246714068,11.393568147013784,4.1395562897224965,19.85996180776576,8.87661378424947,,,,,,,,,,,11.0,19.0,16.0,0.0113555713271824,,,,,,,,,,,,,,,,,,,,,,,,,,,,,,,,,False
5002157250,Proctor town,19203951,434228,19638176.0,12.042715377307225,15.634356107603898,1,74167.0,11786.0,1794,281,22.35228539576366,5.546219474240727,,,5.072463768115942,4.956673143032435,690,73,13.333333333333334,5.264955848604052,28.149300155521,6.580765490522339,16.220735785953178,8.259989540306277,18.84057971014493,6.846858640153948,3.552631578947368,3.432530413806222,13.0,236155.0553291487,116496.53812841405,119658.51720073464,0.0,5.0,8.0,0.0,131.63603975983762,342.2537033755778,24.0,13.0,12.0,0.017391304347826,,,,,,,,,,,,,,,,,,,,,,,,,,,,,,,,,False
5002557700,Putney town,69044550,180757,69225302.0,2.687257460227331,5.589533751841973,1,79706.0,18362.0,2622,30,18.115942028985508,3.843238823440604,1977.0,5.0,2.0044543429844097,1.7897949159388284,898,76,27.171492204899774,9.200696060083027,48.59028194361128,10.092670391348298,16.029479502533395,7.512764401708312,20.175438596491222,5.043653716751145,6.754032258064516,3.3698158971268475,2.0,0.0,0.0,0.0,0.0,2.0,0.0,0.0,0.0,0.0,11.0,7.0,5.0,0.0055679287305122,,,,,,,,,,,,,,,,,,,,,,,,,,,,,,,,,False
5001758075,Randolph town,124240346,392023,124632353.0,5.392037279165794,2.7072700764673124e-05,0,76758.0,5867.0,4843,17,22.899029527152592,4.246848542193732,1971.0,7.0,5.674102812803104,2.994622532740724,2062,169,32.78370514064016,6.542307872051957,40.8151033862751,7.568649261552579,7.678650687971593,4.549739776142308,16.313383208645053,4.297963722750872,9.882671480144404,5.128422891310399,4.0,25330.291357769245,0.0,25330.291357769245,0.0,2.0,2.0,0.0,5.230289357375438,12.284331405319712,17.0,14.0,13.0,0.0063045586808923,0.0,0.0,0.0,0.0,61956.20273531778,0.0,0.0,0.0,0.0,0.0,61956.20273531778,0.0,0.0,0.0,0.0,61956.20273531778,,,0.0,0.0,0.0,0.0,1.0,0.0,0.0,0.0,0.0,0.0,12.79293882620644,2.624156781950251,30.04665506077487,3.4354910750651864,True
5002758375,Reading town,106434499,484148,106918627.0,1.8031465142660572,0.9792898323969632,1,85000.0,18958.0,699,139,28.183118741058657,8.602321456036673,1969.0,9.0,0.0,3.355704697986577,298,55,15.100671140939598,7.578093318880328,46.043165467625904,14.920309297718726,8.44062947067239,5.416821698992785,17.59656652360515,6.358201367891993,5.164319248826291,3.830335878079088,4.0,459174.002789098,98047.93164537926,361126.0711437187,0.0,1.0,3.0,0.0,656.9012915437739,1540.8523583526778,6.0,10.0,10.0,0.0335570469798657,,,,,,,,,,,,,,,,,,,,,,,,,,,,,,,,,False
5000358600,Readsboro town,93577441,384220,93961680.0,2.132440067966091,1.820982696051499,1,55268.0,12352.0,807,146,20.57001239157373,6.838907322644305,1972.0,4.0,7.179487179487179,4.807048502328658,390,73,23.589743589743588,11.876933212102776,26.6553480475382,9.117295017906685,7.347447073474471,3.502620736846324,15.737298636926887,6.447093632898221,4.585537918871252,3.24647604741974,,,,,,,,,,,2.0,2.0,1.0,0.0025641025641025,706334.2396876831,0.0,0.0,0.0,0.0,0.0,0.0,0.0,0.0,0.0,706334.2396876831,3.0,3.0,706334.2396876831,0.0,0.0,235444.74656256105,235444.74656256105,1.0,0.0,0.0,0.0,0.0,0.0,0.0,0.0,0.0,0.0,875.2592809017139,6.775662029906648,1811.1134350966236,7.502249086793946,True
5001159125,Richford town,111194662,707848,111902547.0,4.614705082203917,0.0,0,56853.0,12600.0,2467,319,23.42926631536279,6.149714355312168,,,4.892966360856269,3.633576447973786,981,138,29.561671763506624,10.072800495351007,20.7512315270936,6.617113131609577,19.542619542619544,8.591627439734067,16.008316008316008,4.903235549392075,10.882110469909316,5.529397448768667,,,,,,,,,,,6.0,5.0,5.0,0.0050968399592252,0.0,0.0,71756.08744991853,0.0,0.0,0.0,64532.77947360225,0.0,0.0,0.0,136288.86692352078,0.0,0.0,0.0,0.0,136288.86692352078,,,0.0,0.0,0.5264999927703914,0.0,0.0,0.0,0.4735000072296085,0.0,0.0,0.0,55.2447778368548,4.029713198318858,138.92850858666745,4.941131639229306,True
5000759275,Richmond town,83853400,1337424,85190786.0,6.959644221791283,10.031759968239443,1,108235.0,23710.0,4159,21,19.52392402019716,6.301417712109656,1983.0,4.0,1.1400651465798046,1.2534392864336503,1842,177,21.172638436482085,12.91907515245585,59.07065563335456,10.074369164003032,4.231786487136331,2.404519082466017,13.633084876172155,6.463930920981207,9.720785935884178,4.335369521278742,38.0,906087.0467342936,292974.5857558036,613112.4609784901,0.0,10.0,28.0,0.0,217.8617568488323,491.9039341662832,32.0,49.0,57.0,0.0309446254071661,323177.1945922504,0.0,0.0,0.0,0.0,0.0,124526.48745968458,0.0,0.0,123446.3250496473,571150.0071015822,19.0,19.0,446623.5196418977,0.0,124526.48745968458,30060.52668955696,30060.52668955696,0.5658359285195133,0.0,0.0,0.0,0.0,0.0,0.218027638818775,0.0,0.0,0.2161364326617117,137.32868648751676,4.929632639341871,310.0705793168199,5.740019829572435,True
5000159650,Ripton town,127650280,421512,128071817.0,1.937199849370804,0.0,0,112917.0,14750.0,508,123,30.511811023622048,12.62679114523706,1973.0,5.0,0.0,5.347593582887701,187,53,9.090909090909092,7.413988215701679,47.98850574712644,25.301954371036985,8.57843137254902,8.232558447364417,20.078740157480315,11.735213427160618,0.684931506849315,1.377073796548781,6.0,18783.86337392695,11655.060330319104,6491.78497570958,637.0180678982634,1.0,2.0,3.0,36.976109003793205,100.44846724025106,3.0,6.0,5.0,0.0267379679144385,243688.0020350666,0.0,165261.5424482697,0.0,0.0,0.0,34497.588284725,0.0,0.0,0.0,443447.1327680613,0.0,1.0,0.0,243688.0020350666,199759.1307329947,443447.1327680613,,0.5495311256472237,0.0,0.3726747344529734,0.0,0.0,0.0,0.0777941398998028,0.0,0.0,0.0,872.927426708782,6.772997336405563,2371.3750415404347,7.771646859567146,True
5002760100,Rochester town,147227713,787378,148015152.0,3.780826935905626,2.88165164203926,1,72676.0,8052.0,1389,257,31.46148308135349,8.785862375748128,1967.0,5.0,5.189340813464235,3.906783763090949,713,132,13.88499298737728,6.555842270853008,48.98648648648648,22.57851634235413,18.502519798416124,10.168824667468256,13.03095752339813,5.645721448971263,3.8657171922685656,1.999325580527848,4.0,323720.48472267616,317572.4524546865,0.0,6148.032267989645,3.0,0.0,1.0,233.06010419199148,454.0259252772457,12.0,9.0,9.0,0.0126227208976157,338469.1792928732,0.0,0.0,0.0,33824.464610876705,0.0,0.0,0.0,0.0,0.0,372293.6439037499,2.0,2.0,338469.1792928732,0.0,33824.464610876705,186146.8219518749,186146.8219518749,0.9091457370687172,0.0,0.0,0.0,0.0908542629312829,0.0,0.0,0.0,0.0,0.0,268.0299812122029,5.594822827711725,522.1509732170405,6.25987009012742,True
5002560250,Rockingham town,107252397,2011216,109263619.0,3.544192227180471,5.10604243704678,1,70857.0,16152.0,4807,16,29.769086748491784,5.01579537531868,,,14.813126709206928,5.505630998299719,2194,140,38.33181403828623,7.304127596562744,37.08628005657709,7.54667360224524,16.673657718120804,6.125000686326727,13.173277661795408,3.348010557147717,3.0371203599550056,2.221181587610013,3.0,111775.54759941684,111775.54759941684,0.0,0.0,2.0,1.0,0.0,23.25266228404761,50.94601075634314,2.0,9.0,11.0,0.0050136736554238,213449.92553515892,0.0,55086.17475136397,0.0,0.0,59551.0654101124,100370.42355338972,0.0,0.0,0.0,428457.58925002505,3.0,3.0,213449.92553515892,0.0,215007.6637148661,142819.19641667503,142819.19641667503,0.498182155925358,0.0,0.128568558787317,0.0,0.0,0.1389894050292141,0.2342598802581109,0.0,0.0,0.0,89.13201357395987,4.501275413092759,195.2860479717525,5.2795730237271865,True
5002360625,Roxbury town,108000611,124101,108124651.0,1.7198331214267777,0.7626015667451159,1,73214.0,22349.0,942,333,18.683651804670912,8.131177750176613,1974.0,13.0,0.5714285714285714,1.1535545991605605,350,96,6.0,4.590830257042793,29.903536977491964,11.58360641930444,27.176220806794056,32.65529332831549,16.24203821656051,10.867654687450742,8.764044943820224,4.693779012319872,1.0,20755.7594457578,20755.7594457578,0.0,0.0,1.0,0.0,0.0,22.033714910570914,59.30216984502229,3.0,,,,,,,,,,,,,,,,,,,,,,,,,,,,,,,,,,,,False
5002760850,Royalton town,104569046,1489675,106058692.0,6.108016784531991,4.119275090531092,1,103938.0,24252.0,2752,36,22.05668604651163,6.429637909560758,1965.0,7.0,6.369426751592357,5.616385084879438,1256,137,36.54458598726114,11.463755201448716,42.58436944937833,11.79664168368824,12.972383720930234,4.799512561474596,7.8851744186046515,3.3376983798929114,6.075635461872288,4.924032680818864,6.0,575177.8371609706,563697.9267419154,0.0,11479.910419055184,5.0,0.0,1.0,209.0035745497713,457.9441378670148,6.0,10.0,10.0,0.0079617834394904,539820.0859603267,0.0,0.0,0.0,0.0,0.0,0.0,0.0,0.0,0.0,539820.0859603267,5.0,5.0,539820.0859603267,0.0,0.0,107964.01719206534,107964.01719206534,1.0,0.0,0.0,0.0,0.0,0.0,0.0,0.0,0.0,0.0,196.1555544913978,5.2839930338623295,429.7930620703238,6.065627840394713,True
5000361000,Rupert town,115890477,97227,115987743.0,2.7895636088299924,2.331263969247081,1,88229.0,35873.0,676,174,42.30769230769231,17.379122849458607,1955.0,45.0,2.4390243902439024,2.523092005963633,287,76,6.2717770034843205,7.1638173295860765,30.55555555555556,13.631575626532715,5.970149253731343,5.013287682940009,11.83431952662722,7.692334386119335,2.4875621890547266,2.0521999733895844,2.0,15960.606441113385,15960.606441113385,0.0,0.0,2.0,0.0,0.0,23.61036455786004,55.61186913279925,3.0,12.0,11.0,0.0383275261324041,0.0,0.0,0.0,0.0,0.0,54929.77809794819,124411.5763514691,0.0,0.0,0.0,179341.3544494173,0.0,0.0,0.0,0.0,179341.3544494173,,,0.0,0.0,0.0,0.0,0.0,0.3062861784811655,0.6937138215188345,0.0,0.0,0.0,265.29786161156403,5.584615462789764,624.8827681164365,6.439163082183129,True
5002161225,Rutland city,19562139,302417,19864553.0,10.405589108289195,10.942258484133973,1,57675.0,8240.0,15712,37,26.171079429735236,3.15048246127636,,,12.314540059347182,3.306289757496704,7414,317,45.13083355813326,5.577763583642215,33.35236541598695,4.552306725369527,15.31751800700456,2.9612653995901166,15.518945634266888,2.5086091994416075,3.005753199483386,1.7649143473996696,54.0,1182535.153865578,650640.0615032571,355921.27581127733,175973.81655104348,28.0,16.0,10.0,75.26318443645481,159.5002905132962,42.0,67.0,76.0,0.0102508767197194,451811.488245494,0.0,0.0,0.0,0.0,0.0,0.0,0.0,0.0,0.0,451811.488245494,3.0,4.0,451811.488245494,0.0,0.0,112952.87206137348,150603.82941516466,1.0,0.0,0.0,0.0,0.0,0.0,0.0,0.0,0.0,0.0,28.755822826215248,3.3930248380908834,60.94031403365174,4.126171244497521,True
5002161300,Rutland town,49352876,457034,49809811.0,7.180736780176601,10.026406348915309,1,72099.0,16534.0,3927,17,28.902470078940667,5.235411388317208,1976.0,3.0,10.73345259391771,4.8804500258573285,1677,161,24.26952892069171,9.358493810677894,37.99283154121864,8.597879473529439,10.39160481187612,4.735332884094837,13.949321730227796,4.030417810184612,1.0079575596816976,1.1169805460108444,3.0,201472.87275529653,117018.95343650536,84453.91931879119,0.0,1.0,2.0,0.0,51.304525784389234,120.13886270441056,80.0,6.0,10.0,0.0059630292188431,0.0,0.0,531890.8326596615,0.0,0.0,0.0,0.0,0.0,0.0,0.0,531890.8326596615,1.0,1.0,531890.8326596615,0.0,0.0,531890.8326596615,531890.8326596615,0.0,0.0,1.0,0.0,0.0,0.0,0.0,0.0,0.0,0.0,135.44457159655246,4.915918463266992,317.1680576384386,5.762579726321888,True
5000561525,Ryegate town,94703075,758583,95461674.0,2.141355821779364,0.0010004261097762,0,66484.0,14558.0,1059,163,22.096317280453256,5.051030325727526,1949.0,14.0,4.044943820224719,4.75940833414329,445,68,15.280898876404494,7.347225684722904,29.088471849865957,9.452005602885082,14.542020774315391,7.157830244623494,13.314447592067989,4.791734117988936,6.208053691275168,3.9664277724117993,6.0,99932.96885954036,36998.63734262095,62934.33151691941,0.0,4.0,2.0,0.0,94.36540968795124,224.5684693472817,6.0,7.0,7.0,0.0157303370786516,114390.00031647195,0.0,0.0,0.0,0.0,0.0,0.0,0.0,0.0,0.0,114390.00031647195,1.0,1.0,114390.00031647195,0.0,0.0,114390.00031647195,114390.00031647195,1.0,0.0,0.0,0.0,0.0,0.0,0.0,0.0,0.0,0.0,108.0169974659792,4.691503810126612,257.05618048645385,5.553177315040159,True
5000162575,Salisbury town,74957495,2997465,77954961.0,5.054909647879128,0.0,0,99688.0,21381.0,1200,236,30.416666666666664,8.946929541765078,1967.0,10.0,2.9723991507431,3.011857930502843,471,77,11.252653927813164,7.038702703223231,34.56659619450317,12.076071010250278,4.639175257731959,2.9857566750724813,11.082474226804123,4.179957431481317,6.116642958748222,3.64138288172306,,,,,,,,,,,2.0,4.0,3.0,0.0063694267515923,,,,,,,,,,,,,,,,,,,,,,,,,,,,,,,,,False
5000362875,Sandgate town,109417261,171503,109588759.0,1.8795037253654772,0.4063398026409486,1,69167.0,18993.0,435,137,25.97701149425287,11.312451306768766,1959.0,10.0,1.8867924528301887,2.0013841324514257,212,75,5.660377358490567,6.450761486890065,37.80160857908847,18.456280289430342,9.655172413793103,7.537177111417242,12.413793103448276,8.056592440049815,5.111821086261981,5.605908533008287,,,,,,,,,,,,2.0,,,0.0,0.0,0.0,0.0,0.0,0.0,29501.51479438434,0.0,0.0,0.0,29501.51479438434,0.0,0.0,0.0,0.0,29501.51479438434,,,0.0,0.0,0.0,0.0,0.0,0.0,1.0,0.0,0.0,0.0,67.819574239964,4.231488213776004,139.15808865275633,4.94277099019981,True
5000363175,Searsburg town,55124443,327248,55451691.0,4.07120619736692,1.2324228290756547,1,61071.0,49326.0,129,47,6.976744186046512,22.861676880301477,1983.0,6.0,0.0,20.0,50,19,0.0,20.0,29.21348314606741,24.115622004962272,0.0,7.751937984496124,13.953488372093023,25.14317148385807,9.859154929577464,14.506029193079767,,,,,,,,,,,,,,,,,,,,,,,,,,,,,,,,,,,,,,,,,,,,,,,False
5000363550,Shaftsbury town,111345104,237624,111582741.0,2.4771423741682312,1.592762835300016,1,86071.0,24478.0,3607,17,21.790962018297755,4.836025531560955,1977.0,3.0,3.59375,4.165225471358991,1280,161,17.65625,7.971839725598779,40.93543046357616,11.837328096809316,9.602928752464097,5.326205136287878,13.612420293873026,4.502065889422542,3.510971786833856,2.9076255005197646,2.0,34541.23060104204,34541.23060104204,0.0,0.0,2.0,0.0,0.0,9.576165955376226,26.985336407064096,4.0,8.0,9.0,0.00703125,,,,,,,,,,,,,,,,,,,,,,,,,,,,,,,,,False
5002763775,Sharon town,103103248,1298458,104401738.0,4.096316968532488,2.712226773762778,1,84375.0,16539.0,1577,235,25.110970196575774,6.37917332767107,1981.0,4.0,1.40405616224649,1.2649201630962288,641,94,20.2808112324493,8.786953215487644,37.88659793814433,9.940561235201717,2.9803424223208625,1.8918047396745168,8.497146480659481,3.5440940950033224,16.133333333333333,7.6796476791614205,3.0,160412.7620520477,160412.7620520477,0.0,0.0,3.0,0.0,0.0,101.72020421816596,250.25391895795275,9.0,10.0,10.0,0.0156006240249609,0.0,0.0,0.0,0.0,0.0,0.0,0.0,0.0,0.0,0.0,0.0,1.0,2.0,0.0,0.0,0.0,0.0,0.0,0.0,0.0,0.0,0.0,0.0,0.0,0.0,0.0,0.0,0.0,0.0,0.0,0.0,0.0,False
5000564075,Sheffield town,84840736,666566,85507303.0,1.7968904650115944,0.0,0,58333.0,26066.0,573,110,19.19720767888307,6.562336763932511,1987.0,7.0,7.142857142857142,8.04754085779681,252,47,16.26984126984127,10.374339086319848,27.06422018348624,9.461619632931974,6.631762652705062,5.049683661547664,10.12216404886562,6.270529248192306,18.13186813186813,9.593722405801373,,,,,,,,,,,,,,,0.0,0.0,0.0,0.0,0.0,0.0,12364.351473258232,0.0,0.0,0.0,12364.351473258232,0.0,0.0,0.0,0.0,12364.351473258232,,,0.0,0.0,0.0,0.0,0.0,0.0,1.0,0.0,0.0,0.0,21.5782748224402,3.11698815289922,49.064886798643776,3.9133199000694994,True
5000764300,Shelburne town,62874439,49260125,112134576.0,1.864869006331236,6.725913102688034,1,115963.0,15767.0,7969,25,29.225749780399045,4.159285251852923,1986.0,3.0,4.5004500450045,2.7444054651593164,3333,206,30.063006300630065,8.048206223100804,70.16916070266753,8.012493009145665,8.441142564365313,3.5610749650864246,11.445397516323135,2.961300621432198,6.294085729788389,5.874683058265527,3.0,24931.60379042061,2713.397758115139,0.0,22218.20603230547,2.0,0.0,1.0,3.128573696877978,7.480229160042186,13.0,13.0,14.0,0.0042004200420042,,,,,,,,,,,,,,,,,,,,,,,,,,,,,,,,,False
5001164600,Sheldon town,100080748,1809124,101889875.0,8.631077307532733,0.0,0,78533.0,24942.0,2267,380,12.615791795324215,3.7466567477251695,1984.0,19.0,1.8619934282584885,2.0157883317740093,913,206,10.952902519167578,5.710327036445672,14.747736093143596,4.93501338109089,5.1395657953035006,3.6475475528406873,16.100573445081608,5.395510611942607,18.65979381443299,20.18283409560816,,,,,,,,,,,6.0,4.0,3.0,0.0032858707557502,,,,,,,,,,,,,,,,,,,,,,,,,,,,,,,,,False
5000165050,Shoreham town,111950012,7645403,119595421.0,3.0567665645164577,0.0,0,93654.0,22931.0,1269,207,26.083530338849485,7.0809095394509445,1979.0,7.0,2.022058823529412,2.224853914388501,544,78,19.11764705882353,8.540103131215423,36.15537848605578,9.37995490491342,8.2864038616251,5.234097358210613,15.36643026004728,5.630791990552993,10.655737704918032,5.152678472426935,1.0,0.0,0.0,0.0,0.0,1.0,0.0,0.0,0.0,0.0,1.0,1.0,2.0,0.0036764705882352,,,,,,,,,,,,,,,,,,,,,,,,,,,,,,,,,False
5002165275,Shrewsbury town,129660710,537225,130197779.0,2.398636634697304,3.0706245412129367,1,91250.0,23153.0,1237,273,21.90784155214228,8.901680257666658,1975.0,4.0,0.5102040816326531,0.7711814541499564,392,73,4.846938775510204,3.191522504306276,40.993071593533486,12.782301125494737,6.952303961196443,6.175847874815095,12.69199676637025,7.857189517419565,6.378986866791744,3.173425001319848,15.0,389377.51897525793,58581.94754742349,330795.57142783445,0.0,5.0,10.0,0.0,314.77568227587545,993.309997385862,18.0,17.0,20.0,0.0510204081632653,359432.1753865088,0.0,0.0,0.0,0.0,359432.1753865088,0.0,0.0,0.0,0.0,718864.3507730176,1.0,1.0,718864.3507730176,0.0,0.0,718864.3507730176,718864.3507730176,0.5,0.0,0.0,0.0,0.0,0.5,0.0,0.0,0.0,0.0,581.1352876095534,6.366702873655817,1833.837629523004,7.514711271300051,True
5002565762,Somerset town,65607721,5895000,71502732.0,3.741458054843834,8.710616934320022,1,,,0,10,,,1952.0,24.0,,,0,10,,,,,,,,,0.0,100.0,,,,,,,,,,,,,,,,,,,,,,,,,,,,,,,,,,,,,,,,,,,,,,,False
5000766175,South Burlington city,42565245,37303579,79868762.0,2.7340944783858774,3.6022051156699777,1,106667.0,12797.0,20756,79,17.806899209867026,2.103412739817729,1989.0,2.0,4.944010141559265,2.165797721812927,9466,412,38.41115571519121,5.239042182406086,67.55119510107329,5.577829026306551,7.21386943532984,2.2729163117099875,8.71882640586797,1.737635167468822,0.0,0.1964230331851545,2.0,10969.897187386738,10969.897187386738,0.0,0.0,2.0,0.0,0.0,0.5285169198008642,1.1588735672286856,14.0,17.0,22.0,0.0023241073315022,,,,,,,,,,,,,,,,,,,,,,,,,,,,,,,,,False
5001367000,South Hero town,38630491,81671658,120302064.0,0.0622083900679339,0.0007753754465038,0,127434.0,15007.0,1586,197,26.48171500630517,5.259661876417552,1985.0,3.0,3.0441400304414,2.9161842256937347,657,81,14.91628614916286,7.829388729979074,61.88197767145136,12.109978025833753,3.467843631778058,1.7560453425008715,9.734513274336283,3.187014971919418,5.763688760806916,3.792088327997992,5.0,50086.95058148047,50086.95058148047,0.0,0.0,5.0,0.0,0.0,31.58067501984897,76.23584563391243,10.0,13.0,15.0,0.0228310502283105,,,,,,,,,,,,,,,,,,,,,,,,,,,,,,,,,False
5002769550,Springfield town,127458769,1097226,128555994.0,3.029616726766727,2.3012990873314254,1,66571.0,12881.0,9084,23,23.601937472479083,3.729472512831289,1958.0,5.0,13.22378716744914,5.345042816342577,3834,302,32.26395409494001,7.217576310600132,23.33383708629288,4.439326999356778,14.765643038559222,6.015024536545473,23.16580011554015,4.661364800982412,6.144465290806754,4.508315053877703,3.0,22283.188423793785,5301.307248783725,16981.881175010058,0.0,2.0,1.0,0.0,2.45301501803102,5.811994894051587,35.0,23.0,34.0,0.0088680229525299,0.0,0.0,941233.5202861757,0.0,0.0,580106.253404735,0.0,0.0,0.0,0.0,1521339.7736909103,0.0,0.0,1521339.7736909103,0.0,0.0,,,0.0,0.0,0.6186872495962268,0.0,0.0,0.3813127504037732,0.0,0.0,0.0,0.0,167.47465584444194,5.126785328060893,396.8022362261112,5.985954987887508,True
5001161675,St. Albans city,5064442,4268,5068716.0,4.214242610242424,0.0,0,57980.0,7287.0,6954,31,13.920046016681049,2.548976227842381,1945.0,9.0,17.60359781561195,6.223161081743915,3113,184,50.97976228718279,7.125301511987817,31.705364291433145,6.431570878698007,19.47826086956522,6.450032146189025,19.639744334689134,4.400702147118131,0.9025270758122744,0.8442678949879372,1.0,1431.4316859143312,1431.4316859143312,0.0,0.0,1.0,0.0,0.0,0.2058429229097398,0.4598238631269936,1.0,4.0,4.0,0.0012849341471249,,,,,,,,,,,,,,,,,,,,,,,,,,,,,,,,,False
5001161750,St. Albans town,96174593,61378223,157552932.0,1.459133688564296,1.0189241726377568e-08,0,90060.0,18679.0,7057,51,20.773699872467056,3.821373556400393,1987.0,6.0,2.407261247040253,2.2227713278804564,2534,251,20.67876874506709,7.925149689569756,33.55197773802425,6.875616565452268,5.331541218637993,2.808752692135118,16.689118395449785,4.705178164108247,2.3503603885929176,1.95245188341812,9.0,164152.5029072803,164152.5029072803,0.0,0.0,9.0,0.0,0.0,23.26094698983708,64.77999325464889,48.0,41.0,39.0,0.0153906866614048,120425.37432144668,0.0,0.0,0.0,0.0,0.0,331359.6277841985,0.0,0.0,0.0,451785.0021056452,1.0,1.0,0.0,0.0,451785.0021056452,451785.0021056452,451785.0021056452,0.2665546084092594,0.0,0.0,0.0,0.0,0.0,0.7334453915907406,0.0,0.0,0.0,64.01941364682517,4.174685896791805,178.2892668135932,5.189000517210794,True
5000762050,St. George town,9505930,8797,9514722.0,0.0,1.704541856671434,1,109464.0,33858.0,812,241,15.886699507389162,7.210367876795227,1977.0,4.0,2.950819672131148,4.6370703169294725,305,68,8.852459016393443,7.794984244213529,53.64485981308411,16.4577563395151,5.534105534105534,3.662369806816072,7.0197044334975365,5.137404080295815,31.347962382445143,12.9498596714176,,,,,,,,,,,,,,,,,,,,,,,,,,,,,,,,,,,,,,,,,,,,,,,False
5000562200,St. Johnsbury town,94407668,911352,95319036.0,5.36633699665684,0.0,0,57738.0,9123.0,7368,27,21.13192182410424,3.572392700533917,1944.0,6.0,12.767911818738517,3.5696218559122097,3266,150,40.4470300061237,5.642192945089865,30.309646685192536,5.24016045855715,16.824143280214358,4.333694978132258,18.11473127262601,3.125692988573228,4.615817618913594,2.150948468072769,19.0,254380.81477744645,92613.5104572929,161767.30432015355,0.0,7.0,11.0,1.0,34.525083438849954,77.88757341624202,43.0,18.0,27.0,0.0082669932639314,109524.04326232689,0.0,0.0,0.0,0.0,18562.57572737184,0.0,0.0,0.0,0.0,128086.61898969872,1.0,1.0,109524.04326232689,0.0,18562.57572737184,128086.61898969872,128086.61898969872,0.8550779474562857,0.0,0.0,0.0,0.0,0.1449220525437143,0.0,0.0,0.0,0.0,17.384177387309816,2.911490370064952,39.21819319954033,3.694319460400093,True
5000369775,Stamford town,102255394,300070,102555460.0,1.4494385602162183,1.842005667451192,1,88646.0,9226.0,963,128,20.45690550363448,4.500866850327345,1980.0,6.0,0.544959128065395,0.8204125280096463,367,47,4.632152588555858,2.7886232109449445,33.996937212863706,7.232215280338085,6.269592476489027,2.6443221464913806,9.96884735202492,3.6416200067443047,1.9955654101995564,2.231097212316521,1.0,0.0,0.0,0.0,0.0,0.0,1.0,0.0,0.0,0.0,5.0,7.0,6.0,0.0163487738419618,,,,,,,,,,,,,,,,,,,,,,,,,,,,,,,,,False
5000569925,Stannard town,32742771,224817,32967598.0,1.8415224189449475,0.0,0,66979.0,30024.0,228,65,25.877192982456144,13.460827869187424,1977.0,4.0,3.8095238095238098,3.942647541907308,105,28,1.9047619047619049,2.901941557340048,44.84536082474227,21.363370583773843,3.947368421052632,2.862099222948345,10.087719298245611,12.704123427165197,14.685314685314683,9.85303627933757,,,,,,,,,,,,1.0,,,,,,,,,,,,,,,,,,,,,,,,,,,,,,,,,,,False
5000170075,Starksboro town,117485651,494698,117980457.0,2.621945450227508,1.4628604826416863e-05,0,82188.0,15313.0,1939,299,17.43166580711707,4.314462538396392,1986.0,4.0,3.698435277382646,2.4563858151857394,703,82,8.677098150782362,4.524334893658093,39.27765237020316,9.245050532945353,6.962351727694688,3.6183378759758376,15.110881897885507,4.71642441998686,27.577639751552795,7.131491662244326,3.0,50688.29413857185,50688.29413857185,0.0,0.0,3.0,0.0,0.0,26.14146164959869,72.10283661247774,1.0,3.0,4.0,0.0056899004267425,,,,,,,,,,,,,,,,,,,,,,,,,,,,,,,,,False
5002770375,Stockbridge town,118581821,708170,119290078.0,4.380536078710622,2.754096527186357,1,77109.0,11753.0,791,157,27.939317319848296,8.47228534677017,1977.0,4.0,1.2468827930174564,1.2758911206465229,401,87,14.962593516209475,8.84655800586514,35.04273504273504,10.99878002534473,3.919089759797725,2.6453959377861582,11.883691529709228,5.665210000431107,9.060955518945637,5.324977002248729,7.0,590426.4064687351,590426.4064687351,0.0,0.0,7.0,0.0,0.0,746.4303495179963,1472.3850535379927,20.0,9.0,9.0,0.0224438902743142,2389929.9087705896,0.0,0.0,0.0,0.0,0.0,0.0,0.0,0.0,0.0,2389929.9087705896,18.0,19.0,2389929.9087705896,0.0,0.0,125785.7846721363,132773.88382058832,1.0,0.0,0.0,0.0,0.0,0.0,0.0,0.0,0.0,0.0,3021.4031716442346,8.013807546126074,5959.924959527655,8.692980942569587,True
5001570525,Stowe town,187660671,432400,188092977.0,2.8973454515662813,2.169043595194632,1,93618.0,32786.0,5285,15,25.77105014191107,6.164916025295264,1982.0,7.0,6.595218466611706,4.691743702196601,2426,207,21.3520197856554,6.2090032933541,66.70020120724345,11.701866322745715,9.858088930936614,6.30091358858466,10.974456007568593,4.105249988503039,0.9242618741976896,1.1578045145603633,9.0,30060.44376167613,21423.757378048056,8636.686383628077,0.0,4.0,5.0,0.0,5.687879614319041,12.39094961322182,31.0,37.0,46.0,0.0189612530915086,0.0,0.0,0.0,0.0,1267970.0918897777,67419.1810655828,498126.6405974783,0.0,0.0,0.0,1833515.9135528384,1.0,1.0,0.0,1267970.0918897777,565545.8216630612,1833515.9135528384,1833515.9135528384,0.0,0.0,0.0,0.0,0.691551179085655,0.0367704368242669,0.271678384090078,0.0,0.0,0.0,346.9282712493545,5.85199634142987,755.7773757431322,6.629069122659647,True
5001770675,Strafford town,114179722,470499,114650329.0,2.674264377975631,0.0,0,110833.0,18827.0,1372,223,22.084548104956266,6.091750625752755,1980.0,7.0,0.6920415224913495,0.8729733533307072,578,98,11.072664359861593,6.339712231501678,53.2719836400818,12.575910488168065,5.247813411078718,3.813807395685477,9.183673469387756,3.964380577768485,2.682563338301043,2.122904544034048,3.0,20428.78816764996,10075.17838232398,10353.609785325978,0.0,1.0,2.0,0.0,14.88978729420551,35.34392416548436,5.0,10.0,10.0,0.0173010380622837,0.0,0.0,0.0,0.0,0.0,24727.40891391794,0.0,0.0,0.0,0.0,24727.40891391794,0.0,0.0,0.0,0.0,24727.40891391794,,,0.0,0.0,0.0,0.0,0.0,1.0,0.0,0.0,0.0,0.0,18.022892794400832,2.9456431377921835,42.780984280134845,3.7791995742571314,True
5002570750,Stratton town,119210164,1907452,121117646.0,1.167340931538197,1.4818523484543693,1,122708.0,33350.0,532,189,11.654135338345863,7.071164217560853,1988.0,3.0,0.0,7.633587786259542,131,43,26.7175572519084,20.311466280189236,33.15068493150685,19.717096116921777,0.0,1.8796992481203008,6.015037593984962,7.866133731567531,1.058201058201058,1.325504236275889,,,,,,,,,,,1.0,5.0,7.0,0.0534351145038167,,,,,,,,,,,,,,,,,,,,,,,,,,,,,,,,,False
5002171050,Sudbury town,55409219,1943172,57352381.0,2.4608296859183945,9.00595139262142,1,100208.0,32989.0,679,156,21.79675994108984,8.591598655025157,1977.0,6.0,2.281368821292776,2.336186842487792,263,58,4.182509505703422,3.544182622324421,34.34125269978402,11.240642748129927,3.5346097201767304,2.913687093610666,9.131075110456552,5.348561630301234,5.405405405405405,4.157217016440171,,,,,,,,,,,1.0,,,,,,,,,,,,,,,,,,,,,,,,,,,,,,,,,,,,False
5000371425,Sunderland town,117158656,821993,117980643.0,2.8731164491246224,1.994037675887727,1,88523.0,15919.0,1269,212,16.706067769897555,4.774109417007943,1973.0,6.0,2.9484029484029484,2.9813342637743747,407,61,8.108108108108109,4.586522631935564,41.41546526867628,11.267632470368534,11.190476190476192,8.857117418340426,9.771473601260835,4.851383416246932,1.4311270125223614,1.621732345425435,,,,,,,,,,,1.0,6.0,5.0,0.0122850122850122,,,,,,,,,,,,,,,,,,,,,,,,,,,,,,,,,False
5000571575,Sutton town,99192364,504773,99697143.0,2.0225878191741304,0.0,0,71250.0,17627.0,790,148,21.645569620253163,6.33325131937018,1979.0,5.0,0.0,2.7777777777777777,360,64,15.0,10.61808961915908,32.77870216306156,9.698150752298837,12.404092071611252,5.738083095888944,15.796178343949045,6.106080733881258,13.480885311871226,6.595241842872179,,,,,,,,,,,,,,,,,,,,,,,,,,,,,,,,,,,,,,,,,,,,,,,False
5001171725,Swanton town,124900673,34889318,159790036.0,4.223380034822579,0.0,0,81371.0,13820.0,6820,19,19.530791788856305,3.220462462672028,1976.0,4.0,4.942528735632184,3.463270638665988,2610,170,22.06896551724138,6.595331497228557,23.33066773290684,5.37021317922054,13.020527859237538,5.938527209832595,16.26124133864072,3.4825713912957905,8.58296869740828,4.953995039657276,11.0,574465.4935784943,574465.4935784943,0.0,0.0,11.0,0.0,0.0,84.23247706429535,220.101721677584,37.0,29.0,33.0,0.0126436781609195,526286.8362650007,0.0,0.0,0.0,0.0,44211.37771158306,0.0,0.0,0.0,0.0,570498.2139765838,0.0,3.0,0.0,526286.8362650007,44211.37771158306,190166.07132552797,,0.9225039156504744,0.0,0.0,0.0,0.0,0.0774960843495256,0.0,0.0,0.0,0.0,83.65076451269557,4.438534139993713,218.58169117876773,5.391724332656732,True
5001772400,Thetford town,112800232,2081778,114881872.0,3.574171270066179,0.0035441102520404,0,88045.0,16316.0,2813,27,20.760753643796654,6.0376607300851095,1978.0,6.0,0.0,0.7380073800738007,1355,129,15.867158671586717,6.955681386614314,67.95104261106074,12.541778266775246,7.963963963963964,4.5436966216587145,13.366512619978671,4.94211409402141,0.6048387096774194,0.875480982160346,2.0,38471.54447718876,38471.54447718876,0.0,0.0,2.0,0.0,0.0,13.676340020330167,28.39228374700278,14.0,22.0,18.0,0.0132841328413284,,,,,,,,,,,,,,,,,,,,,,,,,,,,,,,,,False
5002172925,Tinmouth town,74050391,429892,74480074.0,1.9439696905566315,7.973564578348334,1,79219.0,36627.0,827,198,14.631197097944376,4.947711083211555,1973.0,5.0,0.9345794392523364,1.2671552809436422,321,79,6.230529595015576,4.3304113602094265,46.55172413793103,18.61191794347223,13.059250302297462,10.743160628633342,7.617896009673519,4.011358562767983,8.017817371937639,4.711641581580055,,,,,,,,,,,,,1.0,0.0031152647975077,,,,,,,,,,,,,,,,,,,,,,,,,,,,,,,,,False
5001773075,Topsham town,126706618,239800,126946423.0,2.768847459921663,0.0,0,72308.0,60425.0,999,152,23.223223223223226,6.935167648607594,1981.0,6.0,3.686635944700461,2.8229439026278857,434,67,9.67741935483871,6.847004324216738,28.07692307692308,8.151464786839725,18.81881881881882,10.797002732545865,20.82082082082082,6.575116508346918,10.175438596491228,6.666221881124742,1.0,30605.111647246555,30605.111647246555,0.0,0.0,1.0,0.0,0.0,30.6357473946412,70.51869043144367,2.0,3.0,3.0,0.0069124423963133,,,,,,,,,,,,,,,,,,,,,,,,,,,,,,,,,False
5002573300,Townshend town,109511616,1162294,110673923.0,4.512824863657149,3.454140150379259,1,78750.0,28645.0,1538,396,19.310793237971392,6.5781536642494585,1982.0,5.0,5.68561872909699,3.79025131294506,598,150,17.391304347826086,6.904004273809693,52.05905205905206,22.18285533950914,8.050565535595476,4.229648075941707,11.377245508982035,4.911267319255462,5.372405372405373,4.272546330736122,,,,,,,,,,,10.0,6.0,7.0,0.011705685618729,,,,,,,,,,,,,,,,,,,,,,,,,,,,,,,,,False
5001973525,Troy town,93570429,824330,94394770.0,5.432470056564812,5.708078405401486e-06,0,87938.0,11397.0,1749,278,17.667238421955403,4.973047056338102,1980.0,5.0,1.1283497884344147,0.997414308925869,709,89,13.399153737658676,6.157994671997635,20.18561484918793,5.522954445063929,8.640552995391705,3.772809991865569,16.580903373356204,6.067274898465492,4.481132075471698,2.411326485917603,3.0,165181.84458391555,151731.76730285527,13450.077281060276,0.0,2.0,1.0,0.0,94.44359324409122,232.97862423683435,2.0,2.0,3.0,0.004231311706629,404791.21503490594,0.0,0.0,0.0,0.0,0.0,0.0,0.0,0.0,0.0,404791.21503490594,2.0,3.0,0.0,159049.4134388091,245741.80159609683,134930.4050116353,202395.60751745297,1.0,0.0,0.0,0.0,0.0,0.0,0.0,0.0,0.0,0.0,231.44151803024928,5.448638658033321,570.9326023059322,6.349021156301036,True
5001773675,Tunbridge town,115609011,394352,116003409.0,2.633120548760069,4.3176568043502363e-07,0,89464.0,25951.0,1253,239,20.9098164405427,5.872539866246762,1981.0,10.0,1.1428571428571428,1.1554017062795965,525,78,15.80952380952381,10.550496876005557,42.88816503800217,11.222294167073487,14.411529223378702,13.492978550948049,13.72705506783719,5.425415636920574,3.748125937031484,2.459950464539588,,,,,,,,,,,5.0,3.0,4.0,0.0076190476190476,,,,,,,,,,,,,,,,,,,,,,,,,,,,,,,,,False
5000773975,Underhill town,132646841,189148,132836173.0,1.9157620649406295,2.332189652786605,1,92267.0,54188.0,3141,15,17.63769500159185,6.023926153795746,1979.0,3.0,0.0,0.835421888053467,1197,180,20.2172096908939,15.751481088590674,50.14137606032045,12.8571569032824,6.367398917542184,8.309511224781865,10.569882203120024,5.506743061831107,1.086048454469507,1.7619710795186223,3.0,54156.924731883744,54156.924731883744,0.0,0.0,3.0,0.0,0.0,17.241937195760503,45.24388031067982,13.0,15.0,13.0,0.010860484544695,745042.8171832873,0.0,0.0,0.0,332622.2004183427,0.0,405665.66692849976,0.0,0.0,0.0,1483330.6845301297,2.0,2.0,745042.8171832873,0.0,738287.8673468425,741665.3422650648,741665.3422650648,0.50227695344905,0.0,0.0,0.0,0.2242400861030569,0.0,0.2734829604478931,0.0,0.0,0.0,472.2479097517127,6.159619373284565,1239.2069210778025,7.123033516514464,True
5000174650,Vergennes city,6359940,199983,6559919.0,14.034324150301586,0.0,0,76587.0,12755.0,2565,24,21.59844054580897,4.74575725524912,1967.0,7.0,7.971656333038086,4.029715062233337,1129,84,27.900797165633307,7.38373131267099,42.14099216710183,7.661468147613661,11.597633136094675,4.262145401690391,16.79178190438562,4.184731749484315,5.852842809364549,2.874513589571958,1.0,66451.86847060792,66451.86847060792,0.0,0.0,1.0,0.0,0.0,25.9071611971181,58.859050903992845,10.0,6.0,8.0,0.0070859167404783,,,,,,,,,,,,,,,,,,,,,,,,,,,,,,,,,False
5002574800,Vernon town,50370905,1482157,51853095.0,0.8858212220651718,8.455838947832637,1,85682.0,9380.0,2709,442,22.77593207825766,5.641971335918188,1979.0,3.0,5.058365758754864,3.757464121371768,1028,137,23.832684824902724,9.404694876543708,26.575476306790424,8.122998104116668,5.454545454545454,3.599396789556553,19.26398798347728,5.601391508114675,13.301435406698564,9.360275682688174,2.0,6040.54384259344,6040.54384259344,0.0,0.0,1.0,0.0,1.0,2.229805774305441,5.876015411083113,5.0,5.0,7.0,0.0068093385214007,,,,,,,,,,,,,,,,,,,,,,,,,,,,,,,,,False
5001774950,Vershire town,93500027,133123,93633182.0,1.0679549930530143,0.0,0,71618.0,12134.0,842,166,22.209026128266032,7.935211157324659,1985.0,9.0,0.5376344086021506,0.8157545489738207,372,85,18.548387096774192,8.404873395768298,31.76470588235294,10.883453458555934,19.52380952380953,8.118294576130582,15.274463007159904,5.823677665212555,9.502262443438914,5.551693794138675,1.0,3875.032831406916,0.0,3875.032831406916,0.0,0.0,1.0,0.0,4.602176759390637,10.416754923136873,1.0,1.0,3.0,0.0080645161290322,,,,,,,,,,,,,,,,,,,,,,,,,,,,,,,,,False
5000975175,Victory town,111250313,328518,111578830.0,4.007701753055551,0.0,0,,,53,28,47.16981132075472,53.08024722939554,1986.0,12.0,0.0,28.57142857142857,35,17,28.57142857142857,34.35609879431668,26.53061224489796,39.96988875489676,45.28301886792453,46.28464799365557,9.433962264150944,57.66235216197779,13.953488372093023,13.685556757429826,,,,,,,,,,,,,,,,,,,,,,,,,,,,,,,,,,,,,,,,,,,,,,,False
5002375325,Waitsfield town,66688120,460997,67149135.0,5.02191999706832,4.576391852665791,1,84375.0,34128.0,1918,262,28.154327424400417,8.281548516027474,1980.0,4.0,8.665105386416862,7.290761751591776,854,144,20.140515222482435,8.656505509050431,63.629629629629626,14.888113323461525,5.965463108320251,3.9577469302833976,14.65067778936392,6.464098747939877,1.651376146788991,1.479671024728598,14.0,486012.2204489657,484049.9758452004,1962.2446037652776,0.0,12.0,2.0,0.0,253.39531827370476,569.1009607130745,31.0,29.0,29.0,0.0339578454332552,0.0,0.0,202201.47680905397,0.0,0.0,0.0,0.0,0.0,0.0,0.0,202201.47680905397,0.0,0.0,168588.29824024628,0.0,33613.17856880766,,,0.0,0.0,1.0,0.0,0.0,0.0,0.0,0.0,0.0,0.0,105.42308488480391,4.667422516577476,236.76987916751048,5.4713033116735375,True
5000575700,Walden town,100028451,919378,100947895.0,2.118208052919111,5.521612840794497e-05,0,88000.0,14593.0,1037,187,20.443587270973964,5.823164684020232,1983.0,4.0,0.0,2.155172413793104,464,77,6.25,2.9875397406827724,26.378896882494008,6.770351348163044,9.257473481195758,5.836875582232135,10.318225650916103,4.28368790666397,8.148148148148149,4.889048507183546,,,,,,,,,,,,,,,,,,,,,,,,,,,,,,,,,,,,,,,,,,,,,,,False
5002175925,Wallingford town,110092961,1160477,111253420.0,3.77855025885212,3.97121386036868,1,80230.0,15356.0,2286,407,23.928258967629045,6.8169120168813535,1971.0,9.0,0.9987515605493134,1.5023244307854746,801,90,17.478152309612984,10.178758522566264,30.253521126760564,7.882921027593702,6.99912510936133,5.14021093999478,23.27209098862642,8.08663407647249,7.329842931937172,4.585387411869987,21.0,718938.4596878551,472654.95457394246,246283.50511391263,0.0,11.0,10.0,0.0,314.49626408042656,897.5511356902061,35.0,31.0,28.0,0.0349563046192259,149192.53093698094,0.0,0.0,0.0,0.0,0.0,0.0,0.0,0.0,0.0,149192.53093698094,1.0,1.0,0.0,149192.53093698094,0.0,149192.53093698094,149192.53093698094,1.0,0.0,0.0,0.0,0.0,0.0,0.0,0.0,0.0,0.0,65.26357433813689,4.193640339548072,186.2578413695143,5.23248649799324,True
5000176075,Waltham town,23610483,305013,23915498.0,8.14546155800925,0.0,0,97500.0,13819.0,452,95,45.35398230088495,13.84190004098352,1986.0,3.0,0.9803921568627452,1.9726745295776835,204,45,13.725490196078432,10.260786244900856,39.010989010989015,13.230721991045993,5.3097345132743365,3.923137431932907,13.716814159292037,6.753429634193828,17.431192660550458,12.043306205568758,,,,,,,,,,,,,,,,,,,,,,,,,,,,,,,,,,,,,,,,,,,,,,,False
5002576225,Wardsboro town,75685009,84589,75769581.0,1.8369286535409823,0.84956984550646,1,62000.0,6480.0,820,155,27.439024390243905,7.982769212300968,1978.0,3.0,0.0,2.9069767441860463,344,43,9.593023255813954,6.506796023150319,38.91547049441787,12.632702508987911,7.682926829268292,4.508589930223012,10.731707317073171,5.336247069400127,3.349875930521092,2.259736134463698,4.0,349721.6388263357,336066.2349217288,13655.403904606956,0.0,3.0,1.0,0.0,426.4898034467509,1016.63267100679,10.0,11.0,14.0,0.0406976744186046,681318.9312513274,0.0,0.0,0.0,0.0,0.0,0.0,0.0,0.0,0.0,681318.9312513274,4.0,5.0,403316.4886044937,278002.4426468337,0.0,136263.7862502655,170329.73281283185,1.0,0.0,0.0,0.0,0.0,0.0,0.0,0.0,0.0,0.0,830.8767454284481,6.723684287333138,1980.5782885213005,7.591648921575613,True
5000976337,Warner's grant,8286161,0,8286163.0,0.4154280172269115,0.0,0,,,0,10,,,,,,,0,10,,,,,,,,,,,,,,,,,,,,,,,,,,,,,,,,,,,,,,,,,,,,,,,,,,,,,,,,,False
5002376525,Warren town,103816841,129794,103946726.0,2.1657336473223934,0.5727007544007096,1,86905.0,16379.0,1585,302,30.094637223974765,9.469867498987233,1977.0,1.0,0.0,1.4285714285714286,700,108,13.285714285714286,7.020206261928254,59.97056659308315,19.20805385537676,15.709779179810726,12.845724717352466,6.561514195583597,5.180677048423423,0.7658202337767029,1.0490281494441154,7.0,135420.1331701334,27325.54121984372,0.0,108094.59195028969,4.0,0.0,3.0,85.43856982342801,193.45733310019057,19.0,17.0,16.0,0.0228571428571428,481640.5678783426,0.0,0.0,0.0,149024.39175913134,257724.2919258137,66275.72279458892,0.0,0.0,6756.386186149362,961421.360544026,6.0,6.0,593682.2390405032,0.0,367739.1215035228,160236.89342400432,160236.89342400432,0.5009672009011776,0.0,0.0,0.0,0.1550042446267316,0.2680659100188693,0.0689351469756053,0.0,0.0,0.007027497477616,606.5749908795116,6.409475609373368,1373.4590864914655,7.225815541059309,True
5000976562,Warren's gore,24532187,2159972,26692188.0,0.9407144629029416,0.0,0,,,0,10,,,1968.0,26.0,,,0,10,,,,,,,,,0.0,66.66666666666666,,,,,,,,,,,,,,,,,,,,,,,,,,,,,,,,,,,,,,,,,,,,,,,False
5001776750,Washington town,100961054,144403,101105459.0,1.6889287218685427,0.0,0,66103.0,7803.0,1056,176,24.33712121212121,7.369161230715901,1980.0,4.0,2.321083172147002,1.9759885877542005,517,90,5.609284332688588,3.989808414294154,30.97949886104784,10.86772476902841,3.2319391634980987,2.0681312461744024,16.950757575757574,7.925196000760444,8.40064620355412,5.0257031304021655,1.0,11261.30730844014,0.0,11261.30730844014,0.0,0.0,1.0,0.0,10.664116769356191,21.78202574166371,6.0,1.0,4.0,0.0077369439071566,,,,,,,,,,,,,,,,,,,,,,,,,,,,,,,,,False
5002376975,Waterbury town,124716296,4012575,128728927.0,3.668078953170673,2.847257108903525,1,103917.0,22843.0,5405,20,19.759481961147085,4.378720612868027,1983.0,7.0,7.94816414686825,5.528343055208378,2315,199,29.373650107991363,9.37452784366502,54.18994413407822,11.0689875039374,7.906022748461681,5.352393779329812,9.89485542621104,3.4212547456893443,4.442771084337349,3.705045855264386,132.0,6634788.436787433,4160868.294785627,2473920.1420018054,0.0,36.0,95.0,1.0,1227.5279254000802,2865.999324746191,91.0,123.0,142.0,0.0613390928725701,1020834.7961673856,0.0,107451.77245439576,0.0,0.0,116049.23593124392,0.0,0.0,0.0,123887.54955251352,1368223.3541055387,1.0,5.0,239936.78548375744,1020834.7961673856,107451.77245439576,273644.6708211077,1368223.3541055387,0.7461024496506605,0.0,0.0785337950357098,0.0,0.0,0.0848174646215638,0.0,0.0,0.0,0.0905462906920659,253.1403060324771,5.537886500464209,591.0252069570362,6.38354921329685,True
5000577125,Waterford town,99155685,3639175,102794858.0,1.6018790150828373,0.0,0,109375.0,18521.0,1279,216,21.42298670836591,6.104150682197119,1980.0,3.0,3.5785288270377733,2.8287641446563554,503,71,0.9940357852882704,1.2010668265929,41.04104104104104,12.025377589278271,6.980392156862745,4.622952519769787,9.169278996865204,4.085969314983992,2.797202797202797,2.6492738031199567,,,,,,,,,,,1.0,,1.0,0.0019880715705765,,,,,,,,,,,,,,,,,,,,,,,,,,,,,,,,,False
5001577425,Waterville town,40622773,118129,40740903.0,3.464532662063652,0.0,0,71250.0,26670.0,680,131,14.411764705882351,5.26016931675639,1972.0,9.0,0.0,3.003003003003003,333,69,20.12012012012012,12.149121534067014,32.06106870229007,10.89661907740464,4.900459418070445,2.886216801596658,17.5,8.88526883503033,9.523809523809524,7.413310195345001,,,,,,,,,,,,,,,,,,,,,,,,,,,,,,,,,,,,,,,,,,,,,,,False
5002777500,Weathersfield town,112687150,1452148,114139288.0,3.3984923859686287,8.356866129590752,1,83095.0,11951.0,2856,21,25.350140056022408,5.779362589334445,1978.0,4.0,2.380952380952381,2.8657718021803187,1050,98,10.095238095238097,6.26177116963739,37.19262295081967,9.716362136187358,8.75088214537756,5.116936069139107,15.2787579393084,4.883402432216975,11.598746081504702,5.130990456109806,6.0,196391.38117208265,188047.8104085075,8343.57076357514,0.0,4.0,2.0,0.0,68.76448920591129,187.0394106400787,6.0,8.0,5.0,0.0047619047619047,0.0,0.0,0.0,0.0,0.0,0.0,0.0,0.0,0.0,0.0,0.0,1.0,1.0,0.0,0.0,0.0,0.0,0.0,0.0,0.0,0.0,0.0,0.0,0.0,0.0,0.0,0.0,0.0,0.0,0.0,0.0,0.0,False
5002177950,Wells town,57867586,2263889,60131439.0,2.727272001497518,8.670112154591964,1,75417.0,11001.0,1148,246,24.477351916376307,7.74074190141783,1977.0,3.0,0.0,2.141327623126338,467,97,6.638115631691649,5.114413717044819,29.720670391061454,10.141704141478463,15.472027972027972,7.665268600204551,15.59233449477352,6.52977290847131,5.433526011560693,3.133555992657179,2.0,9309.799552903556,9309.799552903556,0.0,0.0,2.0,0.0,0.0,8.109581492076268,19.93533094840162,22.0,10.0,12.0,0.025695931477516,,,,,,,,,,,,,,,,,,,,,,,,,,,,,,,,,False
5001779975,West Fairlee town,58588748,560978,59149727.0,3.101877870270208,0.0,0,76500.0,16290.0,711,134,29.676511954992968,10.362520048600468,1978.0,5.0,0.0,2.9940119760479043,334,63,8.08383233532934,5.0272372819069,44.599303135888505,13.549968830797216,7.313642756680731,4.039888257252951,18.424753867791843,7.681121570934988,9.511568123393316,4.884700854874919,1.0,0.0,0.0,0.0,0.0,1.0,0.0,0.0,0.0,0.0,1.0,3.0,4.0,0.0119760479041916,194316.4165821084,0.0,0.0,0.0,0.0,0.0,0.0,0.0,0.0,0.0,194316.4165821084,2.0,2.0,0.0,194316.4165821084,0.0,97158.2082910542,97158.2082910542,1.0,0.0,0.0,0.0,0.0,0.0,0.0,0.0,0.0,0.0,273.30016396921013,5.6142229957166565,581.7856783895461,6.367819500219428,True
5002180875,West Haven town,72838833,1675200,74514019.0,5.843709623415661,13.34540280991971,1,85250.0,28991.0,234,71,29.914529914529915,13.682613878561348,1978.0,5.0,1.0752688172043012,2.168366230744056,93,24,9.67741935483871,9.99447071399508,30.55555555555556,18.889399502902336,10.256410256410255,11.538685269075192,14.529914529914532,13.153959958174395,11.851851851851851,9.222521641956249,,,,,,,,,,,,,,,,,,,,,,,,,,,,,,,,,,,,,,,,,,,,,,,False
5002182300,West Rutland town,46693315,138791,46832121.0,3.6192367159235537,10.13914683909987,1,61161.0,27057.0,2240,352,23.75,7.940527503939289,,,5.595854922279793,4.7373857623398745,965,144,18.44559585492228,7.468707789259693,35.197174808711004,11.085616589689218,6.830357142857142,4.634921742675911,15.312500000000002,4.969054829566151,3.298774740810556,2.7594647243085686,4.0,62704.852689340565,62704.852689340565,0.0,0.0,4.0,0.0,0.0,27.993237807741323,64.97912195786587,23.0,16.0,19.0,0.0196891191709844,,,,,,,,,,,,,,,,,,,,,,,,,,,,,,,,,False
5002783050,West Windsor town,64025413,236018,64261426.0,2.702214962916813,2.3883211111154625,1,108750.0,18461.0,1171,240,25.533731853116997,6.69120753608637,1980.0,3.0,1.0309278350515465,1.2465441542162696,485,72,2.061855670103093,1.8807452158416265,59.71143174250832,14.133268201195866,3.6909871244635193,2.356716636339223,7.600341588385994,4.013415973812681,0.6418485237483954,1.0292871981308325,1.0,25067.746999138697,25067.746999138697,0.0,0.0,1.0,0.0,0.0,21.407128094909226,51.68607628688391,2.0,5.0,4.0,0.0082474226804123,66174.41406692716,0.0,0.0,0.0,0.0,0.0,0.0,0.0,0.0,0.0,66174.41406692716,2.0,2.0,66174.41406692716,0.0,0.0,33087.20703346358,33087.20703346358,1.0,0.0,0.0,0.0,0.0,0.0,0.0,0.0,0.0,0.0,56.51102823819569,4.051976724859791,136.44209085964363,4.923202671010536,True
5001980200,Westfield town,103368989,273484,103642470.0,3.470843395811809,0.0,0,72500.0,30413.0,536,153,29.66417910447761,11.3987905231682,1973.0,5.0,7.339449541284404,7.125537007327908,218,55,8.256880733944955,5.038010223808131,27.296587926509183,11.857821274888083,12.126865671641792,5.808368867205166,16.448598130841123,7.465752432128496,6.730769230769231,6.244295662932434,1.0,0.0,0.0,0.0,0.0,0.0,1.0,0.0,0.0,0.0,4.0,2.0,,,,,,,,,,,,,,,,,,,,,,,,,,,,,,,,,,,False
5000780350,Westford town,100806171,542380,101348528.0,3.417623129501442,2.0257676735395984,1,112750.0,12264.0,2290,256,17.248908296943235,4.235325857108064,1982.0,4.0,1.631116687578419,1.6397270479324586,797,82,13.927227101631118,7.6633871812848735,52.268907563025216,10.577360131602038,2.532751091703057,1.5973463777408443,8.19964349376114,2.6299928480517045,7.091346153846153,3.6829527677415457,,,,,,,,,,,2.0,1.0,2.0,0.0025094102885821,0.0,0.0,0.0,0.0,0.0,0.0,0.0,0.0,0.0,0.0,0.0,0.0,0.0,0.0,0.0,0.0,,,0.0,0.0,0.0,0.0,0.0,0.0,0.0,0.0,0.0,0.0,0.0,0.0,0.0,0.0,False
5002581400,Westminster town,116613918,669527,117283434.0,1.8677589007716031,5.799133745649294,1,71491.0,3579.0,2999,25,27.60920306768923,6.8140782461441605,1980.0,7.0,2.881619937694704,3.3610165599742974,1284,127,11.7601246105919,6.41475352522916,46.34255129348796,9.813191663981808,8.79380053908356,5.627172169167197,16.408355795148246,5.230932373351794,10.44368600682594,6.391713136858941,5.0,47577.30210875985,0.0,47577.30210875985,0.0,2.0,3.0,0.0,15.864388832530794,37.05397360495316,21.0,25.0,35.0,0.0272585669781931,56045.70365761536,0.0,0.0,0.0,0.0,0.0,0.0,0.0,0.0,0.0,56045.70365761536,1.0,1.0,56045.70365761536,0.0,0.0,56045.70365761536,56045.70365761536,1.0,0.0,0.0,0.0,0.0,0.0,0.0,0.0,0.0,0.0,18.68813059607048,2.980015946349489,43.64930191403065,3.798838672576113,True
5001981700,Westmore town,89218126,8105123,97323260.0,0.3033623987555391,0.0,0,87188.0,11376.0,465,110,27.956989247311824,10.09316717277644,1977.0,5.0,3.589743589743589,3.1864880515588787,195,45,11.794871794871794,7.6781339098406844,32.22222222222222,11.759390897160218,11.612903225806452,9.235251001566407,12.043010752688172,7.531461803651111,1.326699834162521,1.0075558742133917,,,,,,,,,,,,,,,,,,,,,,,,,,,,,,,,,,,,,,,,,,,,,,,False
5002782000,Weston town,91611397,509317,92120727.0,2.8436273200781925,3.041187125045598,1,115000.0,19696.0,685,139,44.23357664233576,12.993820039953224,1969.0,7.0,5.39568345323741,2.6985214966592195,278,50,8.633093525179856,4.587319345511748,66.72661870503596,20.298269948651352,4.334828101644246,2.1390603276829854,7.623318385650224,5.144857409017835,1.279707495429616,1.2904425681533815,13.0,1138483.7041507226,104760.35125747009,1033723.3528932524,0.0,6.0,7.0,0.0,1662.020006059449,4095.265122844326,14.0,13.0,15.0,0.0539568345323741,489879.3785553861,0.0,0.0,0.0,0.0,0.0,0.0,0.0,0.0,0.0,489879.3785553861,0.0,2.0,0.0,489879.3785553861,0.0,244939.68927769305,,1.0,0.0,0.0,0.0,0.0,0.0,0.0,0.0,0.0,0.0,715.1523774531183,6.57389296199013,1762.1560379690145,7.474860685553962,True
5000183275,Weybridge town,44282021,1217222,45499245.0,13.509110875233832,0.0,0,118083.0,18342.0,781,137,25.224071702944943,6.908501393122457,1976.0,4.0,0.0,3.0211480362537766,331,59,16.314199395770395,9.806629282876717,58.540630182421225,16.401467922858405,11.395646606914212,6.706873271416212,9.73111395646607,4.339686668538451,3.2085561497326207,1.945769775814396,,,,,,,,,,,,3.0,3.0,0.0090634441087613,,,,,,,,,,,,,,,,,,,,,,,,,,,,,,,,,False
5000583500,Wheelock town,102314218,831858,103146091.0,1.4913659379921296,0.0,0,64792.0,19502.0,717,143,29.42817294281729,9.560482685574977,1989.0,7.0,2.4734982332155475,2.186150853399017,283,61,2.120141342756184,2.863555693510648,34.8747591522158,13.612937557325008,8.708272859216255,5.3833547822142895,12.86127167630058,6.6847658774728185,19.45137157107232,8.527949069189948,,,,,,,,,,,,,,,,,,,,,,,,,,,,,,,,,,,,,,,,,,,,,,,False
5000183800,Whiting town,35227609,271962,35499583.0,6.444239541308552,0.0111359276545001,0,91250.0,37709.0,532,150,12.969924812030076,5.101202599234476,1975.0,14.0,17.050691244239633,19.678313879203277,217,70,34.56221198156682,28.96021997948065,25.916230366492147,12.658518849892484,11.462450592885377,9.094506201522682,16.541353383458645,12.525959302219864,11.210762331838566,6.83552661925532,,,,,,,,,,,1.0,,,,,,,,,,,,,,,,,,,,,,,,,,,,,,,,,,,,False
5002583950,Whitingham town,95204651,6042643,101247305.0,1.29232653436387,6.539354816755773,1,70625.0,10782.0,1368,238,31.140350877192983,8.007269433432354,1974.0,4.0,1.9677996422182469,1.9931407067931115,559,90,14.8479427549195,8.397538158699165,32.82442748091603,10.01820540778976,15.480557593543654,15.570261673781111,12.280701754385964,4.722290164686691,8.387799564270153,5.932212856012844,7.0,178496.23630927328,178496.23630927328,0.0,0.0,7.0,0.0,0.0,130.47970490443953,319.31348176971966,8.0,6.0,6.0,0.0107334525939177,247339.17778706443,0.0,0.0,0.0,0.0,0.0,0.0,0.0,0.0,0.0,247339.17778706443,1.0,2.0,247339.17778706443,0.0,0.0,123669.5888935322,247339.17778706443,1.0,0.0,0.0,0.0,0.0,0.0,0.0,0.0,0.0,0.0,180.80349253440383,5.202926392419159,442.4672232326734,6.094623894244412,True
5001784175,Williamstown town,104014501,519077,104533593.0,1.0847552982130704,3.474019563349783e-05,0,94418.0,10435.0,3579,16,17.015926236378874,3.93651696675722,1986.0,5.0,7.223476297968396,4.995795017090502,1329,100,9.330323551542511,6.284633630528918,17.64937106918239,6.127440037804996,8.17142857142857,3.802936557237798,18.99972059234423,5.011941080816669,16.431593794076164,7.380832850624233,7.0,634570.7455302253,19244.31072860086,578815.1600587277,36511.274742896734,2.0,4.0,1.0,177.3039244286743,477.4798687210123,12.0,7.0,9.0,0.0067720090293453,0.0,0.0,0.0,0.0,0.0,0.0,103537.31585365171,0.0,0.0,0.0,103537.31585365171,0.0,0.0,0.0,0.0,103537.31585365171,,,0.0,0.0,0.0,0.0,0.0,0.0,1.0,0.0,0.0,0.0,28.929118707362875,3.398831876304558,77.90618198167925,4.368259576895,True
5000784475,Williston town,78942802,1391505,80334331.0,6.71783132703873,9.621094863747365,1,106967.0,11875.0,10144,24,20.95820189274448,3.5453109711491857,1993.0,2.0,4.433386111739425,2.4603730483777437,4421,292,24.949106536982583,6.785354927422746,54.85405683425485,8.311037700133884,4.276380914670362,3.068716085497223,12.078205637157602,2.992709529087373,6.601005867560771,3.9868227990625615,3.0,32465.741167374534,32465.741167374534,0.0,0.0,3.0,0.0,0.0,3.2004871024620005,7.343528877488019,9.0,11.0,10.0,0.0022619316896629,0.0,0.0,0.0,0.0,0.0,0.0,159286.85514517495,0.0,0.0,0.0,159286.85514517495,0.0,0.0,159286.85514517495,0.0,0.0,,,0.0,0.0,0.0,0.0,0.0,0.0,1.0,0.0,0.0,0.0,15.70256852771835,2.8155625116510694,36.02959853996267,3.611717553385863,True
5002584700,Wilmington town,104766008,5204751,109970750.0,3.029127204471748,6.837965568151594,1,70000.0,22642.0,1747,201,32.62736119061248,8.84551344922304,1975.0,3.0,1.4763779527559056,1.7837981924789037,1016,143,25.984251968503933,11.148441932699964,46.82230869001297,12.7728579131243,6.067544361763022,4.349462402409389,13.680595306239267,5.499944176611483,3.1395348837209305,3.261630347931769,24.0,2496659.8037715605,2480610.9199871435,0.0,16048.883784417234,20.0,0.0,4.0,1429.1126524164629,2457.342326546812,36.0,25.0,40.0,0.0393700787401574,244438.0310442887,0.0,0.0,0.0,0.0,0.0,0.0,0.0,0.0,142338.58006016514,386776.61110445386,3.0,4.0,386776.61110445386,0.0,0.0,96694.15277611346,128925.53703481796,0.6319876228975883,0.0,0.0,0.0,0.0,0.0,0.0,0.0,0.0,0.3680123771024118,221.3947401857206,5.404453911852694,380.6856408508404,5.944597340104199,True
5002584850,Windham town,67581474,211573,67793053.0,1.3204505928724382,2.157417193371403,1,94500.0,11966.0,594,151,23.232323232323232,8.113470562792475,1982.0,4.0,7.6923076923076925,8.304478883454463,234,53,17.094017094017094,10.962854610121717,48.08988764044943,16.520257853681954,9.932659932659933,9.435046215721702,12.289562289562287,6.818433551963256,3.225806451612903,3.026254687489043,,,,,,,,,,,1.0,2.0,1.0,0.0042735042735042,,,,,,,,,,,,,,,,,,,,,,,,,,,,,,,,,False
5002784925,Windsor town,50267366,720121,50987490.0,2.6883947272903232,7.77056863899165,1,52484.0,10799.0,3554,15,29.74113674732696,6.865728639768874,1945.0,7.0,12.960893854748605,7.765006672895051,1790,128,42.17877094972067,9.275054329604089,39.74729241877256,8.740505501144101,7.790697674418605,4.825734979749847,22.3546511627907,6.507567398935314,2.0333680917622523,2.4025352279080905,2.0,37009.56593527175,37009.56593527175,0.0,0.0,2.0,0.0,0.0,10.413496323936902,20.67573515936969,73.0,55.0,54.0,0.0301675977653631,276840.1247071676,0.0,0.0,0.0,348820.98182394466,0.0,0.0,0.0,0.0,0.0,625661.1065311122,2.0,2.0,276840.1247071677,0.0,348820.98182394466,312830.5532655561,312830.5532655561,0.4424761613232885,0.0,0.0,0.0,0.5575238386767115,0.0,0.0,0.0,0.0,0.0,176.04420555180425,5.176399450272019,349.531344430789,5.859450130238814,True
5000385075,Winhall town,114093319,1229559,115322892.0,3.0562024939798467,1.6510763777140156,1,95500.0,23228.0,752,157,20.611702127659576,8.09336270291296,1982.0,2.0,0.0,3.546099290780142,282,61,19.50354609929078,13.782162453729256,67.41154562383612,23.420826582859945,5.319148936170213,5.564075568517509,12.5,7.676156494369963,4.318734793187348,2.451450984444501,1.0,122689.8420322753,122689.8420322753,0.0,0.0,1.0,0.0,0.0,163.15138568121714,435.0703618165791,2.0,7.0,12.0,0.0425531914893617,,,,,,,,,,,,,,,,,,,,,,,,,,,,,,,,,False
5000785150,Winooski city,3576484,236698,3813185.0,20.13947535047389,19.087063391559177,1,79522.0,11330.0,8293,32,10.900759676835886,2.659167437801964,1974.0,5.0,13.432471964895171,4.539922755860569,4102,257,64.79765967820576,10.203679616906186,59.09410112359551,7.717884892880914,13.784705309303458,3.739655774542152,12.68746976294146,2.9007312399298595,0.141643059490085,0.2362392654572974,1.0,22769.051112330184,22769.051112330184,0.0,0.0,1.0,0.0,0.0,2.7455747151007097,5.550719432552459,2.0,5.0,3.0,0.000731350560702,49594.43606812369,0.0,0.0,0.0,0.0,0.0,0.0,0.0,0.0,0.0,49594.43606812369,1.0,1.0,49594.43606812369,0.0,0.0,49594.43606812369,49594.43606812369,1.0,0.0,0.0,0.0,0.0,0.0,0.0,0.0,0.0,0.0,5.980276868217013,1.9430885819212784,12.090306208708846,2.5718719722157277,True
5001585375,Wolcott town,100873610,925897,101799523.0,4.763659584023816,5.644059727552504,1,70259.0,9723.0,1507,195,11.08161911081619,3.1440586092976286,1983.0,6.0,10.465116279069768,5.976457866895509,688,91,20.49418604651163,8.441266407246914,31.07074569789675,7.946907533917727,9.25050641458474,4.093954526804136,13.914780292942744,4.640075421317357,10.714285714285714,3.554642270651541,12.0,194814.82021645515,54926.28113627977,117680.58342837618,22207.955651799195,4.0,7.0,1.0,129.27327154376584,283.1610758960104,13.0,7.0,10.0,0.0145348837209302,1156028.643608994,0.0,0.0,0.0,88798.0626537167,0.0,0.0,0.0,0.0,0.0,1244826.7062627105,5.0,7.0,0.0,726405.8009801197,518420.9052825908,177832.38660895865,248965.3412525421,0.9286663258371832,0.0,0.0,0.0,0.0713336741628168,0.0,0.0,0.0,0.0,0.0,826.0296657350435,6.717840565885818,1809.341142823707,7.501270583198551,True
5002385525,Woodbury town,97701026,4098049,101799109.0,1.0845790434006748,1.033635342628599,1,84545.0,16348.0,659,213,35.81183611532625,14.23213267701071,1970.0,7.0,0.6802721088435374,1.0321174834757694,294,67,5.1020408163265305,4.572081911406068,48.91518737672584,18.199036178584784,3.338391502276176,2.518982327394619,9.104704097116842,6.930762616563971,12.857142857142856,6.4510204081632665,5.0,142188.27471579926,0.0,142188.27471579926,0.0,0.0,5.0,0.0,215.7636945611521,483.63358746870495,9.0,7.0,8.0,0.0272108843537414,192055.04260935183,0.0,0.0,0.0,0.0,0.0,0.0,0.0,0.0,0.0,192055.04260935183,1.0,1.0,192055.04260935183,0.0,0.0,192055.04260935183,192055.04260935183,1.0,0.0,0.0,0.0,0.0,0.0,0.0,0.0,0.0,0.0,291.434055552886,5.6782391901527465,653.2484442494962,6.483487163493017,True
5000385675,Woodford town,122653079,436450,123089578.0,2.666035363496465,0.5952909737614513,1,81250.0,20487.0,282,62,35.1063829787234,13.47404298872778,1974.0,6.0,4.098360655737705,4.176909713079697,122,24,4.098360655737705,4.983679482029215,31.9838056680162,13.76959298379687,6.382978723404255,5.844735297076901,17.375886524822697,11.846618162411431,10.163934426229508,6.1233725198235165,,,,,,,,,,,,,,,509732.82335409336,0.0,0.0,0.0,0.0,0.0,0.0,0.0,0.0,0.0,509732.82335409336,2.0,2.0,509732.82335409336,0.0,0.0,254866.41167704668,254866.41167704668,1.0,0.0,0.0,0.0,0.0,0.0,0.0,0.0,0.0,0.0,1807.5632033833097,7.500287998740188,4178.137896345028,8.337860259353866,True
5002785975,Woodstock town,114095175,734946,114830093.0,4.958264425556256,3.4886418932201844,1,120938.0,29034.0,3027,21,32.67261314833168,5.652351776114597,1958.0,17.0,6.83321087435709,3.8590056359940847,1361,108,30.639235855988247,9.287873781613468,52.92181069958848,8.54687286277563,8.862034239677746,3.223348701067135,14.434373950990263,4.864973872330829,1.8786902844873856,1.2453296033508536,46.0,5309897.918874029,3282788.987124552,2027108.9317494768,0.0,21.0,25.0,0.0,1754.1783676491673,3901.467978599581,60.0,71.0,71.0,0.0521675238795003,0.0,120028.3893597476,0.0,0.0,0.0,0.0,0.0,0.0,0.0,120028.3893597476,240056.77871949525,1.0,1.0,0.0,240056.77871949525,0.0,240056.77871949525,240056.77871949525,0.0,0.5,0.0,0.0,0.0,0.0,0.0,0.0,0.0,0.5,79.30517962322274,4.385834122274986,176.38264417303105,5.178309230664526,True
5002386125,Worcester town,99860093,445145,100305275.0,2.7453449071039917,1.3203072277269274,1,73833.0,18237.0,831,131,19.494584837545126,5.032882658642615,1976.0,4.0,2.722772277227723,2.2716963028382624,404,66,14.108910891089108,8.011971834758604,53.03514376996805,12.311133622296415,5.896510228640193,3.6114453883694906,17.56919374247894,7.3304065312352895,7.377049180327869,4.232766462630562,1.0,0.0,0.0,0.0,0.0,1.0,0.0,0.0,0.0,0.0,3.0,,1.0,0.0024752475247524,,,,,,,,,,,,,,,,,,,,,,,,,,,,,,,,,False
